1,1049,521.99,3,211.17,9,1053,226.98,3,190.76,9,1082,88.32,3,295.8,9,1090,348.5,3,129.29,9,1097,552.51,3,204.76,9,1123,516.81,3,254.27,9,1130,367.88,3,171.59,9,602,350.76,3,36.07,8,622,301.49,3,25.68,8,968,322.06,3,156.73,9,
2,1049,499.04,3,185.05,9,1053,229.34,3,187.93,9,1082,113.33,3,276.8,9,1090,339.95,3,131.96,9,1097,532.16,3,183.62,9,1123,531.37,3,273.18,9,1130,356.51,3,169.58,9,602,363.22,3,49.17,8,622,296.48,3,45.79,8,968,322.58,3,155.43,9,
3,1049,472.44,3,159.75,9,1053,231.39,3,185.5,9,1082,137.94,3,260.17,9,1090,335.28,3,134.17,9,1097,510.49,3,161.02,9,1123,542.65,3,287.59,9,1130,344.69,3,168.3,9,602,377.35,3,64.03,8,622,291.12,3,67.51,8,968,322.74,3,155.04,9,
4,1049,445.52,3,140.0,9,1053,233.31,3,183.25,9,1082,162.96,3,245.95,9,1090,329.92,3,139.04,9,1097,487.46,3,136.92,9,1123,550.5,3,297.51,9,1130,333.99,3,167.85,9,602,393.78,3,81.24,8,622,288.63,3,91.52,8,968,322.85,3,154.75,9,
5,1049,419.19,3,127.42,9,1053,235.39,3,180.81,9,1082,187.93,3,233.8,9,1090,323.8,3,146.89,9,1097,462.57,3,110.74,9,1130,327.79,3,167.9,9,602,412.14,3,100.11,8,622,288.18,3,116.86,8,968,322.89,3,154.68,9,
6,1049,394.71,3,122.16,9,1053,237.48,3,178.39,9,1082,213.2,3,221.39,9,1090,318.2,3,157.83,9,1097,436.77,3,83.44,9,1130,325.3,3,167.99,9,602,432.88,3,121.0,8,622,289.91,3,141.74,8,968,322.89,3,154.67,9,
7,1049,374.93,3,123.37,9,1053,239.32,3,176.29,9,1082,237.34,3,207.37,9,1090,313.06,3,170.8,9,1097,415.02,3,60.26,9,1130,323.25,3,168.68,9,602,454.1,3,142.37,8,622,293.72,3,166.5,8,968,322.89,3,154.67,9,
8,1049,359.33,3,126.8,9,1053,241.65,3,173.63,9,1082,261.38,3,192.13,9,1090,306.6,3,184.83,9,1097,397.59,3,41.57,9,1130,323.09,3,170.47,9,602,475.8,3,164.22,8,622,299.59,3,191.43,8,968,322.89,3,154.67,9,
9,1049,346.73,3,129.8,9,1053,243.75,3,171.25,9,1082,280.71,3,178.74,9,1090,300.03,3,200.61,9,1097,383.9,3,26.8,9,1123,548.04,3,296.83,9,1130,325.27,3,171.2,9,602,497.2,3,185.77,8,622,307.34,3,216.27,8,968,322.89,3,154.67,9,
10,1049,338.36,3,132.52,9,1053,245.56,3,169.22,9,1082,296.05,3,166.78,9,1090,294.44,3,218.46,9,1097,373.95,3,16.04,9,1123,542.97,3,290.45,9,1130,329.66,3,171.06,9,602,514.15,3,202.83,8,622,316.98,3,241.37,8,968,322.89,3,154.67,9,
11,1049,334.05,3,135.08,9,1053,247.56,3,167.0,9,1082,307.62,3,158.23,9,1090,290.49,3,238.37,9,1097,368.17,3,9.79,9,1123,536.2,3,281.88,9,1130,336.32,3,171.08,9,602,526.64,3,215.39,8,968,322.89,3,154.67,9,
12,1049,333.55,3,135.45,9,1053,250.04,3,164.25,9,1082,314.62,3,151.78,9,1090,289.43,3,260.13,9,1097,361.15,3,2.57,9,1123,527.93,3,271.3,9,1130,344.62,3,171.46,9,602,535.22,3,224.02,8,968,322.89,3,154.67,9,
13,1049,333.51,3,135.48,9,1053,251.77,3,162.35,9,1082,318.36,3,148.76,9,1090,290.71,3,283.39,9,1097,355.47,3,6.06,9,1123,517.98,3,258.45,9,1130,354.32,3,172.42,9,602,540.59,3,229.69,8,968,322.89,3,154.67,9,
14,1049,332.0,3,136.74,9,1053,253.63,3,160.32,9,1082,321.18,3,148.97,9,1097,352.39,3,14.06,9,1123,506.68,3,243.64,9,1124,648.75,3,299.76,9,1130,366.13,3,174.31,9,602,540.65,3,230.64,8,968,322.89,3,154.67,9,
15,1049,329.35,3,139.68,9,1053,255.7,3,158.09,9,1082,319.78,3,153.86,9,1097,349.0,3,23.98,9,1123,493.71,3,226.34,9,1124,646.45,3,298.98,9,1126,594.99,3,299.01,9,1130,377.34,3,176.83,9,602,539.11,3,230.49,8,968,322.92,3,154.59,9,
16,1049,325.7,3,144.2,9,1053,257.99,3,155.62,9,1082,317.33,3,160.03,9,1097,345.27,3,35.92,9,1123,480.05,3,207.7,9,1124,645.25,3,298.64,9,1126,585.71,3,288.22,9,1130,389.0,3,180.16,9,602,537.35,3,230.67,8,968,323.06,3,154.2,9,
17,1049,321.48,3,150.63,9,1053,260.42,3,153.03,9,1082,313.99,3,168.62,9,1097,341.43,3,49.68,9,1123,465.81,3,187.76,9,1124,642.98,3,297.27,9,1126,575.44,3,276.0,9,1130,400.55,3,184.13,9,602,535.44,3,231.47,8,968,323.8,3,152.16,9,
18,1049,317.7,3,159.1,9,1053,261.94,3,151.43,9,1082,309.57,3,178.35,9,1097,337.81,3,65.47,9,1123,450.41,3,165.46,9,1124,639.3,3,293.91,9,1126,563.48,3,261.68,9,1130,412.11,3,188.73,9,602,533.61,3,233.08,8,968,325.23,3,148.28,9,
19,1049,313.6,3,169.53,9,1053,264.21,3,149.05,9,1082,304.61,3,189.38,9,1097,334.57,3,83.79,9,1123,434.29,3,141.16,9,1124,634.49,3,289.03,9,1126,550.34,3,245.79,9,1130,423.54,3,193.86,9,602,532.51,3,234.68,8,968,327.15,3,142.75,9,
20,1049,308.68,3,180.27,9,1053,266.72,3,146.44,9,1082,299.25,3,202.66,9,1097,332.43,3,100.82,9,1123,419.22,3,117.25,9,1124,627.43,3,281.8,9,1126,536.26,3,228.55,9,1130,434.42,3,199.23,9,602,531.94,3,235.83,8,968,329.55,3,135.74,9,
21,1049,303.24,3,192.63,9,1053,268.69,3,144.4,9,1082,294.49,3,218.28,9,1097,331.4,3,113.73,9,1123,404.8,3,92.99,9,1124,618.97,3,273.14,9,1126,520.65,3,209.61,9,1130,443.84,3,204.23,9,1148,557.41,3,244.23,8,602,531.2,3,237.51,8,968,332.16,3,126.16,9,
22,1049,297.75,3,206.67,9,1053,270.54,3,142.51,9,1082,290.74,3,236.14,9,1097,329.8,3,122.06,9,1123,391.29,3,68.95,9,1124,609.1,3,263.03,9,1126,502.23,3,188.36,9,1130,448.78,3,206.98,9,1148,549.02,3,236.29,8,602,530.38,3,239.99,8,968,334.55,3,114.42,9,
23,1049,293.28,3,223.14,9,1053,272.57,3,140.45,9,1082,289.5,3,256.02,9,1097,328.84,3,126.62,9,1123,378.32,3,44.64,9,1124,596.98,3,250.62,9,1126,479.66,3,166.35,9,1130,454.87,3,211.34,9,1148,538.49,3,226.43,8,602,529.55,3,243.37,8,968,335.7,3,99.99,9,
24,1049,290.16,3,241.92,9,1053,274.28,3,138.72,9,1082,290.13,3,277.5,9,1097,327.04,3,133.36,9,1123,366.4,3,20.13,9,1124,582.41,3,235.66,9,1126,455.19,3,146.83,9,1130,458.63,3,217.47,9,1148,527.29,3,216.08,8,602,528.85,3,247.87,8,968,337.71,3,83.99,9,
25,1049,289.42,3,262.74,9,1053,276.9,3,136.11,9,1097,324.1,3,141.99,9,1123,356.19,3,3.91,9,1124,566.23,3,218.98,9,1126,430.94,3,131.91,9,1130,462.25,3,225.77,9,1148,516.72,3,206.46,8,968,340.91,3,65.65,9,
26,1049,290.91,3,285.26,9,1053,279.48,3,133.56,9,1097,320.19,3,152.77,9,1123,347.77,3,27.77,9,1124,548.47,3,200.57,9,1126,407.28,3,123.95,9,1130,469.24,3,236.32,9,1148,506.52,3,197.35,8,968,345.73,3,45.12,9,
27,1053,281.06,3,132.02,9,1097,315.37,3,165.17,9,1123,340.94,3,51.58,9,1124,529.42,3,180.76,9,1126,384.7,3,122.14,9,1130,478.19,3,246.83,9,1148,495.53,3,187.75,8,968,352.61,3,22.24,9,
28,1053,282.81,3,130.31,9,1097,309.13,3,179.29,9,1123,336.02,3,74.88,9,1124,510.14,3,160.66,9,1126,366.84,3,125.11,9,1130,489.57,3,255.6,9,1148,484.86,3,178.7,8,968,361.99,3,4.0,9,
29,1053,284.99,3,128.21,9,1097,302.22,3,195.11,9,1123,333.14,3,94.37,9,1124,491.38,3,141.03,9,1126,352.63,3,128.23,9,1130,501.2,3,262.94,9,1148,474.33,3,170.07,8,968,374.54,3,31.45,9,
30,1053,286.84,3,126.45,9,1097,295.95,3,212.75,9,1123,331.67,3,109.55,9,1124,472.33,3,121.03,9,1126,342.33,3,131.16,9,1130,512.87,3,270.61,9,1148,464.0,3,161.95,8,968,389.41,3,60.6,9,
31,1053,288.65,3,124.74,9,1097,291.27,3,232.59,9,1123,330.21,3,120.19,9,1124,453.54,3,101.21,9,1126,335.89,3,133.73,9,1130,524.38,3,278.46,9,1148,453.4,3,154.05,8,1166,563.17,3,249.71,8,968,405.71,3,90.09,9,
32,1053,290.39,3,123.11,9,1097,289.52,3,254.81,9,1123,328.89,3,126.35,9,1124,434.69,3,81.23,9,1126,329.02,3,140.05,9,1130,535.42,3,286.22,9,1148,443.33,3,147.01,8,1166,552.01,3,239.12,8,1187,312.17,3,38.72,8,968,422.95,3,119.28,9,
33,1053,292.76,3,120.91,9,1097,290.26,3,278.88,9,1123,325.66,3,134.41,9,1124,415.4,3,60.67,9,1126,322.44,3,148.92,9,1130,546.55,3,294.26,9,1148,433.53,3,140.72,8,1166,539.07,3,226.97,8,1187,312.83,3,36.46,8,968,441.7,3,148.85,9,
34,1053,294.54,3,119.27,9,1123,318.03,3,142.2,9,1124,397.77,3,41.75,9,1126,316.99,3,160.93,9,1148,423.62,3,134.97,8,1166,525.81,3,214.72,8,1187,313.94,3,32.79,8,968,462.03,3,179.09,9,
35,1053,297.22,3,116.84,9,1123,308.03,3,149.34,9,1124,384.3,3,27.24,9,1126,311.28,3,174.75,9,1148,413.73,3,129.8,8,1166,512.05,3,202.26,8,1187,315.51,3,27.84,8,968,483.03,3,208.81,9,
36,1053,299.47,3,114.83,9,1123,296.4,3,157.96,9,1124,375.05,3,17.23,9,1126,304.48,3,189.68,9,1148,404.1,3,125.29,8,1166,498.73,3,190.52,8,1187,317.95,3,20.91,8,968,503.36,3,236.47,9,
37,1053,301.58,3,112.98,9,1123,283.44,3,168.01,9,1124,369.09,3,10.77,9,1126,297.63,3,207.01,9,1148,396.7,3,122.39,8,1166,485.4,3,179.15,8,1187,321.42,3,12.91,8,968,520.91,3,259.63,9,
38,1053,304.21,3,110.69,9,1123,268.73,3,179.88,9,1124,364.47,3,5.88,9,1126,292.51,3,226.54,9,1148,392.97,3,121.12,8,1166,472.22,3,168.38,8,1187,325.84,3,10.32,8,968,535.51,3,278.49,9,
39,1053,306.76,3,108.52,9,1123,251.95,3,192.14,9,1124,358.78,3,1.43,9,1126,289.73,3,248.89,9,1148,389.47,3,120.33,8,1166,458.44,3,157.74,8,1187,331.41,3,19.57,8,968,546.84,3,292.9,9,
40,1053,308.69,3,106.9,9,1123,232.07,3,204.59,9,1124,355.27,3,6.48,9,1126,289.82,3,273.59,9,1148,389.28,3,123.4,8,1166,444.66,3,147.92,8,1175,141.38,3,299.58,9,1187,338.4,3,34.07,8,
41,1053,311.26,3,104.79,9,1123,210.49,3,217.42,9,1124,353.38,3,11.3,9,1126,292.58,3,298.27,9,1148,392.6,3,128.39,8,1166,431.39,3,139.42,8,1175,148.29,3,275.71,9,1187,347.11,3,51.52,8,
42,1053,313.69,3,102.82,9,1123,186.47,3,229.31,9,1124,351.2,3,17.44,9,1148,397.26,3,134.98,8,1166,418.64,3,132.35,8,1175,159.09,3,250.67,9,1187,354.84,3,70.7,8,
43,1053,315.52,3,101.36,9,1123,162.35,3,241.54,9,1124,348.65,3,25.06,9,1148,403.61,3,143.84,8,1166,406.69,3,126.43,8,1175,172.83,3,225.7,9,1187,367.43,3,92.7,8,
44,1053,317.59,3,99.75,9,1123,138.56,3,254.91,9,1124,345.57,3,34.88,9,1148,411.6,3,154.75,8,1166,398.71,3,123.13,8,1175,188.35,3,201.53,9,1187,381.08,3,114.75,8,1204,385.02,3,75.69,9,
45,1053,320.16,3,97.79,9,1123,114.68,3,270.82,9,1124,342.25,3,46.57,9,1148,421.9,3,167.62,8,1166,394.11,3,121.49,8,1175,206.12,3,176.58,9,1187,396.31,3,136.82,8,1204,383.03,3,75.6,9,
46,1053,322.9,3,95.75,9,1123,90.11,3,289.26,9,1124,338.82,3,60.7,9,1148,434.17,3,182.71,8,1166,388.91,3,120.64,8,1175,224.61,3,152.57,9,1187,412.72,3,158.87,8,1204,381.18,3,75.58,9,
47,1053,325.65,3,93.77,9,1124,335.66,3,76.96,9,1148,446.56,3,197.79,8,1166,388.64,3,126.04,8,1175,244.1,3,128.6,9,1187,430.58,3,180.85,8,1204,379.33,3,75.6,9,
48,1053,327.3,3,92.61,9,1124,333.01,3,95.54,9,1148,459.93,3,214.23,8,1166,391.99,3,134.01,8,1175,264.94,3,103.92,9,1187,448.68,3,202.85,8,1204,377.04,3,75.71,9,1205,432.22,3,248.65,8,
49,1053,329.69,3,90.97,9,1124,331.67,3,109.61,9,1148,474.1,3,231.4,8,1166,399.54,3,144.43,8,1175,286.52,3,79.1,9,1187,466.83,3,224.91,8,1204,374.46,3,75.92,9,1205,427.98,3,240.95,8,981,292.72,3,269.29,9,
50,1053,332.03,3,89.41,9,1124,330.43,3,119.2,9,1148,489.32,3,249.58,8,1166,408.74,3,156.69,8,1175,306.57,3,56.53,9,1187,485.31,3,246.97,8,1204,372.61,3,76.15,9,1205,423.05,3,231.81,8,981,293.75,3,238.16,9,
51,1053,334.31,3,87.95,9,1124,329.03,3,125.68,9,1166,419.99,3,170.53,8,1175,322.86,3,38.47,9,1204,369.82,3,76.58,9,1205,417.55,3,221.26,8,981,300.92,3,207.4,9,
52,1053,336.29,3,86.73,9,1124,326.11,3,133.77,9,1166,433.26,3,186.62,8,1175,335.4,3,24.71,9,1204,367.3,3,77.07,9,1205,406.63,3,215.3,8,1215,556.51,3,245.4,8,981,313.3,3,177.92,9,
53,1053,338.46,3,85.42,9,1123,81.45,3,235.82,8,1124,318.64,3,141.76,9,1166,448.43,3,204.99,8,1175,344.18,3,15.17,9,1204,365.41,3,77.5,9,1205,393.29,3,210.77,8,1215,558.79,3,247.69,8,
54,1053,340.88,3,84.03,9,1123,105.5,3,213.93,8,1124,310.64,3,147.52,9,1166,464.86,3,224.84,8,1175,349.75,3,9.16,9,1204,363.52,3,77.99,9,1205,380.11,3,207.14,8,
55,1053,342.59,3,83.09,9,1123,129.26,3,192.96,8,1124,300.95,3,154.48,9,1166,483.63,3,247.16,8,1175,354.81,3,4.14,9,1204,361.62,3,78.52,9,1205,366.57,3,204.34,8,
56,1053,344.85,3,81.9,9,1123,153.14,3,172.69,8,1124,290.18,3,162.89,9,1175,354.14,3,9.2,9,1204,358.74,3,79.44,9,1205,353.22,3,202.56,8,
57,1053,346.66,3,80.98,9,1123,176.85,3,153.64,8,1124,277.45,3,172.71,9,1175,350.95,3,18.17,9,1186,330.82,3,246.25,8,1204,356.77,3,80.14,9,1205,339.81,3,201.77,8,
58,1053,349.39,3,79.68,9,1123,201.52,3,135.58,8,1124,262.61,3,184.28,9,1175,347.39,3,28.98,9,1186,321.14,3,220.59,8,1204,354.04,3,81.18,9,1205,330.75,3,205.85,8,
59,1053,352.2,3,78.44,9,1123,225.26,3,120.52,8,1124,245.71,3,196.01,9,1175,343.73,3,41.2,9,1186,312.99,3,193.94,8,1204,351.53,3,82.24,9,1205,334.97,3,220.08,8,
60,1053,354.64,3,77.45,9,1123,249.94,3,108.43,8,1124,225.86,3,208.39,9,1175,340.12,3,54.86,9,1186,307.0,3,167.52,8,1204,348.98,3,83.39,9,1205,338.7,3,231.38,8,
61,1053,356.46,3,76.76,9,1123,274.44,3,100.28,8,1124,205.55,3,219.88,9,1175,336.87,3,70.27,9,1186,303.13,3,140.54,8,1204,346.97,3,84.35,9,1205,341.32,3,238.63,8,
62,1053,358.61,3,76.01,9,1123,298.58,3,97.52,8,1124,185.9,3,229.59,9,1175,334.09,3,87.08,9,1186,301.65,3,113.64,8,1204,344.93,3,85.37,9,1205,345.32,3,246.54,8,1230,529.68,3,242.76,8,
63,1053,361.17,3,75.2,9,1123,323.07,3,99.67,8,1124,166.15,3,239.61,9,1175,332.23,3,102.97,9,1186,302.55,3,86.96,8,1204,343.16,3,86.31,9,1230,529.54,3,243.43,8,
64,1053,364.01,3,74.43,9,1123,347.52,3,105.31,8,1124,145.34,3,250.85,9,1175,331.32,3,114.88,9,1186,305.71,3,60.85,8,1204,340.32,3,87.87,9,1230,529.26,3,244.89,8,
65,1053,366.2,3,73.9,9,1123,371.12,3,115.47,8,1124,125.26,3,263.53,9,1175,329.54,3,123.28,9,1186,313.29,3,34.91,8,1204,338.12,3,89.15,9,1230,528.98,3,246.74,8,
66,1053,368.84,3,73.38,9,1123,395.79,3,129.75,8,1124,104.98,3,277.72,9,1175,328.61,3,127.77,9,1186,322.16,3,11.7,8,1204,336.24,3,90.28,9,1230,529.73,3,248.8,8,
67,1053,371.66,3,72.94,9,1072,294.8,3,291.49,9,1123,419.35,3,145.71,8,1124,85.15,3,293.21,9,1175,326.62,3,134.62,9,1186,332.82,3,22.46,8,1204,334.34,3,91.45,9,
68,1053,374.23,3,72.64,9,1072,292.65,3,258.61,9,1123,443.97,3,164.4,8,1175,323.59,3,143.39,9,1186,345.4,3,48.18,8,1204,332.22,3,92.81,9,1230,532.34,3,248.65,8,
69,1053,376.65,3,72.47,9,1072,295.03,3,230.16,9,1123,467.99,3,184.13,8,1175,319.78,3,153.86,9,1186,359.2,3,74.12,8,1204,329.86,3,94.35,9,1230,532.78,3,246.27,8,
70,1053,378.62,3,72.39,9,1072,301.16,3,206.78,9,1123,489.13,3,202.47,8,1175,315.17,3,165.67,9,1186,374.46,3,100.43,8,1204,327.67,3,95.84,9,1230,533.08,3,244.98,8,
71,1053,381.46,3,72.39,9,1072,308.56,3,188.33,9,1123,505.8,3,217.29,8,1175,309.15,3,179.25,9,1186,391.08,3,126.23,8,1201,532.2,3,249.7,8,1204,325.54,3,97.33,9,1230,534.32,3,244.22,8,
72,1053,383.44,3,72.48,9,1072,315.03,3,174.24,9,1123,517.97,3,228.27,8,1175,302.36,3,194.76,9,1186,410.06,3,152.71,8,1192,546.56,3,294.97,9,1201,532.69,3,246.72,8,1204,323.5,3,98.8,9,1230,541.54,3,249.88,8,1243,387.95,3,62.86,9,
73,1053,386.25,3,72.69,9,1072,319.21,3,164.02,9,1123,525.58,3,235.09,8,1175,296.03,3,212.45,9,1186,431.35,3,179.26,8,1192,537.63,3,283.69,9,1201,533.06,3,245.06,8,1204,321.49,3,100.27,9,1243,386.68,3,60.53,9,
74,1053,388.94,3,72.95,9,1072,321.59,3,157.9,9,1123,530.55,3,238.48,8,1175,291.38,3,232.01,9,1186,452.4,3,205.0,8,1192,526.8,3,269.86,9,1201,534.42,3,244.26,8,1204,319.34,3,101.88,9,1243,384.48,3,56.43,9,
75,1033,541.18,3,247.13,8,1053,391.87,3,71.69,9,1072,325.08,3,150.49,9,1123,534.13,3,239.64,8,1124,79.25,3,237.86,8,1175,289.56,3,253.37,9,1186,473.78,3,231.01,8,1192,514.37,3,253.75,9,1201,539.37,3,247.93,8,1204,316.95,3,103.71,9,1243,381.59,3,50.95,9,
76,1033,535.03,3,242.38,8,1053,389.2,3,65.15,9,1072,330.85,3,142.44,9,1123,535.33,3,238.53,8,1124,99.13,3,219.66,8,1175,290.12,3,277.25,9,1192,500.2,3,235.05,9,1204,315.24,3,105.04,9,1217,323.76,3,228.01,8,1243,378.05,3,44.11,9,
77,1033,531.08,3,240.83,8,1053,384.64,3,56.73,9,1072,339.45,3,135.59,9,1123,536.34,3,236.81,8,1124,119.27,3,201.7,8,1192,484.9,3,214.37,9,1204,313.53,3,106.39,9,1217,315.72,3,203.62,8,1243,373.88,3,35.79,9,
78,1033,529.79,3,242.33,8,1053,379.26,3,46.49,9,1072,351.7,3,131.86,9,1123,537.87,3,235.16,8,1124,138.83,3,184.72,8,1192,469.07,3,192.38,9,1204,311.63,3,107.92,9,1217,309.45,3,179.51,8,1243,369.21,3,26.14,9,
79,1033,529.21,3,245.22,8,1053,374.16,3,36.36,9,1072,366.26,3,128.75,9,1123,539.61,3,234.14,8,1124,158.58,3,168.21,8,1192,452.59,3,168.68,9,1204,309.29,3,109.84,9,1217,305.05,3,155.96,8,1243,363.93,3,14.71,9,
80,1033,528.72,3,249.27,8,1053,368.42,3,24.46,9,1072,382.55,3,125.66,9,1123,541.72,3,233.7,8,1124,178.35,3,152.49,8,1192,435.74,3,143.38,9,1204,306.69,3,112.01,9,1217,302.36,3,131.42,8,1243,357.94,3,1.28,9,
81,1053,361.96,3,10.3,9,1072,400.71,3,125.85,9,1123,543.29,3,233.75,8,1124,197.9,3,138.08,8,1192,418.86,3,116.66,9,1204,304.47,3,113.9,9,1217,301.65,3,107.44,8,1243,351.85,3,15.57,9,1257,458.47,3,202.42,9,
82,1053,355.4,3,5.88,9,1072,420.85,3,130.68,9,1123,544.06,3,233.89,8,1124,217.8,3,124.96,8,1192,401.82,3,87.79,9,1204,302.14,3,115.91,9,1217,302.84,3,83.51,8,1243,345.76,3,34.25,9,1257,458.49,3,200.82,9,
83,1053,349.15,3,23.53,9,1072,442.84,3,140.45,9,1123,542.95,3,232.46,8,1124,237.61,3,113.95,8,1192,386.4,3,60.01,9,1204,300.27,3,117.53,9,1217,305.97,3,59.26,8,1243,340.22,3,54.43,9,1257,458.56,3,197.86,9,
84,1053,343.16,3,43.23,9,1123,540.84,3,230.68,8,1124,257.76,3,105.43,8,1192,372.23,3,32.44,9,1204,297.49,3,120.01,9,1217,312.94,3,36.1,8,1243,335.68,3,76.91,9,1257,458.74,3,193.24,9,
85,1053,338.0,3,64.54,9,1123,539.92,3,230.53,8,1124,278.05,3,99.5,8,1192,359.76,3,5.21,9,1204,295.5,3,121.81,9,1217,320.71,3,14.3,8,1243,333.05,3,95.16,9,1257,459.12,3,187.17,9,
86,1053,334.77,3,82.48,9,1123,538.79,3,230.49,8,1124,297.85,3,97.52,8,1192,349.48,3,22.52,9,1204,293.23,3,123.87,9,1217,330.17,3,17.1,8,1243,331.63,3,110.2,9,1257,459.8,3,180.11,9,
87,1053,332.78,3,97.61,9,1123,537.45,3,230.66,8,1124,317.55,3,98.92,8,1192,342.16,3,46.9,9,1204,291.05,3,125.88,9,1217,340.81,3,39.0,8,1243,330.1,3,120.69,9,1257,460.73,3,173.23,9,
88,1053,331.72,3,108.94,9,1123,535.85,3,231.23,8,1124,338.21,3,102.54,8,1192,337.45,3,67.29,9,1204,288.54,3,128.23,9,1217,353.06,3,62.86,8,1243,328.82,3,126.66,9,1257,461.98,3,166.42,9,
89,1053,331.09,3,116.37,9,1123,534.24,3,232.41,8,1124,358.85,3,109.66,8,1192,334.6,3,83.59,9,1204,285.81,3,130.82,9,1217,366.22,3,86.49,8,1243,326.87,3,133.9,9,1257,463.07,3,161.71,9,
90,1053,329.48,3,123.53,9,1123,532.83,3,234.18,8,1124,378.53,3,119.46,8,1192,332.9,3,96.43,9,1204,283.55,3,132.99,9,1217,380.74,3,110.65,8,1243,323.88,3,142.58,9,1257,463.72,3,158.06,9,
91,1053,328.62,3,127.65,9,1124,398.31,3,131.34,8,1192,331.83,3,107.64,9,1204,281.65,3,134.82,9,1217,396.4,3,133.77,8,1243,320.2,3,152.75,9,1257,462.49,3,153.92,9,
92,1053,326.96,3,133.66,9,1124,417.97,3,144.71,8,1192,331.3,3,115.36,9,1204,279.67,3,136.76,9,1217,413.55,3,157.19,8,1243,315.42,3,165.04,9,1257,457.61,3,148.81,9,
93,1053,324.33,3,141.36,9,1124,438.45,3,160.06,8,1192,329.51,3,123.37,9,1204,277.13,3,139.27,9,1217,432.39,3,180.53,8,1243,309.39,3,178.74,9,1257,452.19,3,144.68,9,
94,1053,321.07,3,150.4,9,1124,459.2,3,176.7,8,1192,328.66,3,127.45,9,1204,275.41,3,140.99,9,1217,452.44,3,205.05,8,1243,302.79,3,193.7,9,1257,445.36,3,139.9,9,
95,1053,316.77,3,161.52,9,1124,478.97,3,193.58,8,1192,327.16,3,132.94,9,1204,273.49,3,142.92,9,1217,471.02,3,227.69,8,1243,296.43,3,211.04,9,1257,436.83,3,134.52,9,
96,1053,311.44,3,174.41,9,1124,498.81,3,211.03,8,1192,324.58,3,140.66,9,1204,271.47,3,144.97,9,1217,489.39,3,249.66,8,1243,291.73,3,230.12,9,1257,426.83,3,130.23,9,
97,1053,304.9,3,188.71,9,1124,518.76,3,228.99,8,1192,321.15,3,150.2,9,1204,268.98,3,147.51,9,1243,289.63,3,251.38,9,1257,415.14,3,126.11,9,
98,1053,298.35,3,205.04,9,1124,538.81,3,247.35,8,1192,316.96,3,161.0,9,1204,267.31,3,149.24,9,1211,476.14,3,244.13,8,1243,289.94,3,275.14,9,1247,540.45,3,246.45,8,1257,401.76,3,122.98,9,
99,1053,293.11,3,223.91,9,1192,311.77,3,173.67,9,1204,265.12,3,151.52,9,1211,468.55,3,232.7,8,1247,537.33,3,244.24,8,1248,326.26,3,234.73,8,1257,387.12,3,121.98,9,
100,1053,289.93,3,245.35,9,1192,305.2,3,188.03,9,1204,262.65,3,154.11,9,1211,457.17,3,218.86,8,1247,537.78,3,245.8,8,1248,317.7,3,210.14,8,1257,371.38,3,124.06,9,
101,1053,289.53,3,268.97,9,1192,298.37,3,204.99,9,1204,260.29,3,156.61,9,1211,444.21,3,203.55,8,1247,541.1,3,249.48,8,1248,310.62,3,184.55,8,1257,356.63,3,127.32,9,
102,1053,292.1,3,294.52,9,1192,293.01,3,224.35,9,1204,257.84,3,159.23,9,1211,429.49,3,186.73,8,1248,305.63,3,159.65,8,1257,344.6,3,130.44,9,
103,1192,289.88,3,246.13,9,1204,255.99,3,161.23,9,1211,413.27,3,168.02,8,1248,302.65,3,135.23,8,1257,336.8,3,133.1,9,
104,1192,289.62,3,270.61,9,1204,253.93,3,163.46,9,1211,396.23,3,147.73,8,1248,301.63,3,110.41,8,1257,328.99,3,140.09,9,
105,1192,292.49,3,297.62,9,1204,251.77,3,165.82,9,1205,332.25,3,249.69,8,1211,379.47,3,125.83,8,1248,302.66,3,85.62,8,1257,321.36,3,150.86,9,
106,1033,430.65,3,245.81,8,1204,250.1,3,167.67,9,1205,321.79,3,222.49,8,1211,363.3,3,101.84,8,1248,305.66,3,61.15,8,1257,315.87,3,163.87,9,
107,1033,424.98,3,235.42,8,1204,248.0,3,170.01,9,1205,312.99,3,193.96,8,1211,347.96,3,75.67,8,1248,312.56,3,37.38,8,1257,309.62,3,178.24,9,
108,1033,418.9,3,223.86,8,1204,245.44,3,172.87,9,1205,306.29,3,163.64,8,1211,336.13,3,53.73,8,1248,320.37,3,15.04,8,1257,302.5,3,194.42,9,
109,1033,409.21,3,216.27,8,1204,243.82,3,174.71,9,1205,302.48,3,133.06,8,1211,327.05,3,35.41,8,1248,329.98,3,16.72,8,1257,295.81,3,213.26,9,
110,1033,397.89,3,212.23,8,1204,241.89,3,176.91,9,1205,301.73,3,102.69,8,1211,320.72,3,21.66,8,1248,341.15,3,39.69,8,1257,290.92,3,234.85,9,
111,1033,386.4,3,208.76,8,1204,239.9,3,179.2,9,1205,303.91,3,73.41,8,1211,317.32,3,12.22,8,1248,353.74,3,64.14,8,1257,289.46,3,257.62,9,
112,1033,375.68,3,206.12,8,1204,237.85,3,181.56,9,1211,318.73,3,8.0,8,1248,367.72,3,89.07,8,1257,290.35,3,279.83,9,
113,1033,364.81,3,204.04,8,1204,236.04,3,183.68,9,1211,323.73,3,8.69,8,1248,382.88,3,113.93,8,
114,1033,353.59,3,202.59,8,1204,234.37,3,185.63,9,1211,331.83,3,16.31,8,1248,400.03,3,138.87,8,
115,1033,342.69,3,201.85,8,1204,232.44,3,187.91,9,1211,340.4,3,25.2,8,1248,418.4,3,163.25,8,1256,532.5,3,247.67,8,
116,1033,332.28,3,201.81,8,1204,230.3,3,190.47,9,1211,350.81,3,36.12,8,1248,438.26,3,187.69,8,1256,532.98,3,245.37,8,
117,1033,332.33,3,211.43,8,1204,227.88,3,193.38,9,1211,363.32,3,49.28,8,1248,458.52,3,212.51,8,1256,533.7,3,242.59,8,
118,1033,336.0,3,223.34,8,1204,226.09,3,195.54,9,1211,377.45,3,64.13,8,1248,478.71,3,236.93,8,1256,534.71,3,239.86,8,
119,1204,224.17,3,197.9,9,1211,393.48,3,80.93,8,1256,535.98,3,237.36,8,
120,1204,221.84,3,200.79,9,1211,412.08,3,100.05,8,1256,537.45,3,235.53,8,
121,1204,219.7,3,203.47,9,1211,432.6,3,120.71,8,1256,539.26,3,234.29,8,
122,1204,217.45,3,206.3,9,1211,454.83,3,143.11,8,1253,548.3,3,297.14,9,1256,541.48,3,233.71,8,1315,289.73,3,249.01,9,
123,1204,215.22,3,209.14,9,1211,477.07,3,165.5,8,1253,541.63,3,288.75,9,1256,543.11,3,233.74,8,1267,328.36,3,240.15,8,1315,289.64,3,251.07,9,
124,1204,213.55,3,211.31,9,1211,497.72,3,186.29,8,1253,533.72,3,278.72,9,1256,543.97,3,233.87,8,1267,318.88,3,213.82,8,1315,289.51,3,255.19,9,
125,1204,211.85,3,213.5,9,1211,514.85,3,203.52,8,1253,524.69,3,267.14,9,1256,543.86,3,232.8,8,1267,310.76,3,185.14,8,1315,289.43,3,261.04,9,
126,1204,209.62,3,216.44,9,1211,527.5,3,216.26,8,1253,514.59,3,254.03,9,1256,539.03,3,227.43,8,1267,305.13,3,156.49,8,1315,289.49,3,268.28,9,
127,1204,207.73,3,218.96,9,1211,536.15,3,224.96,8,1253,503.42,3,239.32,9,1256,532.95,3,221.26,8,1264,461.58,3,229.01,8,1267,302.13,3,127.74,8,1315,290.08,3,276.88,9,
128,1133,473.96,3,243.82,8,1204,205.88,3,221.44,9,1211,540.73,3,229.88,8,1253,491.35,3,223.15,9,1256,525.3,3,213.55,8,1264,438.52,3,201.88,8,1267,301.89,3,98.11,8,1315,291.18,3,287.59,9,
129,1133,450.59,3,215.73,8,1204,204.09,3,223.88,9,1211,540.5,3,230.61,8,1253,477.84,3,204.64,9,1256,515.25,3,203.43,8,1264,414.82,3,175.07,8,1267,304.42,3,69.51,8,
130,1133,426.72,3,188.58,8,1152,294.52,3,289.31,9,1204,202.08,3,226.65,9,1211,539.02,3,230.49,8,1253,462.92,3,183.63,9,1256,503.5,3,191.6,8,1264,391.71,3,148.14,8,1267,311.49,3,41.17,8,
131,1133,403.03,3,161.63,8,1152,292.66,3,266.88,9,1204,200.29,3,229.13,9,1211,537.42,3,230.65,8,1253,447.42,3,161.05,9,1256,489.59,3,177.58,8,1264,370.65,3,121.01,8,1267,320.65,3,14.42,8,
132,1133,381.17,3,134.67,8,1152,293.22,3,244.23,9,1204,198.32,3,231.92,9,1211,535.57,3,231.38,8,1253,431.69,3,137.11,9,1256,473.6,3,161.45,8,1264,352.78,3,93.36,8,1267,331.8,3,20.36,8,
133,1133,360.86,3,106.49,8,1152,296.91,3,221.96,9,1204,196.28,3,234.82,9,1211,533.78,3,232.89,8,1253,415.93,3,111.84,9,1256,455.05,3,142.73,8,1264,336.74,3,65.72,8,1267,345.37,3,48.11,8,
134,1133,343.76,3,78.14,8,1152,303.6,3,200.32,9,1204,195.02,3,236.65,9,1211,532.65,3,234.47,8,1253,400.34,3,85.15,9,1256,434.24,3,121.72,8,1264,322.23,3,38.26,8,1267,360.83,3,77.03,8,
135,1133,328.24,3,49.95,8,1152,310.86,3,183.18,9,1204,193.49,3,238.89,9,1211,531.96,3,235.79,8,1253,385.41,3,58.18,9,1256,413.63,3,100.91,8,1264,310.94,3,16.25,8,1267,377.89,3,106.08,8,
136,1133,316.14,3,25.99,8,1152,316.77,3,170.26,9,1204,191.65,3,241.62,9,1211,531.15,3,237.64,8,1253,371.55,3,31.03,9,1256,393.17,3,79.84,8,1264,298.7,3,17.06,8,1267,396.93,3,134.51,8,
137,1133,304.73,3,12.65,8,1152,320.31,3,161.18,9,1204,190.24,3,243.74,9,1211,530.32,3,240.24,8,1253,359.18,3,3.86,9,1256,373.85,3,59.63,8,1264,292.17,3,33.2,8,1267,418.88,3,163.85,8,
138,1133,295.44,3,23.68,8,1152,322.24,3,156.27,9,1204,188.66,3,246.15,9,1211,529.48,3,243.7,8,1253,349.01,3,23.94,9,1256,358.13,3,43.18,8,1264,287.07,3,53.33,8,1267,442.36,3,192.68,8,
139,1133,289.49,3,42.87,8,1152,324.99,3,148.99,9,1204,187.37,3,248.14,9,1211,528.83,3,248.18,8,1253,341.11,3,50.94,9,1256,346.39,3,30.99,8,1264,283.5,3,74.42,8,1267,465.6,3,221.13,8,
140,1133,285.16,3,63.37,8,1152,328.07,3,140.1,9,1204,185.55,3,250.99,9,1253,336.18,3,74.01,9,1256,338.86,3,23.32,8,1264,281.45,3,96.2,8,1267,489.53,3,249.83,8,
141,1133,282.36,3,84.62,8,1152,331.62,3,128.87,9,1204,184.12,3,253.25,9,1253,333.22,3,93.74,9,1256,334.41,3,18.92,8,1264,280.97,3,118.3,8,
142,1133,281.01,3,106.72,8,1152,334.5,3,115.25,9,1204,182.46,3,255.95,9,1253,331.72,3,108.98,9,1256,330.39,3,15.33,8,1264,282.26,3,140.6,8,943,293.81,3,283.0,9,
143,1133,281.37,3,129.04,8,1152,335.76,3,99.49,9,1204,181.23,3,257.97,9,1253,330.32,3,119.67,9,1256,330.08,3,16.84,8,1264,285.18,3,162.13,8,839,295.28,3,295.09,9,943,292.65,3,259.02,9,
144,1133,283.5,3,151.23,8,1152,338.12,3,81.25,9,1204,180.07,3,259.89,9,1253,328.99,3,125.85,9,1256,332.56,3,21.93,8,1264,289.7,3,183.72,8,839,292.84,3,271.45,9,943,294.18,3,234.92,9,
145,1133,287.11,3,172.33,8,1152,341.82,3,61.27,9,1204,178.35,3,262.82,9,1232,541.96,3,247.87,8,1253,325.86,3,134.12,9,1256,335.8,3,28.68,8,1264,295.78,3,205.49,8,839,293.08,3,246.61,9,943,299.67,3,211.44,9,
146,1133,292.36,3,193.92,8,1152,346.84,3,41.09,9,1204,176.65,3,265.77,9,1232,514.68,3,222.55,8,1253,318.26,3,142.04,9,1256,340.25,3,37.85,8,1264,303.19,3,226.91,8,839,296.77,3,222.52,9,943,306.88,3,192.25,9,
147,1133,298.96,3,215.2,8,1152,351.58,3,25.43,9,1204,175.35,3,268.07,9,1232,488.12,3,198.4,8,1253,307.86,3,149.47,9,1256,345.62,3,48.61,8,1264,312.18,3,249.03,8,839,302.6,3,202.92,9,943,313.58,3,177.34,9,
148,1133,307.02,3,236.75,8,1152,355.33,3,14.3,9,1204,173.68,3,271.1,9,1232,460.81,3,174.25,8,1253,295.64,3,158.54,9,1256,352.01,3,60.89,8,839,309.14,3,187.02,9,943,318.3,3,166.41,9,
149,1152,357.72,3,7.73,9,1204,172.49,3,273.29,9,1232,433.92,3,151.55,8,1253,281.82,3,169.26,9,1256,359.78,3,75.16,8,839,314.49,3,175.4,9,943,321.33,3,158.57,9,
150,1152,358.45,3,2.01,9,1204,170.97,3,276.16,9,1232,406.54,3,130.31,8,1253,266.28,3,181.68,9,1256,368.78,3,90.88,8,839,317.92,3,167.37,9,943,324.86,3,149.35,9,
151,1152,355.41,3,4.22,9,1204,169.91,3,278.22,9,1232,380.17,3,112.4,8,1253,248.3,3,194.38,9,1256,379.78,3,109.16,8,1356,549.13,3,298.2,9,839,320.98,3,159.45,9,943,328.91,3,137.61,9,
152,1152,350.26,3,9.95,9,1204,168.36,3,281.32,9,1232,353.4,3,97.71,8,1253,228.19,3,206.95,9,1256,393.08,3,129.08,8,1356,547.11,3,295.66,9,839,322.76,3,154.97,9,943,332.79,3,123.22,9,
153,1152,343.66,3,17.12,9,1204,167.3,3,283.48,9,1232,325.97,3,88.45,8,1253,205.69,3,219.82,9,1256,409.29,3,151.67,8,1356,543.04,3,290.54,9,839,324.97,3,149.02,9,943,335.08,3,106.79,9,
154,1152,335.62,3,25.9,9,1204,165.88,3,286.47,9,1232,299.21,3,85.79,8,1253,181.13,3,231.92,9,1256,429.2,3,176.62,8,1356,537.96,3,284.11,9,839,327.59,3,141.52,9,943,337.16,3,87.85,9,
155,1152,326.46,3,35.99,9,1204,164.86,3,288.65,9,1232,271.9,3,91.32,8,1253,154.47,3,245.68,9,1256,449.8,3,201.8,8,1356,531.91,3,276.4,9,839,330.56,3,132.54,9,943,340.74,3,66.5,9,
156,1152,316.09,3,47.49,9,1204,163.68,3,291.28,9,1232,244.7,3,102.97,8,1253,127.59,3,261.97,9,1256,471.32,3,228.04,8,1356,524.81,3,267.29,9,839,333.31,3,120.81,9,943,346.18,3,43.49,9,
157,1152,304.44,3,60.53,9,1204,162.52,3,293.93,9,1232,217.68,3,119.0,8,1253,99.54,3,281.9,9,1287,329.69,3,243.47,8,1356,516.3,3,256.26,9,839,335.11,3,106.42,9,943,353.7,3,18.99,9,
158,1152,290.87,3,75.89,9,1204,161.66,3,296.0,9,1232,190.47,3,138.69,8,1287,319.84,3,216.76,8,1356,506.53,3,243.44,9,839,336.9,3,89.75,9,943,362.69,3,5.54,9,
159,1152,275.43,3,93.62,9,1204,160.71,3,298.27,9,1232,163.04,3,160.9,8,1287,311.58,3,188.47,8,1356,495.63,3,228.92,9,839,339.83,3,71.23,9,943,373.46,3,29.2,9,
160,1152,259.71,3,112.04,9,1232,135.98,3,184.23,8,1287,305.38,3,158.1,8,1356,483.93,3,213.05,9,1369,296.12,3,225.26,9,839,344.37,3,50.29,9,943,385.49,3,53.23,9,
161,1042,459.98,3,224.68,8,1152,244.18,3,130.69,9,1232,108.78,3,208.81,8,1287,302.11,3,127.46,8,1356,470.82,3,194.84,9,1369,296.47,3,223.76,9,768,467.71,3,236.37,8,839,349.15,3,33.17,9,943,398.53,3,77.31,9,
162,1042,431.87,3,191.92,8,1152,229.72,3,148.57,9,1232,82.47,3,233.53,8,1287,301.94,3,96.92,8,1356,457.09,3,175.24,9,1369,297.14,3,221.02,9,768,446.32,3,210.63,8,839,353.37,3,20.0,9,943,412.28,3,101.47,9,
163,1042,402.89,3,158.7,8,1152,216.02,3,166.15,9,1211,370.82,3,249.94,8,1253,67.82,3,248.54,8,1287,304.92,3,65.96,8,1356,442.31,3,153.39,9,1369,298.27,3,216.6,9,768,423.87,3,185.35,8,839,356.73,3,10.4,9,943,427.26,3,126.25,9,
164,1042,376.69,3,125.52,8,1152,202.49,3,184.52,9,1211,360.57,3,248.68,8,1253,95.24,3,223.18,8,1287,312.96,3,36.02,8,1356,426.83,3,129.47,9,1369,299.84,3,210.86,9,768,405.63,3,164.61,8,839,358.31,3,5.31,9,943,442.59,3,150.22,9,
165,1042,355.05,3,92.59,8,1152,189.55,3,203.22,9,1211,354.4,3,248.16,8,1253,122.67,3,198.71,8,1287,323.04,3,10.58,8,1356,411.51,3,104.47,9,1369,302.31,3,203.68,9,768,391.5,3,147.86,8,839,357.14,3,1.83,9,943,459.36,3,175.21,9,
166,1042,336.15,3,59.25,8,1152,177.83,3,221.61,9,1211,352.18,3,249.2,8,1253,149.39,3,175.8,8,1287,335.5,3,28.05,8,1356,397.21,3,79.62,9,1369,305.68,3,195.16,9,768,381.71,3,135.37,8,839,350.51,3,9.68,9,943,476.11,3,199.16,9,
167,1042,319.62,3,26.23,8,1152,167.76,3,239.17,9,1253,177.23,3,153.35,8,1287,350.8,3,58.61,8,1354,326.03,3,234.12,8,1356,383.47,3,54.54,9,1369,310.08,3,184.9,9,768,375.5,3,127.33,8,839,341.85,3,19.08,9,943,493.79,3,223.57,9,
168,1042,306.64,3,10.26,8,1152,158.48,3,257.87,9,1232,85.57,3,298.02,9,1253,204.77,3,133.36,8,1287,367.59,3,88.83,8,1354,317.69,3,210.1,8,1356,371.14,3,30.19,9,1369,312.98,3,178.61,9,768,369.34,3,120.72,8,839,331.28,3,30.67,9,943,511.78,3,247.66,9,
169,1042,297.33,3,42.33,8,1152,151.27,3,275.69,9,1232,112.87,3,277.14,9,1253,232.15,3,116.73,8,1287,386.82,3,119.9,8,1354,310.92,3,185.85,8,1356,359.85,3,5.42,9,1369,313.98,3,175.09,9,768,363.31,3,118.82,8,839,319.2,3,44.03,9,943,530.76,3,272.39,9,
170,1042,290.14,3,74.95,8,1152,145.85,3,293.65,9,1232,139.45,3,259.23,9,1253,259.23,3,104.89,8,1287,408.33,3,150.36,8,1354,305.9,3,161.32,8,1356,350.51,3,19.48,9,1369,311.54,3,174.63,9,768,356.77,3,120.43,8,839,305.37,3,59.48,9,943,550.19,3,297.12,9,
171,1042,288.08,3,108.32,8,1232,166.8,3,244.16,9,1253,286.77,3,98.14,8,1287,433.15,3,181.47,8,1354,302.79,3,136.79,8,1356,342.75,3,44.74,9,1369,310.08,3,177.27,9,768,348.94,3,123.21,8,839,289.83,3,77.06,9,
172,1042,289.91,3,141.75,8,1232,193.75,3,230.95,9,1253,313.76,3,98.45,8,1287,458.63,3,212.65,8,1354,301.65,3,112.86,8,1356,337.1,3,69.03,9,1369,307.94,3,181.87,9,768,339.55,3,127.75,8,839,272.35,3,97.2,9,
173,1042,295.51,3,175.06,8,1232,220.98,3,217.3,9,1253,340.86,3,103.24,8,1287,482.78,3,243.97,8,1354,302.49,3,87.68,8,1356,333.73,3,89.71,9,1369,305.08,3,188.31,9,768,330.79,3,133.15,8,839,253.51,3,119.43,9,
174,1042,304.63,3,208.22,8,1232,246.45,3,201.56,9,1253,367.9,3,113.85,8,1354,305.25,3,63.78,8,1356,331.97,3,105.9,9,1369,301.82,3,196.08,9,768,322.22,3,139.53,8,839,234.15,3,143.04,9,
175,1042,317.28,3,242.1,8,1232,269.82,3,186.19,9,1253,395.09,3,129.31,8,1354,311.79,3,40.08,8,1356,330.81,3,117.56,9,1369,298.23,3,205.38,9,768,313.93,3,146.7,8,839,215.11,3,167.36,9,
176,1232,288.22,3,173.02,9,1253,422.64,3,148.1,8,1308,293.8,3,282.87,9,1354,319.56,3,16.86,8,1356,329.24,3,124.66,9,1369,294.93,3,216.54,9,768,306.18,3,154.3,8,839,197.97,3,190.9,9,
177,1232,302.86,3,161.65,9,1253,449.79,3,169.04,8,1308,292.67,3,257.37,9,1354,328.86,3,14.62,8,1356,328.67,3,127.46,9,1369,291.84,3,229.56,9,768,298.73,3,162.46,8,839,182.2,3,214.56,9,
178,1232,313.23,3,153.03,9,1253,477.04,3,191.91,8,1308,294.74,3,231.62,9,1354,339.98,3,37.31,8,1356,328.58,3,127.87,9,1369,289.95,3,244.98,9,768,290.7,3,171.49,8,839,167.91,3,238.89,9,
179,1232,319.67,3,146.6,9,1253,503.88,3,215.56,8,1308,300.78,3,207.8,9,1354,352.22,3,61.29,8,1356,328.54,3,128.06,9,1369,289.43,3,262.99,9,768,282.95,3,180.93,8,839,156.45,3,262.49,9,
180,1232,322.43,3,143.16,9,1253,531.38,3,240.52,8,1308,308.29,3,188.96,9,1354,365.74,3,85.65,8,1356,328.53,3,128.16,9,1369,290.73,3,283.61,9,768,276.11,3,190.1,8,839,147.84,3,286.24,9,
181,1232,326.56,3,137.66,9,1308,314.91,3,174.5,9,1354,380.36,3,110.06,8,1356,328.51,3,128.21,9,768,269.22,3,200.27,8,
182,1232,331.01,3,130.14,9,1308,319.26,3,163.87,9,1354,396.83,3,134.38,8,1356,328.35,3,128.82,9,768,262.89,3,210.57,8,
183,1204,142.7,3,293.88,9,1232,333.58,3,119.64,9,1308,321.81,3,157.34,9,1354,415.12,3,159.17,8,1356,327.96,3,130.15,9,1365,532.46,3,247.9,8,768,256.88,3,221.48,8,
184,1204,147.49,3,277.96,9,1232,335.08,3,106.79,9,1308,325.16,3,148.45,9,1354,434.74,3,183.4,8,1356,327.01,3,133.47,9,1365,532.95,3,245.49,8,1404,297.72,3,18.65,8,768,251.81,3,231.78,8,
185,1204,154.4,3,260.61,9,1232,336.55,3,92.53,9,1308,328.86,3,137.76,9,1354,454.95,3,208.14,8,1356,325.42,3,138.14,9,1365,533.93,3,244.04,8,1404,297.22,3,19.62,8,768,247.17,3,242.44,8,
186,1204,163.99,3,241.2,9,1232,339.03,3,75.73,9,1308,332.4,3,125.09,9,1354,475.64,3,233.24,8,1356,323.12,3,144.75,9,1365,539.48,3,248.03,8,1404,296.03,3,22.22,8,
187,1204,176.76,3,219.3,9,1232,342.81,3,56.71,9,1308,334.85,3,109.77,9,1356,320.22,3,152.69,9,1376,331.59,3,248.1,8,1404,294.23,3,26.9,8,
188,1204,192.3,3,195.78,9,1232,348.26,3,36.17,9,1308,336.54,3,92.57,9,1356,316.49,3,162.25,9,1376,322.17,3,223.57,8,1404,292.08,3,33.52,8,
189,1204,210.36,3,170.91,9,1232,355.49,3,13.85,9,1308,339.53,3,72.92,9,1356,311.72,3,173.79,9,1376,313.88,3,197.21,8,1404,289.62,3,42.34,8,
190,1204,229.7,3,146.21,9,1232,365.13,3,11.07,9,1308,343.98,3,51.84,9,1356,305.57,3,187.17,9,1376,307.18,3,168.51,8,1404,287.03,3,53.52,8,
191,1204,250.86,3,120.51,9,1232,377.65,3,37.83,9,1308,350.66,3,28.26,9,1356,299.48,3,202.05,9,1376,302.84,3,137.46,8,1404,284.53,3,67.21,8,
192,1204,272.66,3,94.97,9,1232,392.07,3,65.5,9,1308,359.63,3,3.26,9,1356,294.28,3,219.1,9,1376,301.65,3,107.54,8,1404,282.53,3,82.85,8,
193,1204,294.74,3,69.79,9,1232,406.81,3,92.02,9,1308,370.56,3,23.04,9,1356,290.45,3,238.74,9,1376,303.32,3,78.64,8,1404,281.23,3,100.4,8,
194,1204,313.5,3,48.81,9,1232,422.77,3,118.99,9,1308,383.37,3,49.14,9,1356,289.43,3,261.0,9,1376,306.85,3,54.28,8,1404,281.02,3,120.39,8,
195,1204,328.44,3,32.33,9,1232,439.53,3,145.52,9,1308,397.0,3,74.53,9,1356,290.95,3,285.6,9,1376,313.19,3,35.26,8,1404,282.51,3,142.99,8,
196,1204,340.02,3,19.68,9,1232,457.63,3,172.69,9,1308,411.53,3,100.19,9,1376,318.01,3,20.74,8,1404,285.78,3,165.5,8,1420,278.46,3,238.06,9,
197,1204,347.54,3,11.53,9,1232,476.88,3,200.24,9,1308,426.73,3,125.4,9,1376,322.24,3,12.33,8,1404,290.81,3,188.15,8,1420,276.92,3,238.61,9,
198,1204,351.31,3,7.5,9,1232,496.93,3,227.82,9,1308,442.91,3,150.71,9,1334,326.52,3,235.43,8,1376,328.77,3,13.33,8,1404,297.27,3,210.11,8,1420,273.07,3,240.05,9,
199,1204,355.29,3,4.63,9,1232,515.17,3,252.12,9,1308,460.55,3,176.95,9,1334,319.01,3,214.24,8,1376,339.14,3,23.88,8,1404,305.53,3,233.01,8,1420,267.62,3,242.2,9,
200,1204,353.33,3,11.43,9,1232,530.43,3,271.97,9,1308,478.67,3,202.75,9,1334,312.73,3,192.94,8,1376,351.76,3,37.12,8,1420,260.08,3,245.38,9,
201,1204,349.94,3,21.15,9,1232,542.43,3,287.31,9,1308,497.13,3,228.09,9,1334,307.89,3,172.2,8,1376,366.78,3,52.92,8,1420,250.55,3,249.77,9,
202,1204,346.31,3,32.43,9,1232,551.06,3,298.21,9,1308,514.04,3,250.64,9,1334,304.49,3,152.06,8,1347,532.46,3,247.9,8,1376,383.44,3,70.41,8,1420,241.35,3,254.37,9,
203,1204,342.52,3,45.56,9,1308,527.96,3,268.78,9,1334,302.38,3,131.7,8,1347,532.94,3,245.51,8,1376,402.1,3,89.93,8,1388,558.09,3,246.55,8,1420,232.48,3,259.15,9,
204,1204,338.91,3,60.25,9,1308,539.1,3,283.07,9,1334,301.63,3,110.32,8,1347,534.08,3,244.11,8,1376,423.17,3,111.22,8,1388,551.48,3,239.91,8,1420,223.52,3,264.31,9,
205,1204,335.65,3,77.02,9,1249,473.26,3,242.98,8,1308,547.96,3,294.31,9,1334,302.34,3,89.97,8,1347,539.65,3,248.18,8,1376,446.28,3,134.49,8,1388,544.16,3,232.95,8,1420,214.3,3,269.97,9,
206,1204,332.93,3,96.2,9,1249,449.5,3,214.4,8,1334,304.38,3,69.74,8,1376,470.56,3,158.95,8,1388,540.81,3,230.67,8,1420,205.37,3,275.8,9,
207,1204,331.57,3,110.96,9,1249,424.8,3,186.41,8,1334,308.18,3,48.79,8,1376,492.81,3,181.35,8,1388,539.05,3,230.49,8,1420,196.47,3,281.96,9,
208,1204,330.0,3,121.13,9,1249,400.97,3,159.27,8,1334,314.92,3,29.7,8,1376,517.52,3,206.21,8,1388,537.05,3,230.76,8,1420,187.79,3,288.3,9,
209,1204,328.8,3,126.82,9,1249,378.69,3,131.47,8,1334,321.92,3,12.06,8,1376,541.15,3,229.97,8,1388,534.98,3,231.77,8,1420,179.75,3,294.48,9,
210,1204,326.74,3,134.27,9,1249,359.04,3,103.57,8,1334,330.18,3,17.12,8,1388,533.29,3,233.5,8,
211,1204,323.58,3,143.41,9,1249,342.35,3,75.69,8,1334,339.28,3,35.88,8,1388,532.34,3,235.0,8,
212,1204,319.66,3,154.15,9,1249,326.86,3,47.31,8,1334,349.48,3,56.09,8,1388,531.88,3,235.96,8,
213,1204,314.75,3,166.73,9,1249,313.7,3,21.08,8,1334,360.79,3,76.96,8,1388,530.14,3,236.07,8,
214,1204,308.66,3,180.31,9,1249,300.1,3,15.45,8,1334,372.83,3,97.71,8,1388,524.4,3,231.48,8,
215,1204,301.96,3,195.74,9,1249,292.63,3,31.73,8,1334,385.55,3,117.98,8,1388,516.7,3,224.4,8,
216,1204,295.65,3,213.85,9,1249,287.07,3,53.34,8,1334,399.55,3,138.19,8,1388,507.29,3,215.79,8,
217,1204,290.93,3,234.79,9,1249,283.41,3,75.11,8,1334,414.54,3,158.43,8,1388,495.53,3,205.1,8,1451,292.66,3,57.97,8,
218,1204,289.45,3,258.7,9,1249,281.41,3,97.04,8,1334,431.23,3,179.12,8,1388,482.46,3,193.32,8,1451,292.34,3,59.83,8,
219,1204,290.83,3,284.55,9,1249,281.01,3,120.09,8,1334,448.21,3,199.83,8,1388,467.59,3,180.16,8,1451,291.78,3,63.21,8,
220,1249,282.41,3,142.02,8,1334,464.78,3,220.14,8,1388,450.39,3,165.3,8,1404,326.9,3,243.73,8,1451,290.93,3,68.84,8,
221,1249,285.55,3,164.25,8,1334,482.22,3,241.13,8,1388,430.89,3,149.1,8,1404,317.73,3,219.36,8,1451,289.93,3,76.74,8,
222,1249,290.33,3,186.27,8,1388,409.31,3,132.35,8,1404,309.66,3,192.93,8,1451,289.01,3,86.14,8,
223,1249,296.93,3,209.11,8,1388,385.5,3,115.76,8,1404,303.45,3,165.24,8,1451,288.3,3,98.11,8,
224,1249,305.23,3,232.24,8,1388,359.7,3,100.74,8,1404,299.6,3,136.77,8,1451,291.3,3,112.3,8,
225,1388,331.79,3,89.95,8,1404,298.44,3,108.08,8,1451,291.96,3,129.05,8,
226,1388,303.25,3,85.66,8,1404,299.91,3,80.56,8,1451,293.92,3,148.34,8,
227,1388,274.96,3,90.42,8,1404,303.93,3,52.87,8,1451,297.56,3,169.88,8,
228,1388,246.95,3,101.78,8,1394,294.24,3,286.89,9,1404,310.02,3,24.49,8,1451,303.23,3,193.36,8,
229,1171,466.68,3,230.43,8,1261,295.7,3,298.24,9,1388,219.55,3,117.77,8,1394,292.64,3,260.79,9,1404,320.22,3,5.23,8,1451,310.78,3,217.42,8,
230,1171,446.08,3,205.67,8,1219,474.26,3,239.59,8,1261,292.92,3,272.68,9,1388,191.68,3,137.77,8,1394,294.18,3,234.89,9,1404,332.5,3,32.3,8,1420,121.32,3,241.83,8,1451,319.56,3,240.48,8,
231,1171,424.72,3,181.25,8,1219,454.16,3,215.16,8,1261,293.05,3,247.08,9,1388,164.41,3,159.75,8,1394,299.71,3,211.29,9,1404,346.7,3,60.45,8,1420,126.2,3,231.48,8,
232,1171,404.32,3,157.62,8,1219,432.68,3,190.39,8,1261,296.81,3,222.37,9,1388,136.73,3,183.57,8,1394,307.1,3,191.74,9,1404,362.68,3,88.86,8,1420,131.32,3,221.84,8,
233,1171,385.12,3,133.29,8,1219,411.92,3,166.46,8,1261,302.79,3,202.42,9,1388,108.69,3,208.9,8,1394,313.91,3,176.65,9,1404,380.19,3,117.0,8,1420,136.81,3,212.39,8,1473,444.91,3,202.28,9,
234,1171,367.37,3,108.48,8,1219,392.22,3,142.55,8,1261,309.28,3,186.7,9,1388,81.39,3,234.57,8,1394,318.64,3,165.51,9,1404,400.43,3,145.64,8,1420,142.94,3,202.58,8,1473,443.43,3,201.46,9,
235,1171,352.8,3,84.15,8,1219,373.35,3,117.64,8,1261,314.56,3,175.25,9,1394,321.43,3,158.29,9,1404,422.17,3,173.19,8,1420,149.9,3,192.15,8,1473,440.2,3,199.69,9,
236,1171,339.9,3,60.9,8,1219,358.75,3,94.3,8,1261,318.01,3,167.14,9,1394,324.95,3,149.08,9,1404,445.74,3,201.69,8,1420,157.16,3,181.82,8,1473,435.08,3,196.95,9,
237,1171,330.07,3,41.66,8,1219,345.46,3,71.17,8,1261,321.14,3,159.06,9,1394,328.92,3,137.59,9,1404,468.7,3,229.44,8,1420,164.94,3,171.25,8,1473,427.81,3,193.24,9,
238,1171,322.76,3,26.18,8,1219,335.0,3,51.53,8,1261,322.68,3,155.17,9,1394,332.62,3,123.99,9,1420,172.29,3,161.6,8,1473,418.86,3,188.95,9,1481,444.91,3,202.28,9,
239,1171,317.93,3,15.32,8,1219,327.43,3,36.21,8,1261,324.74,3,149.66,9,1394,335.01,3,107.73,9,1420,180.28,3,151.51,8,1473,408.31,3,184.34,9,1481,442.45,3,200.92,9,
240,1171,317.89,3,9.17,8,1219,322.41,3,25.42,8,1261,327.37,3,142.17,9,1388,92.12,3,292.78,9,1394,336.9,3,89.77,9,1420,188.95,3,141.13,8,1473,395.98,3,179.58,9,1481,438.22,3,198.62,9,
241,1171,323.29,3,8.4,8,1219,318.95,3,17.67,8,1261,330.43,3,132.98,9,1388,119.24,3,272.63,9,1394,340.01,3,70.26,9,1420,198.0,3,130.5,8,1473,383.41,3,175.49,9,1481,431.57,3,195.13,9,
242,1171,331.32,3,15.8,8,1219,317.22,3,10.25,8,1261,333.25,3,121.09,9,1388,147.15,3,254.57,9,1394,344.68,3,49.11,9,1420,207.19,3,119.88,8,1473,371.0,3,172.27,9,1481,422.75,3,190.78,9,
243,1171,339.13,3,23.87,8,1219,322.53,3,7.97,8,1261,335.03,3,107.53,9,1388,174.78,3,240.6,9,1394,349.79,3,31.09,9,1420,215.56,3,110.34,8,1473,358.47,3,169.88,9,1481,411.96,3,185.88,9,
244,1171,348.24,3,33.42,8,1219,330.7,3,15.16,8,1261,336.58,3,92.22,9,1388,202.6,3,226.59,9,1394,354.17,3,17.6,9,1420,224.01,3,100.83,8,1473,345.15,3,168.33,9,1481,399.55,3,180.88,9,
245,1171,359.42,3,45.18,8,1219,339.04,3,23.77,8,1261,339.14,3,75.1,9,1388,230.54,3,211.87,9,1394,357.37,3,8.68,9,1420,232.66,3,91.18,8,1473,334.01,3,167.85,9,1481,386.68,3,176.47,9,
246,1171,372.84,3,59.29,8,1219,349.7,3,34.95,8,1261,343.07,3,55.58,9,1388,256.35,3,195.2,9,1394,360.98,3,4.71,9,1420,241.83,3,81.05,8,1473,327.36,3,167.92,9,1481,374.67,3,173.14,9,
247,1171,387.77,3,74.95,8,1219,362.17,3,48.08,8,1261,347.64,3,38.29,9,1294,522.52,3,229.76,8,1388,277.56,3,180.84,9,1394,365.89,3,8.71,9,1420,251.02,3,70.98,8,1473,319.05,3,168.87,9,1481,362.41,3,170.54,9,
248,1171,405.0,3,92.91,8,1219,376.46,3,63.09,8,1261,352.16,3,23.61,9,1294,495.55,3,205.11,8,1379,295.76,3,298.6,9,1388,294.52,3,167.98,9,1394,372.19,3,15.49,9,1420,260.63,3,60.54,8,1473,311.06,3,175.22,9,1481,349.81,3,168.75,9,
249,1171,424.5,3,112.55,8,1219,392.4,3,79.79,8,1261,355.63,3,13.45,9,1294,468.72,3,181.15,8,1379,292.74,3,269.65,9,1388,307.6,3,158.26,9,1394,379.75,3,23.64,9,1420,269.76,3,50.69,8,1473,305.75,3,186.76,9,1481,337.91,3,167.94,9,
250,1171,443.57,3,131.77,8,1219,410.63,3,98.58,8,1261,358.08,3,7.03,9,1294,442.4,3,158.54,8,1379,293.41,3,241.84,9,1388,316.06,3,150.49,9,1394,389.69,3,34.35,9,1420,279.17,3,40.62,8,1473,300.33,3,199.86,9,1481,329.59,3,167.87,9,
251,1171,462.67,3,151.01,8,1219,430.09,3,118.18,8,1261,362.51,3,5.46,9,1294,416.18,3,137.53,8,1379,298.4,3,216.1,9,1388,320.69,3,145.37,9,1394,401.59,3,47.11,9,1420,289.11,3,30.08,8,1451,329.91,3,244.0,8,1473,295.41,3,214.75,9,1481,325.1,3,167.99,9,
252,1171,482.03,3,170.49,8,1219,450.03,3,138.27,8,1261,368.56,3,11.58,9,1294,389.71,3,118.51,8,1379,305.58,3,195.37,9,1388,325.71,3,138.9,9,1394,415.28,3,61.74,9,1420,297.73,3,21.07,8,1451,321.19,3,220.75,8,1473,291.41,3,231.86,9,1481,324.41,3,168.03,9,
253,1171,500.92,3,189.51,8,1219,469.84,3,158.22,8,1261,376.53,3,20.18,9,1294,363.49,3,102.71,8,1379,312.68,3,179.25,9,1388,331.21,3,129.72,9,1394,430.5,3,77.92,9,1420,302.14,3,16.55,8,1451,313.78,3,196.84,8,1473,289.63,3,251.54,9,1481,324.22,3,168.03,9,
254,1171,517.14,3,205.83,8,1219,489.28,3,177.8,8,1261,386.28,3,30.68,9,1294,336.89,3,91.38,8,1379,317.99,3,167.18,9,1388,334.03,3,117.66,9,1394,447.49,3,95.91,9,1420,308.01,3,11.27,8,1451,308.25,3,173.95,8,1473,289.76,3,272.79,9,1481,324.18,3,168.04,9,
255,1171,528.9,3,217.66,8,1219,506.48,3,195.1,8,1261,397.94,3,43.2,9,1294,310.47,3,85.91,8,1379,321.14,3,159.06,9,1388,335.44,3,102.77,9,1394,466.21,3,115.63,9,1420,315.44,3,8.11,8,1451,304.22,3,150.04,8,1473,292.31,3,296.19,9,1481,322.79,3,168.21,9,
256,1171,536.37,3,225.17,8,1219,519.2,3,207.91,8,1261,410.99,3,57.16,9,1294,283.04,3,88.17,8,1379,322.7,3,155.13,9,1388,337.34,3,86.5,9,1394,486.31,3,136.72,9,1420,323.55,3,13.53,8,1451,302.08,3,126.82,8,1481,318.87,3,168.93,9,
257,1171,540.55,3,229.64,8,1219,527.47,3,216.22,8,1261,425.78,3,72.91,9,1294,256.25,3,97.26,8,1379,324.64,3,149.94,9,1388,340.51,3,67.68,9,1394,508.93,3,160.35,9,1420,328.07,3,22.74,8,1451,301.71,3,103.61,8,1481,313.7,3,171.69,9,
258,1171,540.93,3,230.7,8,1219,532.63,3,221.41,8,1261,441.89,3,89.99,9,1294,229.4,3,111.56,8,1379,327.31,3,142.34,9,1388,345.15,3,47.29,9,1394,527.85,3,180.05,9,1420,333.04,3,33.43,8,1451,303.14,3,80.35,8,1481,309.82,3,177.83,9,
259,1171,539.73,3,230.52,8,1219,537.16,3,225.98,8,1261,460.0,3,109.1,9,1294,202.34,3,129.74,8,1379,330.41,3,133.06,9,1388,350.08,3,30.14,9,1394,543.32,3,196.11,9,1420,339.53,3,46.65,8,1451,306.13,3,58.35,8,1481,306.19,3,185.75,9,
260,1171,538.17,3,230.53,8,1219,541.13,3,230.49,8,1261,480.08,3,130.2,9,1294,175.45,3,150.64,8,1379,333.03,3,122.12,9,1388,354.52,3,16.62,9,1394,554.69,3,207.9,9,1420,347.56,3,62.03,8,1451,311.47,3,41.24,8,1481,302.16,3,195.26,9,
261,1171,536.52,3,230.93,8,1219,540.39,3,230.6,8,1261,502.15,3,153.27,9,1294,148.61,3,173.18,8,1379,334.92,3,108.84,9,1388,357.73,3,7.71,9,1394,561.74,3,215.19,9,1420,356.98,3,79.02,8,1451,315.38,3,28.28,8,1481,297.77,3,206.65,9,
262,1171,534.77,3,231.94,8,1219,539.01,3,230.49,8,1261,520.55,3,172.45,9,1294,121.83,3,196.89,8,1379,336.39,3,93.84,9,1388,362.5,3,5.46,9,1394,565.11,3,218.56,9,1420,368.23,3,98.13,8,1451,318.44,3,19.62,8,1481,293.86,3,220.76,9,
263,1171,533.19,3,233.62,8,1219,537.43,3,230.66,8,1261,535.72,3,188.22,9,1294,95.01,3,221.63,8,1379,338.94,3,76.26,9,1388,367.64,3,10.59,9,1394,566.06,3,218.99,9,1420,381.46,3,118.89,8,1451,321.47,3,13.48,8,1481,290.58,3,237.54,9,
264,1171,532.29,3,235.09,8,1219,535.74,3,231.29,8,1261,547.25,3,200.18,9,1294,69.55,3,246.05,8,1379,342.89,3,56.36,9,1388,374.61,3,18.1,9,1394,563.13,3,215.77,9,1420,399.74,3,141.59,8,1451,325.21,3,11.06,8,1481,289.49,3,256.16,9,
265,1171,531.84,3,236.05,8,1219,534.04,3,232.59,8,1261,561.0,3,214.42,9,1379,347.9,3,37.37,9,1388,383.28,3,27.45,9,1394,558.53,3,211.01,9,1420,418.29,3,165.79,8,1451,331.05,3,15.54,8,1481,290.13,3,277.41,9,1520,517.47,3,239.63,8,
266,1171,531.16,3,237.62,8,1219,533.03,3,233.87,8,1261,576.41,3,230.31,9,1379,352.58,3,22.34,9,1388,393.84,3,38.8,9,1394,552.65,3,204.91,9,1420,439.37,3,191.5,8,1451,338.58,3,23.29,8,1520,515.9,3,238.26,8,
267,1171,530.44,3,239.78,8,1219,532.14,3,235.41,8,1261,593.65,3,248.0,9,1379,356.21,3,11.84,9,1388,405.82,3,51.64,9,1394,544.31,3,196.25,9,1420,461.02,3,217.89,8,1451,348.16,3,33.34,8,1520,511.99,3,234.87,8,
268,1171,529.7,3,242.72,8,1219,531.21,3,237.5,8,1261,610.66,3,265.41,9,1379,358.18,3,5.88,9,1388,419.4,3,66.12,9,1394,533.77,3,185.29,9,1420,482.46,3,243.59,8,1451,360.23,3,46.03,8,1520,506.66,3,230.27,8,
269,1171,529.0,3,246.63,8,1219,530.32,3,240.21,8,1261,623.61,3,278.65,9,1379,357.02,3,2.03,9,1388,434.46,3,82.12,9,1394,521.67,3,172.69,9,1451,373.97,3,60.48,8,1497,557.92,3,246.38,8,1520,499.91,3,224.49,8,
270,1219,529.49,3,243.65,8,1261,633.37,3,288.62,9,1294,97.59,3,288.53,9,1379,350.75,3,9.43,9,1388,451.6,3,100.25,9,1394,507.5,3,157.9,9,1451,389.55,3,76.82,8,1497,551.63,3,240.05,8,1520,490.81,3,216.79,8,
271,1261,639.29,3,294.61,9,1294,124.06,3,269.32,9,1379,341.65,3,19.3,9,1388,470.29,3,119.92,9,1394,490.98,3,140.61,9,1451,406.73,3,94.65,8,1497,545.12,3,233.79,8,1520,479.8,3,207.64,8,
272,1261,640.79,3,296.09,9,1294,150.84,3,252.38,9,1379,330.44,3,31.6,9,1388,490.65,3,141.26,9,1394,472.62,3,121.33,9,1451,425.71,3,113.78,8,1497,541.43,3,230.95,8,1502,630.13,3,284.57,9,1520,467.01,3,197.24,8,
273,1261,644.46,3,299.41,9,1294,178.18,3,238.81,9,1379,317.0,3,46.48,9,1388,513.47,3,165.09,9,1394,452.0,3,99.58,9,1451,444.56,3,132.77,8,1497,539.86,3,230.53,8,1502,604.03,3,257.85,9,1520,455.27,3,187.96,8,
274,1294,204.61,3,225.63,9,1379,302.32,3,62.92,9,1388,537.94,3,190.53,9,1394,429.96,3,76.2,9,1451,462.69,3,151.02,8,1497,538.14,3,230.54,8,1502,578.1,3,231.22,9,1520,442.81,3,178.52,8,
275,1294,230.46,3,211.92,9,1379,285.95,3,81.51,9,1388,564.49,3,218.03,9,1394,406.13,3,50.74,9,1451,481.78,3,170.24,8,1497,536.35,3,230.99,8,1502,552.21,3,204.45,9,1520,430.82,3,170.89,8,
276,1294,255.76,3,195.56,9,1379,268.06,3,102.21,9,1388,586.84,3,241.02,9,1394,381.75,3,24.48,9,1451,500.17,3,188.75,8,1497,534.5,3,232.16,8,1502,526.88,3,178.12,9,1520,418.73,3,163.76,8,1535,299.05,3,21.81,8,
277,1294,277.77,3,180.69,9,1379,249.02,3,124.81,9,1388,605.1,3,259.72,9,1451,516.41,3,205.1,8,1497,533.0,3,233.9,8,1502,501.4,3,151.53,9,1520,406.62,3,157.29,8,1523,365.55,3,249.23,8,1535,297.16,3,23.71,8,
278,1294,294.72,3,167.83,9,1379,230.62,3,147.45,9,1388,619.82,3,274.78,9,1451,528.49,3,217.24,8,1502,475.94,3,124.82,9,1520,394.14,3,151.4,8,1523,357.61,3,248.41,8,1535,293.01,3,27.92,8,
279,1294,307.9,3,157.97,9,1379,213.19,3,169.92,9,1388,630.17,3,285.35,9,1451,536.09,3,224.89,8,1502,451.02,3,98.54,9,1520,381.91,3,146.53,8,1523,353.11,3,248.08,8,1535,287.51,3,33.61,8,
280,1294,316.4,3,150.13,9,1379,196.77,3,192.62,9,1388,636.22,3,291.54,9,1451,540.57,3,229.67,8,1502,427.1,3,73.15,9,1520,369.81,3,142.16,8,1523,352.18,3,249.5,8,1535,280.71,3,40.75,8,
281,1294,320.97,3,145.01,9,1379,182.0,3,214.87,9,1388,638.89,3,294.05,9,1451,540.87,3,230.69,8,1502,406.74,3,51.4,9,1520,357.66,3,137.84,8,1535,272.0,3,50.01,8,
282,1294,326.44,3,137.85,9,1379,168.78,3,237.3,9,1388,638.0,3,292.62,9,1451,539.49,3,230.5,8,1502,390.42,3,33.84,9,1520,345.55,3,134.53,8,1535,262.18,3,60.58,8,
283,1294,331.64,3,128.78,9,1379,157.25,3,260.64,9,1388,632.35,3,286.84,9,1451,537.85,3,230.58,8,1502,378.36,3,20.81,9,1520,333.2,3,132.26,8,1535,251.88,3,71.76,8,
284,1294,334.37,3,116.2,9,1379,148.73,3,283.3,9,1388,624.54,3,278.85,9,1451,536.03,3,231.13,8,1502,370.48,3,12.28,9,1520,323.86,3,123.78,8,1535,242.32,3,82.26,8,
285,1294,335.5,3,102.06,9,1388,615.39,3,269.48,9,1451,534.42,3,232.23,8,1502,366.56,3,8.05,9,1520,322.75,3,114.29,8,1535,232.33,3,93.36,8,
286,1294,337.48,3,85.51,9,1388,604.88,3,258.71,9,1451,533.07,3,233.81,8,1502,361.05,3,2.48,9,1520,322.68,3,108.57,8,1535,222.19,3,104.75,8,
287,1294,340.57,3,67.38,9,1388,592.71,3,246.24,9,1451,532.16,3,235.37,8,1502,355.98,3,5.07,9,1520,323.23,3,102.74,8,1535,213.01,3,115.19,8,
288,1294,345.06,3,47.65,9,1451,531.78,3,236.2,8,1502,352.9,3,12.63,9,1520,327.37,3,100.44,8,1535,203.18,3,126.55,8,
289,1294,351.2,3,26.6,9,1451,532.62,3,238.89,8,1502,349.52,3,22.41,9,1520,332.98,3,101.33,8,1525,587.17,3,289.93,9,1535,193.75,3,137.64,8,1554,360.17,3,119.51,8,
290,1294,359.19,3,4.18,9,1451,536.31,3,244.28,8,1502,345.61,3,34.75,9,1520,340.62,3,103.18,8,1525,563.62,3,261.84,9,1535,184.63,3,148.59,8,1554,358.29,3,120.0,8,
291,1294,369.67,3,21.11,9,1502,341.59,3,49.08,9,1520,350.18,3,106.23,8,1525,540.19,3,233.39,9,1535,175.39,3,160.21,8,1554,355.31,3,120.87,8,
292,1294,382.27,3,47.01,9,1502,337.77,3,65.64,9,1520,361.18,3,110.68,8,1525,517.05,3,205.45,9,1535,166.95,3,171.39,8,1536,560.08,3,246.76,8,1554,350.85,3,122.45,8,
293,1294,396.85,3,74.27,9,1502,334.49,3,84.34,9,1520,373.64,3,116.79,8,1525,491.23,3,177.49,9,1535,158.86,3,182.56,8,1536,550.91,3,238.07,8,1554,344.84,3,125.03,8,
294,1294,411.68,3,100.44,9,1502,332.4,3,101.17,9,1520,387.63,3,124.79,8,1525,463.23,3,152.75,9,1535,150.95,3,194.06,8,1536,540.08,3,227.92,8,1554,337.76,3,128.76,8,
295,1171,361.1,3,248.73,8,1294,427.83,3,127.16,9,1502,331.36,3,114.3,9,1520,403.33,3,134.61,8,1525,434.64,3,133.52,9,1527,331.23,3,247.24,8,1535,144.06,3,204.68,8,1536,527.79,3,216.54,8,1554,329.69,3,133.92,8,
296,1171,353.01,3,248.08,8,1294,444.99,3,153.87,9,1502,329.51,3,123.38,9,1520,421.27,3,147.11,8,1525,407.34,3,123.96,9,1527,321.63,3,222.03,8,1535,137.27,3,215.97,8,1536,513.5,3,203.56,8,1554,320.64,3,140.81,8,
297,1171,347.63,3,245.5,8,1294,463.32,3,180.95,9,1502,328.55,3,128.01,9,1520,441.68,3,162.59,8,1525,384.92,3,122.12,9,1527,313.29,3,195.07,8,1535,130.98,3,227.49,8,1536,498.94,3,190.71,8,1554,311.89,3,148.61,8,
298,1171,344.85,3,240.38,8,1294,481.85,3,207.17,9,1502,326.16,3,133.71,9,1520,464.24,3,180.94,8,1525,367.1,3,125.04,9,1527,306.71,3,165.97,8,1535,125.9,3,237.99,8,1536,484.63,3,178.51,8,1554,303.67,3,156.95,8,
299,1294,501.78,3,234.35,9,1502,320.74,3,139.88,9,1520,488.88,3,202.24,8,1525,352.67,3,128.21,9,1527,302.76,3,136.57,8,1535,121.4,3,248.79,8,1536,470.65,3,167.14,8,1554,295.39,3,166.22,8,
300,1294,519.42,3,257.69,9,1502,312.8,3,146.05,9,1520,514.01,3,224.68,8,1525,342.2,3,131.2,9,1527,301.66,3,107.06,8,1536,457.06,3,156.72,8,1554,287.48,3,175.29,8,
301,1294,533.97,3,276.52,9,1502,302.83,3,153.09,9,1520,538.98,3,247.51,8,1525,336.06,3,133.61,9,1527,303.34,3,78.36,8,1536,442.84,3,146.69,8,1554,279.57,3,185.36,8,
302,1294,545.22,3,290.85,9,1502,291.54,3,161.8,9,1525,330.07,3,138.87,9,1527,304.86,3,49.08,8,1536,428.91,3,137.95,8,1554,272.36,3,195.51,8,
303,1379,346.38,3,245.24,8,1502,277.97,3,172.3,9,1525,323.64,3,147.11,9,1527,311.33,3,20.51,8,1536,414.69,3,130.28,8,1554,265.29,3,206.55,8,
304,1379,343.96,3,238.03,8,1502,262.87,3,184.09,9,1525,317.99,3,158.34,9,1527,322.36,3,9.85,8,1536,404.06,3,125.28,8,1554,258.68,3,218.09,8,
305,1379,340.64,3,228.6,8,1502,245.7,3,196.0,9,1525,312.73,3,171.59,9,1527,335.84,3,39.23,8,1536,396.38,3,122.27,8,1554,252.69,3,229.9,8,
306,1379,337.1,3,217.54,8,1502,226.5,3,207.99,9,1525,306.03,3,186.12,9,1527,351.28,3,68.87,8,1536,392.12,3,120.85,8,1554,247.34,3,242.01,8,
307,1379,333.66,3,205.01,8,1502,205.07,3,220.12,9,1525,299.25,3,202.66,9,1527,368.52,3,98.62,8,1536,391.52,3,120.66,8,
308,1379,345.93,3,205.14,8,1502,181.17,3,231.91,9,1525,293.72,3,221.33,9,1527,388.12,3,128.61,8,1536,391.39,3,120.63,8,
309,1379,359.18,3,206.26,8,1502,155.49,3,245.14,9,1525,290.19,3,241.65,9,1527,410.0,3,158.25,8,1536,389.15,3,119.87,8,
310,1379,372.68,3,208.39,8,1502,128.68,3,261.24,9,1523,532.46,3,247.91,8,1525,289.44,3,264.85,9,1527,434.36,3,187.95,8,1536,384.71,3,118.5,8,
311,1379,385.39,3,211.29,8,1502,102.0,3,280.01,9,1523,532.88,3,245.8,8,1525,291.55,3,290.43,9,1527,458.08,3,216.69,8,1536,378.66,3,116.36,8,1584,532.31,3,248.81,8,
312,1379,398.76,3,215.21,8,1523,533.22,3,244.49,8,1527,482.74,3,246.11,8,1536,370.58,3,112.05,8,1583,563.79,3,248.77,8,1584,532.42,3,248.11,8,
313,1379,412.16,3,219.97,8,1523,535.6,3,244.88,8,1533,325.92,3,233.85,8,1536,363.37,3,101.97,8,1583,561.71,3,246.43,8,1584,532.64,3,246.95,8,
314,1379,420.44,3,231.42,8,1533,317.6,3,209.83,8,1536,356.04,3,89.73,8,1583,559.25,3,243.77,8,1584,532.97,3,245.43,8,1590,556.51,3,245.4,8,
315,1297,532.63,3,239.15,8,1379,427.62,3,244.6,8,1533,310.93,3,185.86,8,1536,347.68,3,75.16,8,1583,556.41,3,240.87,8,1584,533.23,3,244.41,8,1590,558.55,3,247.44,8,
316,1297,506.99,3,215.52,8,1533,305.92,3,161.42,8,1536,338.66,3,58.57,8,1583,553.12,3,237.77,8,1584,532.38,3,241.79,8,
317,1297,481.83,3,192.77,8,1533,302.73,3,136.2,8,1535,177.82,3,299.75,9,1536,329.37,3,40.24,8,1583,549.53,3,234.82,8,1584,528.67,3,236.26,8,
318,1135,295.4,3,295.95,9,1297,456.74,3,170.73,8,1502,84.22,3,233.26,8,1533,301.63,3,111.04,8,1535,186.61,3,293.04,9,1536,320.24,3,20.56,8,1583,546.57,3,232.86,8,1584,521.12,3,228.47,8,
319,1135,292.81,3,270.9,9,1297,431.82,3,149.86,8,1502,110.18,3,209.76,8,1533,302.57,3,86.83,8,1535,196.03,3,286.03,9,1536,311.68,3,3.9,8,1583,544.82,3,231.95,8,1584,511.59,3,219.72,8,1597,394.04,3,118.97,8,
320,1135,293.12,3,245.87,9,1297,406.34,3,130.16,8,1502,136.58,3,186.65,8,1533,305.47,3,62.33,8,1535,205.43,3,279.46,9,1536,304.13,3,26.66,8,1583,542.99,3,230.93,8,1584,499.92,3,209.08,8,1597,395.79,3,119.61,8,
321,1135,297.03,3,221.49,9,1297,380.9,3,112.85,8,1502,162.59,3,164.95,8,1533,312.19,3,38.66,8,1535,215.24,3,273.03,9,1536,296.56,3,53.52,8,1583,536.81,3,225.15,8,1584,485.74,3,196.27,8,1597,398.75,3,120.75,8,
322,1135,303.59,3,200.34,9,1297,355.9,3,98.88,8,1502,188.84,3,144.59,8,1533,319.78,3,16.32,8,1535,224.88,3,267.12,9,1536,292.53,3,82.13,8,1583,527.99,3,216.26,8,1584,470.27,3,182.51,8,1597,403.29,3,122.67,8,
323,1135,310.78,3,183.34,9,1297,330.59,3,89.65,8,1502,215.09,3,126.64,8,1533,329.09,3,15.04,8,1535,234.16,3,261.79,9,1536,291.3,3,112.25,8,1583,517.44,3,205.64,8,1584,452.95,3,167.47,8,1597,409.34,3,125.5,8,
324,1135,316.63,3,170.56,9,1297,305.77,3,85.68,8,1502,241.36,3,112.16,8,1533,340.23,3,37.82,8,1535,244.48,3,256.31,9,1536,293.37,3,144.08,8,1583,505.13,3,193.24,8,1584,433.42,3,151.15,8,1597,417.31,3,129.64,8,
325,1135,320.34,3,161.11,9,1297,280.19,3,88.89,8,1502,268.39,3,101.87,8,1533,352.67,3,62.15,8,1535,254.72,3,251.31,9,1536,299.11,3,177.05,8,1583,490.3,3,178.29,8,1584,412.55,3,134.78,8,1597,427.02,3,135.03,8,
326,1135,322.41,3,155.83,9,1297,255.4,3,97.65,8,1502,295.32,3,97.55,8,1533,366.42,3,86.82,8,1535,265.13,3,246.7,9,1536,308.36,3,210.25,8,1583,473.9,3,161.76,8,1584,389.35,3,118.27,8,1597,438.18,3,142.04,8,
327,1135,325.97,3,149.06,9,1297,230.36,3,110.99,8,1502,322.1,3,99.53,8,1533,381.45,3,111.73,8,1535,275.14,3,242.72,9,1536,320.61,3,243.02,8,1583,455.38,3,143.07,8,1584,364.63,3,103.32,8,1597,450.78,3,150.79,8,
328,1135,331.83,3,141.34,9,1297,204.96,3,127.83,8,1502,348.13,3,105.51,8,1533,397.93,3,135.93,8,1535,281.05,3,240.59,9,1583,434.39,3,121.88,8,1584,337.97,3,91.72,8,1597,463.88,3,160.69,8,
329,1135,340.63,3,135.18,9,1297,179.12,3,147.67,8,1502,373.83,3,116.89,8,1533,415.84,3,160.06,8,1535,286.39,3,239.09,9,1583,411.16,3,98.41,8,1584,310.35,3,85.91,8,1597,476.34,3,170.69,8,
330,1135,353.12,3,131.5,9,1297,153.88,3,168.65,8,1502,399.88,3,132.35,8,1533,435.77,3,184.66,8,1535,289.87,3,241.92,9,1583,387.48,3,73.89,8,1584,282.79,3,88.24,8,1597,489.51,3,181.76,8,
331,1135,367.91,3,128.33,9,1297,128.4,3,190.98,8,1502,426.11,3,150.67,8,1533,455.34,3,208.62,8,1535,289.85,3,246.69,9,1583,368.44,3,53.96,8,1584,254.38,3,98.12,8,1597,502.7,3,193.27,8,1613,342.61,3,241.91,8,
332,1135,384.4,3,125.48,9,1297,103.69,3,213.52,8,1502,452.41,3,171.16,8,1533,475.29,3,232.83,8,1535,289.56,3,253.63,9,1583,353.29,3,38.14,8,1584,226.47,3,113.36,8,1597,515.96,3,205.17,8,1613,343.41,3,243.43,8,
333,1135,403.66,3,126.26,9,1297,79.03,3,236.83,8,1502,475.69,3,190.74,8,1535,289.43,3,262.89,9,1583,342.43,3,26.93,8,1584,199.24,3,132.04,8,1597,529.39,3,217.5,8,1613,345.46,3,246.69,8,
334,1135,424.81,3,132.07,9,1502,494.73,3,207.41,8,1535,289.85,3,273.94,9,1583,335.82,3,20.29,8,1584,171.98,3,153.48,8,1597,543.12,3,230.33,8,
335,1135,447.83,3,143.82,9,1502,509.28,3,220.41,8,1535,291.14,3,287.22,9,1583,330.35,3,15.31,8,1584,144.49,3,176.75,8,1597,553.18,3,239.85,8,
336,1135,472.99,3,162.12,9,1502,519.35,3,229.53,8,1583,330.57,3,17.88,8,1584,117.59,3,200.74,8,1597,559.71,3,246.08,8,1616,450.26,3,143.31,9,
337,1135,496.92,3,184.82,9,1502,524.93,3,234.62,8,1583,333.91,3,24.74,8,1584,91.08,3,225.34,8,1616,447.73,3,141.53,9,
338,1135,519.48,3,210.2,9,1502,529.72,3,239.99,8,1583,338.27,3,33.8,8,1616,443.57,3,138.67,9,
339,1135,539.94,3,235.07,9,1502,529.88,3,241.97,8,1583,343.75,3,44.9,8,1616,438.01,3,135.07,9,
340,1135,557.9,3,256.86,9,1297,105.05,3,282.92,9,1502,529.38,3,244.21,8,1583,347.73,3,57.52,8,1597,559.68,3,246.39,8,1616,430.54,3,131.74,9,
341,1135,572.62,3,274.5,9,1297,130.83,3,264.75,9,1502,529.03,3,246.4,8,1583,355.97,3,72.76,8,1597,554.27,3,241.26,8,1616,420.98,3,128.04,9,
342,1135,583.95,3,287.94,9,1297,155.86,3,249.47,9,1502,528.93,3,247.18,8,1583,366.02,3,90.3,8,1597,546.65,3,234.07,8,1616,409.49,3,124.51,9,
343,1135,593.73,3,299.28,9,1297,181.59,3,237.03,9,1502,530.38,3,249.54,8,1583,378.11,3,110.23,8,1597,536.84,3,224.9,8,1616,396.61,3,122.34,9,
344,1297,206.29,3,224.84,9,1583,392.97,3,132.16,8,1584,107.91,3,280.8,9,1597,525.19,3,214.15,8,1616,381.86,3,122.41,9,
345,1297,231.24,3,211.4,9,1502,532.4,3,248.28,8,1536,326.66,3,243.16,8,1583,407.85,3,155.58,8,1584,134.97,3,262.02,9,1597,511.95,3,202.18,8,1616,365.53,3,125.45,9,1633,539.96,3,230.54,8,
346,1297,254.46,3,196.38,9,1502,532.84,3,245.95,8,1536,317.33,3,218.17,8,1583,428.23,3,180.56,8,1584,162.1,3,246.35,9,1597,498.86,3,190.64,8,1616,351.18,3,128.58,9,1633,539.46,3,230.5,8,
347,1297,277.72,3,180.73,9,1536,309.09,3,190.77,8,1583,450.96,3,208.07,8,1584,189.82,3,232.86,9,1597,486.32,3,179.92,8,1616,340.96,3,131.62,9,1633,538.61,3,230.5,8,
348,1297,299.48,3,164.17,9,1536,302.85,3,161.87,8,1583,475.21,3,237.19,8,1584,217.8,3,218.95,9,1597,473.1,3,169.08,8,1616,335.2,3,134.23,9,1633,537.39,3,230.66,8,1638,385.02,3,75.69,9,
349,1536,299.11,3,130.38,8,1584,244.47,3,202.85,9,1597,459.96,3,158.88,8,1616,329.27,3,139.77,9,1633,536.0,3,231.15,8,1638,383.17,3,75.6,9,
350,1536,298.69,3,98.07,8,1584,266.8,3,188.36,9,1597,447.05,3,149.56,8,1616,322.98,3,148.04,9,1633,534.56,3,232.11,8,1638,381.29,3,75.57,9,
351,1536,301.74,3,65.84,8,1584,285.03,3,175.67,9,1597,434.14,3,141.09,8,1616,317.6,3,159.35,9,1633,533.03,3,233.85,8,1638,379.11,3,75.61,9,
352,1584,298.39,3,165.0,9,1597,421.3,3,133.72,8,1616,311.99,3,173.22,9,1633,532.14,3,235.39,8,1638,377.55,3,75.68,9,
353,1449,295.24,3,294.66,9,1459,465.08,3,228.49,8,1584,308.81,3,157.11,9,1597,408.59,3,127.3,8,1616,305.18,3,188.08,9,1633,531.18,3,237.58,8,1638,376.12,3,75.77,9,
354,1449,292.75,3,269.82,9,1459,443.32,3,202.53,8,1584,315.17,3,151.29,9,1597,399.78,3,123.54,8,1616,298.29,3,205.22,9,1633,530.2,3,240.66,8,1638,374.69,3,75.9,9,
355,1135,555.57,3,299.04,9,1449,293.12,3,245.87,9,1459,421.49,3,177.52,8,1584,318.88,3,148.37,9,1597,394.48,3,121.61,8,1616,293.04,3,224.21,9,1633,529.4,3,244.13,8,1638,373.2,3,76.07,9,
356,1135,543.7,3,290.23,9,1449,296.86,3,222.15,9,1459,399.49,3,151.92,8,1584,321.15,3,149.84,9,1597,389.82,3,120.38,8,1616,289.93,3,245.25,9,1633,528.99,3,246.68,8,1638,371.59,3,76.29,9,
357,1010,294.08,3,285.58,9,1046,465.88,3,229.46,8,1135,531.96,3,281.74,9,1449,303.62,3,200.28,9,1459,379.6,3,126.0,8,1584,319.24,3,155.17,9,1597,389.36,3,123.54,8,1616,289.53,3,269.13,9,1633,529.35,3,248.24,8,1638,369.37,3,76.66,9,
358,1010,292.66,3,258.57,9,1046,441.36,3,200.3,8,1135,520.05,3,273.39,9,1449,310.86,3,183.18,9,1459,362.1,3,99.88,8,1584,316.4,3,162.46,9,1597,393.57,3,129.78,8,1616,292.02,3,293.96,9,1633,529.59,3,248.62,8,1638,367.71,3,76.98,9,
359,1010,294.64,3,232.21,9,1046,416.18,3,171.38,8,1135,507.23,3,264.7,9,1449,316.75,3,170.29,9,1459,347.28,3,74.44,8,1584,312.87,3,171.26,9,1597,399.22,3,137.73,8,1633,529.59,3,248.62,8,1638,365.68,3,77.44,9,
360,1010,299.92,3,210.56,9,1046,392.37,3,142.75,8,1135,495.67,3,257.17,9,1449,320.29,3,161.24,9,1459,335.25,3,51.99,8,1584,307.97,3,181.81,9,1597,406.0,3,147.15,8,1613,532.38,3,248.39,8,1633,529.59,3,248.62,8,1638,363.57,3,77.98,9,
361,1010,306.45,3,193.29,9,1046,371.02,3,114.22,8,1135,484.13,3,249.97,9,1449,322.2,3,156.37,9,1459,326.42,3,34.08,8,1584,302.77,3,193.77,9,1597,414.76,3,158.71,8,1613,532.91,3,245.67,8,1638,361.93,3,78.43,9,
362,1010,312.16,3,180.35,9,1046,354.53,3,87.14,8,1135,473.08,3,238.23,9,1449,323.35,3,150.89,9,1459,320.31,3,20.74,8,1584,297.26,3,208.15,9,1597,425.3,3,171.81,8,1613,533.23,3,244.42,8,1633,532.19,3,249.73,8,1638,359.99,3,79.03,9,
363,1010,317.29,3,168.97,9,1046,341.53,3,63.97,8,1135,464.97,3,226.24,9,1449,321.61,3,146.09,9,1459,317.28,3,11.91,8,1584,292.81,3,225.2,9,1597,437.86,3,187.21,8,1613,536.17,3,245.3,8,1633,532.45,3,247.96,8,1638,358.58,3,79.5,9,
364,1010,320.6,3,160.41,9,1046,331.87,3,45.31,8,1449,315.81,3,144.97,9,1459,318.53,3,8.26,8,1584,289.95,3,245.03,9,1597,451.82,3,204.28,8,1633,532.88,3,245.83,8,1638,357.21,3,79.98,9,
365,1010,322.32,3,156.05,9,1046,325.03,3,31.11,8,1449,311.06,3,147.24,9,1459,323.43,3,8.48,8,1584,289.46,3,266.9,9,1597,467.73,3,223.71,8,1638,355.4,3,80.66,9,
366,1010,325.0,3,150.66,9,1046,319.71,3,19.38,8,1445,540.77,3,246.75,8,1449,305.33,3,151.26,9,1459,331.23,3,15.71,8,1549,463.93,3,227.09,8,1584,291.6,3,290.94,9,1597,485.12,3,244.59,8,1638,353.39,3,81.46,9,
367,1010,329.3,3,144.26,9,1046,317.23,3,11.5,8,1445,535.77,3,241.48,8,1449,297.72,3,156.94,9,1459,339.69,3,24.45,8,1522,294.52,3,289.3,9,1549,438.4,3,196.93,8,1638,351.35,3,82.32,9,
368,1010,335.67,3,137.74,9,1046,318.4,3,8.43,8,1445,535.1,3,238.98,8,1449,288.06,3,164.51,9,1459,350.53,3,35.82,8,1522,292.65,3,259.38,9,1549,411.62,3,166.1,8,1638,349.27,3,83.26,9,
369,1010,345.46,3,133.6,9,1046,322.29,3,7.84,8,1445,535.99,3,237.34,8,1449,276.79,3,173.24,9,1459,362.73,3,48.66,8,1522,294.84,3,231.13,9,1549,386.47,3,135.05,8,1638,347.71,3,84.0,9,
370,1010,358.06,3,130.41,9,1046,329.45,3,13.91,8,1445,537.19,3,235.8,8,1449,264.23,3,183.13,9,1459,377.04,3,63.7,8,1522,300.78,3,207.81,9,1549,364.75,3,104.23,8,1638,345.46,3,85.11,9,1669,278.46,3,238.06,9,
371,1010,371.94,3,127.38,9,1046,339.06,3,23.8,8,1445,538.93,3,234.46,8,1449,248.99,3,193.95,9,1459,392.85,3,80.26,8,1522,308.28,3,188.99,9,1549,346.53,3,73.1,8,1638,343.68,3,86.03,9,1669,276.63,3,238.72,9,
372,1010,387.97,3,125.21,9,1046,350.28,3,35.57,8,1445,541.19,3,233.74,8,1449,230.77,3,205.38,9,1459,411.42,3,99.38,8,1522,314.93,3,174.45,9,1549,330.1,3,41.72,8,1638,342.04,3,86.92,9,1669,272.49,3,240.27,9,
373,1010,405.88,3,126.62,9,1046,363.6,3,49.58,8,1419,294.43,3,288.52,9,1445,543.59,3,233.8,8,1449,209.65,3,217.83,9,1459,431.7,3,119.8,8,1522,319.3,3,163.77,9,1549,316.34,3,11.42,8,1638,340.59,3,87.72,9,1653,358.71,3,248.5,8,1669,266.14,3,242.8,9,
374,1010,425.71,3,132.41,9,1046,379.0,3,65.76,8,1419,292.63,3,264.11,9,1449,185.49,3,229.8,9,1459,451.83,3,140.09,8,1522,321.87,3,157.19,9,1549,305.84,3,20.46,8,1638,338.35,3,89.02,9,1653,341.96,3,247.47,8,1669,258.51,3,246.08,9,1675,460.04,3,220.74,9,
375,1010,447.62,3,143.67,9,1046,396.35,3,83.93,8,1419,293.58,3,239.84,9,1449,160.81,3,242.34,9,1459,472.26,3,160.66,8,1522,323.48,3,149.89,9,1549,297.09,3,51.37,8,1638,335.98,3,90.43,9,1653,325.84,3,247.35,8,1669,249.63,3,250.21,9,1675,460.78,3,222.41,9,1677,530.66,3,214.74,9,
376,1010,472.46,3,161.72,9,1046,415.67,3,103.66,8,1419,298.49,3,215.75,9,1449,136.42,3,256.21,9,1459,492.38,3,180.92,8,1522,318.67,3,144.74,9,1549,292.56,3,81.87,8,1634,330.23,3,244.8,8,1638,333.71,3,91.85,9,1653,309.4,3,248.55,8,1669,240.97,3,254.57,9,1675,462.46,3,226.24,9,1677,531.42,3,214.67,9,
377,1010,498.19,3,186.05,9,1046,437.58,3,125.73,8,1419,305.58,3,195.38,9,1449,111.02,3,273.39,9,1455,545.19,3,291.32,9,1459,512.8,3,201.47,8,1522,311.63,3,146.85,9,1549,291.3,3,112.32,8,1634,320.65,3,219.17,8,1638,332.39,3,92.7,9,1669,232.81,3,258.96,9,1675,466.39,3,232.52,9,1677,532.88,3,214.6,9,
378,1010,522.42,3,213.63,9,1046,460.74,3,149.06,8,1419,312.51,3,179.61,9,1449,86.3,3,292.29,9,1455,530.14,3,280.45,9,1459,533.42,3,222.2,8,1522,303.02,3,152.94,9,1549,293.35,3,143.85,8,1634,312.74,3,192.99,8,1638,330.87,3,93.69,9,1669,224.01,3,264.02,9,1675,472.68,3,240.87,9,1677,534.99,3,214.58,9,
379,1010,545.03,3,241.28,9,1046,484.0,3,172.48,8,1419,317.76,3,167.77,9,1455,516.15,3,270.71,9,1522,292.62,3,160.93,9,1549,298.62,3,174.86,8,1634,306.9,3,167.03,8,1638,329.08,3,94.88,9,1669,215.18,3,269.42,9,1675,481.7,3,250.33,9,1677,537.91,3,214.7,9,
380,1010,567.33,3,268.18,9,1046,506.67,3,195.29,8,1419,320.93,3,159.56,9,1455,501.75,3,261.09,9,1522,280.1,3,170.61,9,1549,306.96,3,205.92,8,1634,303.29,3,142.09,8,1638,326.8,3,96.45,9,1669,206.78,3,274.86,9,1675,493.69,3,258.17,9,1677,542.1,3,215.17,9,
381,1010,590.4,3,295.44,9,1046,530.57,3,219.34,8,1419,322.53,3,155.55,9,1455,486.63,3,251.49,9,1522,265.63,3,182.14,9,1549,318.01,3,236.69,8,1634,301.71,3,117.03,8,1638,324.85,3,97.82,9,1669,198.23,3,280.7,9,1675,507.46,3,267.02,9,1677,547.36,3,216.21,9,
382,1419,324.56,3,150.15,9,1455,473.84,3,239.25,9,1522,249.14,3,193.85,9,1634,302.22,3,91.66,8,1638,322.62,3,99.44,9,1669,190.53,3,286.26,9,1675,521.69,3,276.61,9,1677,553.64,3,218.06,9,
383,1419,327.09,3,142.95,9,1455,464.51,3,225.18,9,1522,230.09,3,205.79,9,1634,304.89,3,66.12,8,1638,320.64,3,100.89,9,1669,182.39,3,292.42,9,1675,535.98,3,286.62,9,1677,560.46,3,220.73,9,
384,1419,330.35,3,133.25,9,1522,208.95,3,218.17,9,1634,311.56,3,40.89,8,1638,318.41,3,102.58,9,1669,174.01,3,298.79,9,1675,550.83,3,297.41,9,1677,565.75,3,223.22,9,
385,1419,333.2,3,121.33,9,1449,88.31,3,229.51,8,1522,185.59,3,229.74,9,1634,319.29,3,17.51,8,1638,316.23,3,104.26,9,1677,568.64,3,224.72,9,1691,405.02,3,88.87,9,
386,1419,335.02,3,107.62,9,1449,113.04,3,207.21,8,1522,159.63,3,242.95,9,1634,328.99,3,14.87,8,1638,314.11,3,105.94,9,1677,569.35,3,224.51,9,1691,406.31,3,91.15,9,
387,1419,336.66,3,91.61,9,1449,137.58,3,185.79,8,1522,132.03,3,259.03,9,1617,525.88,3,232.87,8,1634,340.21,3,37.79,8,1638,312.64,3,107.11,9,1677,566.8,3,222.12,9,1691,408.59,3,95.12,9,
388,1419,339.31,3,74.1,9,1449,161.8,3,165.58,8,1522,102.5,3,279.62,9,1617,497.89,3,207.24,8,1634,353.21,3,63.14,8,1638,311.23,3,108.25,9,1677,564.27,3,220.76,9,1691,412.16,3,101.28,9,
389,1419,343.3,3,54.59,9,1449,186.16,3,146.57,8,1617,470.36,3,182.6,8,1634,367.46,3,88.62,8,1638,309.1,3,110.0,9,1677,561.04,3,219.14,9,1691,417.19,3,109.77,9,
390,1419,348.28,3,36.09,9,1449,211.14,3,129.16,8,1617,443.34,3,159.34,8,1634,383.27,3,114.52,8,1638,306.89,3,111.84,9,1677,556.55,3,217.1,9,1691,423.69,3,120.49,9,
391,1419,352.65,3,22.11,9,1449,235.54,3,114.98,8,1617,416.17,3,137.53,8,1634,400.86,3,140.02,8,1638,305.38,3,113.12,9,1677,551.24,3,215.03,9,1691,431.97,3,133.75,9,
392,1419,356.1,3,12.12,9,1449,260.41,3,104.45,8,1617,388.62,3,117.79,8,1634,420.6,3,165.99,8,1638,303.44,3,114.78,9,1677,545.08,3,213.15,9,1691,442.09,3,149.45,9,
393,1419,358.24,3,6.74,9,1449,285.56,3,98.28,8,1617,360.62,3,101.21,8,1634,440.87,3,190.88,8,1638,301.74,3,116.26,9,1653,143.09,3,292.33,9,1677,538.15,3,211.81,9,1691,453.65,3,166.83,9,
394,1268,469.61,3,233.97,8,1419,362.51,3,5.46,9,1449,310.74,3,98.16,8,1522,83.93,3,233.53,8,1617,333.28,3,90.34,8,1634,460.91,3,215.42,8,1638,300.11,3,117.69,9,1653,148.96,3,273.88,9,1677,531.82,3,211.37,9,1691,467.34,3,186.72,9,
395,1268,447.19,3,206.93,8,1419,368.13,3,11.11,9,1522,113.76,3,206.57,8,1617,305.26,3,85.67,8,1634,478.04,3,236.13,8,1638,298.64,3,118.98,9,1646,532.57,3,247.26,8,1653,156.57,3,255.88,9,1677,527.79,3,211.54,9,1691,482.71,3,208.38,9,1705,407.76,3,77.94,9,
396,1268,423.82,3,180.21,8,1419,374.98,3,18.49,9,1522,143.63,3,180.64,8,1617,277.43,3,89.67,8,1638,296.81,3,120.62,9,1646,533.02,3,245.22,8,1653,166.36,3,236.88,9,1677,525.88,3,211.75,9,1691,499.86,3,231.76,9,1705,409.27,3,78.53,9,
397,1268,401.46,3,154.28,8,1419,384.23,3,28.47,9,1522,173.65,3,156.14,8,1617,250.22,3,100.11,8,1638,295.55,3,121.76,9,1646,534.78,3,244.43,8,1653,177.63,3,217.9,9,1677,521.39,3,209.88,9,1691,517.27,3,254.87,9,1705,411.89,3,79.63,9,
398,1268,380.65,3,127.39,8,1419,395.54,3,40.63,9,1522,204.03,3,133.86,8,1617,222.18,3,116.06,8,1638,293.65,3,123.49,9,1646,541.17,3,249.54,8,1653,189.82,3,199.38,9,1674,363.39,3,248.97,8,1675,589.9,3,293.1,9,1677,516.06,3,204.31,9,1691,531.74,3,273.65,9,1705,414.44,3,80.77,9,
399,1113,294.42,3,288.41,9,1268,363.27,3,101.8,8,1419,408.85,3,54.88,9,1522,233.88,3,115.83,8,1617,195.07,3,135.17,8,1638,292.47,3,124.58,9,1653,202.5,3,181.49,9,1674,344.24,3,247.54,8,1675,580.21,3,281.69,9,1677,508.95,3,196.13,9,1691,542.91,3,287.92,9,1705,417.06,3,82.03,9,
400,1113,292.79,3,270.58,9,1268,347.84,3,75.45,8,1419,424.19,3,71.23,9,1522,263.93,3,103.25,8,1617,168.36,3,156.47,8,1638,290.76,3,126.15,9,1653,216.26,3,163.18,9,1674,324.51,3,247.4,8,1675,568.93,3,268.23,9,1677,500.64,3,186.6,9,1691,550.64,3,297.68,9,1692,532.61,3,247.08,8,1705,419.48,3,83.26,9,
401,1113,292.82,3,252.02,9,1268,335.75,3,52.97,8,1419,440.98,3,89.03,9,1522,293.84,3,97.59,8,1617,140.62,3,180.14,8,1638,288.85,3,127.94,9,1653,230.88,3,144.74,9,1674,304.89,3,249.12,8,1675,556.27,3,252.98,9,1677,488.88,3,175.22,9,1692,533.0,3,245.29,8,1705,421.38,3,84.26,9,
402,1113,294.26,3,234.38,9,1268,326.86,3,35.01,8,1419,459.75,3,108.83,9,1522,324.77,3,99.93,8,1617,113.81,3,204.19,8,1638,287.32,3,129.39,9,1653,246.1,3,126.19,9,1675,541.9,3,235.47,9,1677,474.66,3,161.58,9,1692,532.75,3,242.5,8,1705,422.94,3,85.12,9,
403,1113,298.26,3,216.64,9,1268,320.69,3,21.61,8,1419,480.36,3,130.49,9,1522,355.55,3,108.29,8,1617,86.83,3,229.37,8,1638,285.79,3,130.84,9,1653,261.61,3,107.81,9,1675,525.84,3,215.73,9,1677,457.63,3,148.61,9,1692,529.23,3,237.01,8,1705,424.45,3,85.97,9,
404,1052,323.01,3,299.89,9,1113,303.83,3,199.75,9,1268,317.39,3,12.73,8,1419,502.55,3,153.7,9,1522,385.64,3,123.59,8,1638,283.92,3,132.63,9,1653,277.86,3,88.99,9,1675,506.65,3,193.48,9,1677,439.15,3,135.69,9,1691,547.53,3,296.19,9,1692,521.83,3,229.12,8,1705,426.49,3,87.15,9,
405,1052,334.56,3,299.2,9,1113,311.01,3,182.86,9,1268,318.21,3,8.69,8,1419,526.83,3,178.98,9,1522,416.22,3,143.47,8,1638,281.74,3,134.74,9,1653,294.1,3,70.52,9,1669,119.82,3,245.39,8,1675,483.45,3,169.99,9,1677,419.36,3,127.48,9,1691,541.28,3,288.31,9,1692,511.55,3,219.69,8,1705,428.31,3,88.24,9,
406,1052,346.99,3,299.05,9,1113,316.91,3,169.92,9,1268,322.62,3,8.0,8,1419,550.46,3,203.51,9,1522,444.9,3,165.14,8,1638,280.28,3,136.17,9,1653,310.6,3,52.04,9,1669,124.06,3,235.87,8,1675,457.51,3,148.52,9,1677,398.26,3,122.52,9,1691,533.29,3,278.17,9,1692,499.23,3,208.45,8,1705,429.91,3,89.21,9,
407,1052,359.09,3,299.47,9,1113,320.45,3,160.83,9,1268,329.67,3,14.13,8,1419,574.48,3,228.33,9,1421,293.88,3,283.77,9,1522,469.31,3,185.25,8,1638,278.24,3,138.17,9,1653,326.8,3,34.13,9,1669,128.82,3,226.44,8,1675,431.43,3,132.12,9,1677,377.87,3,122.9,9,1691,524.08,3,266.36,9,1692,484.99,3,195.59,8,1705,431.59,3,90.27,9,
408,1113,322.38,3,155.92,9,1268,337.91,3,22.59,8,1419,598.63,3,253.1,9,1421,292.7,3,255.88,9,1522,489.45,3,202.74,8,1638,276.37,3,140.02,9,1653,339.04,3,20.74,9,1669,134.28,3,216.66,8,1675,406.38,3,123.76,9,1677,361.24,3,126.46,9,1691,513.78,3,252.98,9,1692,468.64,3,181.08,8,1705,433.93,3,91.77,9,
409,1113,325.88,3,149.2,9,1268,347.85,3,33.01,8,1419,623.57,3,278.61,9,1421,295.29,3,228.97,9,1522,505.09,3,216.65,8,1638,275.01,3,141.39,9,1653,347.22,3,11.88,9,1669,140.41,3,206.55,8,1675,385.84,3,122.06,9,1677,348.03,3,129.43,9,1691,502.14,3,237.63,9,1692,449.82,3,164.81,8,1705,436.6,3,93.54,9,
410,1113,331.66,3,141.53,9,1268,359.84,3,45.62,8,1421,301.05,3,207.07,9,1522,516.26,3,226.72,8,1617,109.65,3,279.5,9,1638,273.32,3,143.09,9,1653,351.29,3,7.52,9,1669,146.4,3,197.32,8,1675,369.22,3,124.53,9,1677,339.06,3,132.28,9,1691,489.46,3,220.59,9,1692,428.55,3,147.23,8,1705,439.28,3,95.36,9,
411,1113,340.59,3,135.19,9,1268,373.64,3,60.13,8,1421,307.96,3,189.72,9,1522,524.39,3,234.11,8,1617,137.0,3,260.76,9,1638,271.9,3,144.52,9,1653,354.76,3,4.17,9,1669,153.07,3,187.57,8,1675,356.42,3,127.36,9,1677,334.37,3,134.83,9,1691,475.33,3,201.16,9,1692,404.94,3,129.13,8,1705,441.75,3,97.09,9,
412,1113,353.3,3,131.46,9,1268,389.6,3,76.87,8,1421,313.9,3,176.67,9,1522,529.43,3,239.54,8,1617,164.87,3,245.05,9,1638,270.55,3,145.9,9,1653,354.86,3,7.19,9,1669,160.24,3,177.59,8,1675,347.38,3,129.61,9,1677,328.99,3,140.08,9,1691,460.03,3,179.49,9,1692,379.27,3,111.85,8,1705,444.41,3,98.99,9,
413,1113,367.92,3,128.33,9,1268,407.1,3,95.02,8,1421,321.85,3,171.56,9,1504,522.05,3,229.33,8,1522,529.83,3,242.15,8,1617,192.39,3,231.61,9,1638,268.81,3,147.69,9,1653,353.08,3,12.11,9,1669,167.76,3,167.51,8,1675,338.8,3,132.36,9,1677,322.88,3,148.19,9,1691,444.38,3,156.51,9,1692,351.51,3,96.87,8,1705,446.45,3,100.48,9,
414,1113,384.0,3,125.51,9,1268,426.65,3,114.72,8,1421,330.71,3,171.05,9,1504,491.5,3,201.45,8,1522,529.28,3,244.77,8,1617,219.35,3,218.14,9,1638,267.11,3,149.44,9,1653,350.51,3,19.45,9,1669,174.75,3,158.43,8,1675,334.47,3,134.76,9,1677,317.77,3,158.91,9,1691,428.49,3,132.09,9,1692,324.43,3,88.08,8,1705,448.5,3,102.0,9,
415,1113,400.43,3,125.82,9,1268,447.4,3,135.62,8,1421,341.77,3,171.29,9,1504,461.05,3,174.45,8,1617,245.09,3,202.45,9,1638,265.87,3,150.73,9,1653,347.48,3,28.69,9,1669,182.32,3,149.05,8,1674,142.16,3,296.07,9,1675,329.06,3,140.0,9,1677,312.51,3,172.08,9,1691,411.92,3,105.17,9,1692,297.18,3,85.93,8,1705,451.1,3,103.96,9,
416,1113,417.98,3,129.75,9,1268,468.06,3,156.43,8,1421,354.91,3,172.5,9,1504,431.0,3,149.19,8,1617,268.1,3,187.42,9,1638,264.05,3,152.63,9,1653,343.98,3,40.32,9,1669,190.44,3,139.37,8,1674,148.9,3,274.04,9,1675,323.1,3,147.9,9,1677,305.69,3,186.89,9,1691,395.47,3,76.52,9,1692,270.21,3,91.85,8,1705,453.11,3,105.49,9,
417,1113,435.09,3,136.2,9,1268,488.44,3,176.95,8,1421,369.05,3,174.91,9,1504,400.42,3,125.88,8,1572,464.48,3,227.77,8,1608,519.08,3,226.6,8,1617,286.92,3,174.09,9,1638,262.27,3,154.5,9,1653,340.22,3,54.48,9,1669,198.02,3,130.48,8,1674,158.47,3,251.93,9,1675,317.97,3,158.39,9,1677,298.74,3,203.99,9,1691,379.65,3,47.24,9,1692,242.5,3,104.16,8,1705,455.82,3,107.6,9,
418,1113,453.27,3,147.61,9,1268,506.97,3,195.6,8,1421,382.33,3,178.17,9,1504,369.52,3,106.05,8,1572,443.99,3,203.29,8,1608,491.21,3,201.19,8,1617,306.66,3,158.91,9,1638,260.92,3,155.94,9,1653,336.73,3,71.0,9,1669,206.58,3,120.59,8,1674,170.34,3,229.9,9,1675,312.94,3,171.1,9,1677,293.28,3,223.16,9,1691,365.98,3,19.22,9,1692,214.84,3,120.9,8,1705,457.38,3,108.83,9,
419,1113,471.68,3,161.12,9,1268,521.75,3,210.47,8,1305,293.9,3,283.88,9,1421,396.16,3,182.55,9,1504,339.46,3,92.2,8,1572,422.09,3,178.22,8,1608,463.42,3,176.51,8,1617,326.94,3,142.32,9,1638,259.05,3,157.93,9,1653,333.84,3,88.96,9,1669,214.5,3,111.55,8,1674,184.38,3,207.44,9,1675,306.17,3,185.8,9,1677,289.96,3,244.81,9,1691,354.3,3,8.75,9,1692,188.1,3,140.54,8,1705,458.89,3,110.03,9,
420,1113,489.86,3,178.04,9,1268,532.23,3,221.01,8,1305,292.65,3,259.0,9,1421,409.89,3,187.8,9,1504,308.7,3,85.79,8,1572,400.61,3,153.28,8,1608,436.17,3,153.39,8,1617,351.3,3,131.95,9,1638,257.51,3,159.58,9,1653,332.05,3,104.91,9,1669,223.06,3,101.9,8,1674,199.61,3,185.47,9,1675,299.47,3,202.06,9,1677,289.53,3,269.06,9,1691,345.27,3,35.91,9,1692,160.39,3,163.12,8,1705,460.76,3,111.53,9,
421,1113,506.52,3,195.33,9,1268,538.43,3,227.21,8,1305,294.3,3,234.12,9,1421,423.3,3,193.75,9,1504,278.16,3,89.46,8,1572,381.15,3,128.06,8,1608,407.9,3,131.31,8,1617,376.14,3,126.57,9,1638,255.74,3,161.49,9,1653,331.09,3,116.37,9,1669,231.23,3,92.77,8,1674,216.36,3,163.05,9,1675,293.81,3,221.0,9,1677,292.28,3,295.95,9,1691,339.0,3,59.87,9,1692,133.34,3,186.57,8,1705,462.64,3,113.05,9,
422,1113,521.98,3,213.11,9,1268,544.61,3,232.96,8,1305,299.88,3,210.7,9,1421,437.34,3,200.74,9,1504,247.75,3,101.37,8,1572,363.9,3,102.85,8,1608,379.75,3,112.14,8,1617,401.38,3,125.94,9,1638,254.0,3,163.39,9,1653,329.48,3,123.55,9,1669,240.1,3,82.96,8,1674,234.16,3,140.69,9,1675,290.09,3,242.78,9,1691,335.1,3,80.39,9,1692,106.14,3,211.25,8,1705,464.39,3,114.47,9,1744,292.66,3,57.97,8,
423,1113,537.01,3,231.48,9,1268,547.46,3,234.92,8,1305,306.96,3,192.06,9,1504,217.76,3,118.94,8,1572,348.96,3,77.43,8,1608,352.44,3,97.28,8,1617,427.22,3,132.98,9,1638,252.18,3,165.38,9,1653,328.57,3,127.92,9,1669,248.6,3,73.63,8,1674,252.63,3,118.4,9,1675,289.46,3,266.88,9,1691,332.91,3,96.42,9,1692,79.58,3,236.3,8,1705,466.9,3,116.54,9,1744,292.43,3,59.35,8,
424,1113,552.25,3,250.04,9,1268,549.55,3,235.95,8,1305,313.74,3,177.01,9,1504,187.27,3,141.19,8,1572,337.01,3,55.41,8,1608,324.0,3,87.98,8,1617,454.08,3,148.18,9,1638,250.38,3,167.35,9,1653,326.89,3,133.86,9,1669,257.1,3,64.36,8,1674,270.78,3,97.14,9,1675,291.87,3,292.84,9,1691,331.74,3,108.78,9,1705,469.18,3,118.44,9,1744,291.97,3,62.06,8,
425,1113,567.03,3,267.82,9,1268,552.15,3,237.63,8,1305,318.49,3,165.92,9,1504,157.48,3,165.58,8,1572,328.25,3,37.92,8,1608,295.63,3,86.06,8,1617,481.64,3,170.19,9,1638,248.47,3,169.49,9,1653,324.4,3,141.16,9,1669,266.27,3,54.45,8,1674,289.82,3,75.35,9,1691,330.57,3,118.57,9,1705,471.42,3,120.32,9,1744,291.18,3,67.09,8,
426,1113,579.59,3,282.78,9,1268,555.37,3,240.16,8,1305,321.22,3,158.83,9,1504,127.74,3,191.57,8,1572,321.84,3,24.17,8,1608,267.39,3,92.8,8,1617,507.03,3,195.91,9,1638,246.41,3,171.78,9,1653,321.1,3,150.31,9,1669,274.77,3,45.33,8,1674,309.5,3,53.27,9,1691,329.21,3,124.78,9,1705,473.79,3,122.33,9,1744,290.24,3,74.14,8,
427,1113,588.52,3,293.26,9,1268,558.81,3,243.3,8,1305,322.49,3,155.65,9,1504,98.34,3,218.51,8,1572,317.71,3,14.82,8,1608,239.88,3,105.59,8,1617,529.78,3,222.59,9,1638,244.7,3,173.72,9,1653,316.81,3,161.41,9,1669,283.1,3,36.44,8,1674,325.69,3,35.36,9,1691,327.13,3,133.03,9,1705,476.4,3,124.56,9,1744,289.23,3,83.6,8,
428,1113,593.69,3,299.24,9,1268,562.73,3,247.26,8,1305,324.93,3,150.78,9,1504,68.36,3,247.22,8,1572,317.63,3,9.58,8,1608,211.52,3,123.19,8,1617,548.23,3,245.17,9,1638,243.39,3,175.2,9,1653,311.8,3,173.61,9,1669,291.67,3,27.39,8,1674,337.94,3,21.95,9,1691,323.8,3,142.81,9,1705,478.18,3,126.1,9,1710,532.38,3,248.42,8,1744,288.47,3,94.44,8,
429,1305,329.26,3,144.3,9,1572,321.93,3,7.69,8,1608,184.14,3,143.65,8,1617,563.47,3,263.55,9,1638,241.62,3,177.21,9,1653,305.34,3,187.7,9,1669,298.56,3,20.21,8,1674,346.12,3,13.07,9,1691,319.57,3,154.37,9,1692,91.8,3,293.04,9,1705,480.48,3,128.09,9,1710,532.87,3,245.84,8,1744,291.29,3,106.9,8,
430,1305,336.41,3,137.21,9,1572,329.44,3,13.9,8,1608,156.75,3,166.2,8,1617,575.56,3,277.99,9,1638,240.36,3,178.66,9,1653,298.96,3,203.42,9,1669,307.31,3,11.86,8,1674,350.19,3,8.7,9,1691,314.49,3,167.38,9,1692,118.37,3,273.23,9,1705,482.63,3,129.97,9,1710,533.19,3,244.58,8,1744,291.52,3,120.89,8,
431,1305,347.43,3,133.01,9,1572,337.69,3,22.36,8,1608,128.73,3,190.68,8,1617,585.6,3,289.87,9,1635,532.22,3,249.5,8,1638,238.53,3,180.78,9,1653,293.62,3,221.73,9,1669,316.34,3,8.32,8,1674,354.9,3,4.11,9,1691,308.21,3,181.28,9,1692,145.46,3,255.58,9,1705,484.29,3,131.38,9,1710,533.63,3,242.84,8,1744,292.57,3,136.56,8,
432,1305,360.91,3,129.87,9,1572,348.44,3,33.62,8,1608,101.99,3,215.11,8,1617,593.16,3,298.63,9,1635,532.74,3,246.46,8,1638,237.05,3,182.49,9,1653,290.13,3,242.34,9,1669,324.26,3,14.37,8,1674,354.38,3,8.56,9,1691,301.27,3,197.46,9,1692,173.39,3,241.21,9,1705,485.81,3,132.69,9,1710,534.32,3,240.79,8,1744,294.77,3,154.3,8,
433,1305,375.91,3,126.61,9,1504,91.8,3,293.04,9,1572,361.4,3,47.26,8,1608,75.14,3,240.59,8,1635,533.08,3,244.95,8,1638,235.89,3,183.85,9,1653,289.45,3,265.69,9,1669,328.08,3,22.76,8,1674,351.57,3,16.39,9,1691,295.01,3,216.26,9,1692,200.38,3,227.67,9,1705,487.47,3,134.12,9,1710,535.29,3,238.59,8,1744,298.46,3,174.16,8,
434,1305,392.24,3,125.12,9,1504,122.54,3,270.36,9,1572,376.26,3,62.88,8,1635,533.55,3,243.13,8,1638,234.65,3,185.3,9,1653,291.4,3,289.27,9,1669,332.9,3,33.13,8,1674,348.17,3,26.53,9,1691,290.59,3,237.47,9,1692,227.65,3,213.83,9,1705,489.22,3,135.64,9,1710,536.68,3,236.38,8,1744,303.86,3,195.62,8,
435,1305,410.39,3,127.59,9,1504,153.2,3,251.01,9,1572,392.46,3,79.86,8,1635,534.2,3,241.11,8,1638,232.83,3,187.45,9,1669,338.94,3,45.47,8,1674,344.54,3,38.36,9,1691,289.43,3,261.59,9,1692,252.91,3,197.36,9,1705,491.0,3,137.19,9,1710,538.41,3,234.78,8,1744,311.18,3,218.53,8,
436,1305,430.41,3,134.23,9,1504,184.07,3,235.75,9,1572,411.14,3,99.1,8,1635,535.08,3,239.03,8,1638,231.23,3,189.35,9,1669,346.51,3,60.09,8,1674,340.75,3,52.34,9,1691,291.09,3,286.8,9,1692,273.58,3,183.55,9,1705,492.73,3,138.71,9,1710,540.46,3,233.88,8,1744,320.5,3,242.74,8,
437,1305,453.17,3,147.53,9,1504,214.79,3,220.53,9,1572,430.29,3,118.39,8,1635,536.24,3,236.96,8,1638,229.49,3,191.44,9,1669,355.97,3,77.25,8,1674,337.23,3,68.41,9,1692,289.47,3,172.0,9,1705,494.59,3,140.35,9,1710,542.8,3,233.71,8,
438,1504,241.33,3,204.82,9,1572,450.4,3,138.64,8,1635,537.8,3,235.22,8,1638,227.93,3,193.32,9,1669,366.97,3,96.06,8,1674,334.2,3,86.31,9,1692,301.93,3,162.35,9,1705,496.74,3,142.26,9,
439,1504,262.98,3,191.16,9,1572,470.13,3,158.52,8,1608,97.89,3,288.31,9,1635,539.76,3,234.09,8,1638,226.02,3,195.65,9,1669,380.41,3,117.33,8,1674,332.27,3,102.43,9,1692,310.86,3,155.2,9,1705,498.34,3,143.69,9,
440,1504,280.2,3,179.08,9,1572,489.84,3,178.36,8,1608,125.45,3,268.37,9,1635,541.79,3,233.69,8,1638,224.94,3,196.96,9,1669,398.68,3,140.12,8,1674,331.3,3,115.18,9,1692,316.06,3,150.5,9,1705,500.56,3,145.68,9,1769,329.46,3,171.07,9,
441,1504,292.96,3,169.21,9,1572,509.09,3,197.73,8,1608,153.68,3,250.73,9,1635,543.31,3,233.76,8,1638,223.54,3,198.67,9,1669,416.97,3,164.15,8,1674,329.5,3,123.41,9,1692,320.57,3,147.83,9,1705,503.15,3,148.01,9,1769,330.81,3,171.05,9,
442,1504,303.68,3,161.06,9,1572,529.4,3,218.16,8,1608,181.18,3,237.23,9,1635,544.02,3,233.88,8,1638,221.81,3,200.82,9,1669,436.69,3,188.26,8,1674,328.68,3,127.38,9,1692,320.29,3,152.39,9,1705,504.97,3,149.67,9,1769,334.06,3,171.04,9,
443,1504,312.18,3,153.98,9,1572,548.79,3,237.65,8,1608,209.23,3,223.46,9,1635,544.08,3,233.89,8,1638,219.86,3,203.26,9,1669,456.8,3,212.77,8,1674,328.55,3,128.01,9,1692,318.27,3,157.63,9,1705,506.9,3,151.42,9,1769,339.39,3,171.17,9,
444,1504,322.02,3,145.8,9,1608,235.83,3,208.35,9,1635,544.22,3,233.73,8,1638,218.62,3,204.82,9,1669,476.99,3,237.08,8,1674,328.52,3,128.2,9,1692,315.65,3,164.44,9,1705,508.89,3,153.24,9,1769,347.06,3,171.65,9,
445,1504,334.73,3,137.68,9,1608,262.02,3,191.74,9,1635,543.84,3,232.78,8,1638,216.76,3,207.18,9,1674,328.52,3,128.22,9,1692,312.25,3,172.64,9,1705,510.89,3,155.08,9,1769,357.13,3,172.8,9,1777,369.74,3,12.85,9,
446,1504,350.61,3,132.14,9,1608,283.07,3,177.2,9,1635,539.66,3,228.08,8,1638,215.02,3,209.4,9,1674,328.51,3,128.23,9,1692,307.88,3,181.99,9,1705,513.18,3,157.19,9,1769,369.16,3,174.93,9,1777,370.97,3,14.18,9,
447,1504,368.16,3,128.26,9,1608,298.98,3,164.54,9,1635,532.88,3,221.19,8,1638,213.79,3,210.99,9,1665,480.61,3,249.45,8,1674,328.5,3,128.24,9,1692,303.05,3,193.09,9,1705,515.74,3,159.56,9,1769,382.89,3,178.33,9,1777,374.24,3,17.7,9,1780,359.43,3,104.2,8,
448,1504,386.39,3,125.32,9,1608,310.92,3,155.14,9,1635,524.22,3,212.47,8,1638,211.98,3,213.34,9,1665,456.31,3,220.23,8,1674,328.5,3,128.24,9,1692,297.94,3,206.13,9,1705,518.37,3,162.0,9,1769,398.58,3,183.4,9,1777,379.34,3,23.2,9,1780,360.91,3,102.24,8,
449,1504,407.01,3,126.82,9,1608,318.39,3,147.97,9,1635,513.26,3,201.43,8,1638,210.82,3,214.87,9,1665,431.56,3,191.56,8,1674,328.5,3,128.24,9,1692,293.81,3,221.01,9,1705,520.8,3,164.27,9,1769,414.39,3,189.71,9,1777,386.21,3,30.61,9,1780,361.21,3,98.4,8,
450,1504,430.17,3,134.14,9,1608,322.05,3,143.65,9,1635,499.85,3,187.92,8,1638,209.64,3,216.42,9,1665,409.55,3,166.39,8,1674,328.5,3,128.24,9,1692,290.55,3,237.78,9,1705,523.45,3,166.76,9,1769,429.56,3,196.77,9,1777,394.75,3,39.79,9,1780,357.82,3,92.73,8,
451,1504,456.0,3,149.54,9,1608,326.93,3,137.13,9,1635,484.52,3,172.46,8,1638,208.57,3,217.84,9,1665,391.14,3,144.28,8,1674,328.5,3,128.24,9,1692,289.48,3,256.8,9,1705,525.65,3,168.84,9,1769,440.5,3,202.42,9,1777,405.15,3,50.93,9,1780,353.27,3,84.98,8,
452,1504,477.64,3,166.39,9,1608,331.75,3,128.23,9,1635,467.87,3,155.68,8,1638,207.2,3,219.66,9,1665,375.92,3,124.51,8,1674,328.26,3,129.11,9,1692,290.21,3,278.27,9,1705,527.5,3,170.58,9,1769,447.32,3,206.16,9,1777,417.09,3,63.67,9,1780,347.91,3,75.57,8,
453,1504,494.47,3,182.46,9,1608,334.24,3,116.77,9,1620,293.03,3,274.14,9,1635,448.9,3,136.52,8,1638,206.27,3,220.92,9,1665,363.43,3,106.32,8,1674,327.72,3,130.98,9,1705,529.92,3,172.87,9,1769,450.64,3,207.8,9,1777,431.01,3,78.46,9,1780,341.35,3,63.63,8,
454,1504,506.91,3,195.77,9,1608,335.35,3,103.75,9,1620,293.08,3,246.42,9,1635,428.16,3,115.58,8,1638,204.81,3,222.89,9,1665,352.48,3,88.27,8,1674,326.77,3,134.18,9,1705,531.64,3,174.51,9,1769,449.96,3,205.15,9,1777,446.4,3,94.75,9,1780,334.26,3,50.07,8,
455,1504,514.92,3,204.96,9,1608,337.05,3,88.67,9,1620,297.49,3,219.65,9,1635,407.82,3,95.03,8,1638,203.7,3,224.42,9,1665,344.95,3,70.25,8,1674,325.2,3,138.78,9,1705,533.78,3,176.54,9,1769,443.86,3,201.69,9,1777,463.88,3,113.19,9,1780,326.83,3,34.94,8,
456,1504,519.29,3,209.68,9,1608,339.71,3,71.86,9,1620,306.15,3,194.0,9,1635,387.01,3,73.4,8,1638,202.11,3,226.61,9,1665,335.77,3,53.0,8,1674,322.9,3,145.33,9,1705,535.57,3,178.25,9,1769,435.18,3,197.0,9,1777,483.15,3,133.41,9,1780,321.59,3,23.6,8,
457,1504,525.85,3,214.58,9,1608,343.63,3,53.25,9,1635,367.53,3,53.01,8,1638,200.52,3,228.81,9,1665,328.76,3,38.97,8,1674,319.6,3,154.29,9,1705,537.99,3,180.56,9,1744,325.57,3,232.91,8,1769,424.23,3,191.48,9,1777,504.61,3,155.84,9,1780,318.22,3,16.0,8,
458,1504,530.13,3,214.79,9,1608,349.21,3,32.97,9,1635,348.17,3,32.83,8,1638,198.79,3,231.24,9,1665,323.93,3,28.74,8,1674,315.63,3,164.49,9,1705,539.8,3,182.29,9,1744,317.53,3,209.6,8,1769,410.86,3,185.41,9,1777,525.55,3,177.66,9,1780,318.25,3,11.49,8,
459,1504,535.06,3,214.57,9,1608,356.34,3,11.47,9,1638,197.6,3,232.94,9,1665,317.71,3,22.16,8,1674,310.27,3,176.88,9,1705,541.67,3,184.1,9,1739,329.67,3,243.42,8,1744,310.95,3,185.96,8,1769,395.2,3,179.3,9,1777,542.48,3,195.24,9,1780,321.62,3,11.54,8,
460,1504,541.18,3,215.03,9,1608,365.68,3,12.31,9,1638,196.68,3,234.25,9,1665,313.55,3,13.09,8,1674,303.98,3,190.89,9,1705,544.34,3,186.66,9,1739,320.0,3,217.22,8,1744,305.96,3,161.69,8,1769,380.22,3,174.58,9,1777,555.53,3,208.76,9,1780,324.98,3,15.85,8,
461,1504,548.2,3,216.42,9,1608,377.56,3,37.64,9,1638,195.72,3,235.64,9,1665,309.14,3,6.64,8,1674,297.53,3,207.28,9,1705,546.81,3,189.04,9,1739,312.44,3,191.87,8,1744,302.91,3,138.13,8,1769,365.07,3,171.03,9,1777,564.24,3,217.78,9,1780,327.87,3,22.3,8,
462,1504,556.36,3,219.05,9,1608,391.69,3,64.82,9,1638,194.31,3,237.69,9,1665,304.63,3,15.53,8,1674,292.6,3,226.08,9,1705,549.16,3,191.31,9,1739,306.68,3,165.81,8,1744,301.66,3,114.22,8,1769,350.04,3,168.78,9,1777,568.05,3,222.21,9,1780,331.48,3,30.13,8,
463,1504,562.97,3,221.87,9,1608,407.54,3,93.31,9,1638,193.23,3,239.27,9,1665,300.22,3,30.35,8,1674,289.83,3,247.12,9,1705,551.44,3,193.53,9,1739,303.09,3,140.03,8,1744,302.33,3,90.02,8,1769,337.96,3,167.93,9,1777,566.49,3,221.95,9,1780,336.22,3,40.0,8,
464,1504,567.27,3,224.0,9,1608,424.42,3,121.67,9,1638,191.95,3,241.17,9,1665,295.65,3,47.95,8,1674,289.62,3,270.63,9,1705,553.76,3,195.78,9,1739,301.66,3,114.59,8,1744,304.88,3,66.22,8,1769,328.99,3,167.88,9,1777,562.88,3,220.05,9,1780,342.01,3,51.49,8,
465,1504,571.42,3,225.97,9,1608,442.51,3,150.11,9,1638,190.4,3,243.5,9,1665,291.06,3,67.98,8,1674,292.24,3,295.64,9,1705,556.45,3,198.39,9,1739,302.45,3,88.33,8,1744,310.93,3,43.18,8,1769,324.49,3,168.03,9,1777,558.19,3,217.81,9,1780,349.36,3,65.36,8,
466,1504,568.83,3,221.82,9,1608,460.95,3,177.52,9,1638,189.25,3,245.25,9,1665,288.73,3,90.04,8,1705,558.58,3,200.47,9,1739,305.37,3,62.99,8,1744,317.85,3,21.19,8,1769,318.6,3,169.04,9,1777,552.73,3,215.57,9,1780,358.27,3,81.28,8,
467,1504,561.34,3,213.91,9,1608,480.53,3,205.33,9,1638,188.21,3,246.84,9,1665,288.12,3,113.78,8,1705,560.67,3,202.51,9,1739,311.88,3,39.77,8,1744,326.64,3,11.14,8,1769,312.33,3,173.27,9,1777,546.16,3,213.44,9,1780,368.44,3,98.5,8,
468,1504,551.85,3,204.08,9,1608,500.65,3,232.84,9,1638,187.17,3,248.44,9,1665,289.66,3,139.41,8,1705,562.69,3,204.48,9,1739,319.81,3,16.25,8,1744,336.55,3,30.23,8,1769,307.95,3,181.85,9,1777,538.58,3,211.86,9,1780,381.05,3,118.29,8,
469,1504,540.87,3,192.68,9,1608,518.52,3,256.51,9,1638,185.74,3,250.69,9,1665,293.91,3,167.44,8,1705,564.83,3,206.58,9,1739,328.99,3,14.85,8,1744,347.81,3,52.88,8,1769,303.12,3,192.93,9,1777,532.12,3,211.38,9,1780,398.4,3,139.73,8,
470,1504,528.51,3,179.81,9,1608,533.83,3,276.34,9,1638,184.23,3,253.08,9,1665,301.21,3,197.14,8,1705,567.06,3,208.76,9,1739,340.05,3,37.45,8,1744,360.29,3,76.06,8,1769,297.92,3,206.22,9,1777,527.95,3,211.52,9,1780,415.93,3,162.86,8,
471,1504,514.63,3,165.34,9,1608,546.14,3,292.01,9,1638,183.12,3,254.87,9,1665,311.0,3,226.32,8,1705,569.02,3,210.68,9,1739,352.35,3,61.54,8,1744,373.64,3,99.07,8,1769,293.76,3,221.17,9,1777,525.91,3,211.74,9,1780,438.52,3,188.02,8,
472,1504,499.4,3,149.44,9,1638,181.94,3,256.8,9,1705,571.4,3,213.02,9,1739,365.09,3,84.52,8,1744,388.83,3,122.91,8,1769,290.47,3,238.55,9,1777,522.45,3,210.75,9,1780,460.47,3,214.89,8,
473,1504,482.25,3,131.46,9,1638,180.87,3,258.56,9,1705,573.21,3,214.8,9,1739,379.64,3,108.92,8,1744,406.01,3,147.16,8,1769,289.46,3,258.07,9,1777,516.88,3,205.25,9,1780,480.25,3,238.77,8,
474,1504,463.02,3,111.22,9,1538,536.61,3,243.33,8,1638,179.94,3,260.12,9,1705,575.85,3,217.4,9,1739,396.49,3,133.91,8,1744,424.3,3,170.58,8,1769,290.32,3,279.61,9,1777,509.96,3,197.29,9,
475,1504,441.68,3,88.65,9,1538,533.32,3,241.45,8,1638,178.48,3,262.59,9,1705,577.89,3,219.42,9,1739,413.62,3,157.28,8,1744,443.79,3,194.41,8,1777,501.19,3,187.16,9,
476,1504,418.92,3,64.43,9,1538,530.56,3,241.06,8,1638,177.49,3,264.3,9,1705,580.1,3,221.59,9,1739,432.68,3,180.89,8,1744,463.15,3,218.15,8,1777,490.08,3,176.38,9,
477,1504,394.49,3,38.23,9,1538,529.54,3,243.38,8,1638,176.32,3,266.35,9,1705,581.73,3,223.21,9,1739,452.33,3,204.92,8,1744,482.28,3,241.2,8,1777,477.6,3,164.38,9,
478,1504,368.8,3,10.46,9,1538,528.96,3,246.93,8,1638,175.26,3,268.24,9,1705,584.17,3,225.62,9,1739,471.86,3,228.69,8,1777,462.95,3,152.53,9,
479,1638,174.51,3,269.58,9,1705,585.79,3,227.22,9,1777,446.27,3,140.52,9,
480,1500,472.41,3,237.36,8,1638,173.56,3,271.33,9,1705,587.95,3,229.36,9,1777,428.15,3,130.75,9,
481,1500,448.24,3,208.13,8,1638,172.71,3,272.88,9,1705,590.11,3,231.5,9,1777,409.08,3,124.4,9,1795,549.47,3,298.61,9,
482,1500,422.99,3,179.26,8,1638,171.75,3,274.68,9,1705,592.69,3,234.06,9,1777,388.55,3,121.92,9,1795,541.84,3,289.02,9,
483,1500,398.17,3,150.23,8,1638,170.75,3,276.59,9,1705,595.19,3,236.54,9,1777,367.42,3,124.96,9,1795,532.46,3,277.11,9,
484,1500,375.71,3,120.84,8,1638,169.84,3,278.37,9,1705,597.39,3,238.72,9,1777,344.26,3,130.54,9,1795,521.7,3,263.29,9,
485,1500,357.37,3,91.98,8,1638,169.02,3,279.99,9,1705,599.51,3,240.83,9,1777,319.96,3,141.57,9,1795,509.94,3,247.95,9,
486,1500,343.06,3,66.8,8,1638,167.86,3,282.31,9,1705,601.57,3,242.89,9,1777,297.76,3,156.91,9,1795,497.22,3,231.06,9,
487,1500,332.28,3,46.14,8,1638,166.94,3,284.22,9,1705,603.27,3,244.58,9,1777,275.01,3,174.68,9,1795,483.79,3,212.85,9,
488,1500,324.43,3,29.81,8,1638,165.83,3,286.55,9,1705,605.58,3,246.89,9,1777,251.54,3,192.38,9,1795,469.76,3,193.35,9,
489,1500,319.11,3,18.03,8,1638,164.75,3,288.89,9,1649,295.86,3,299.35,9,1705,607.32,3,248.62,9,1777,226.97,3,207.7,9,1795,454.86,3,171.99,9,
490,1500,317.22,3,10.27,8,1638,164.01,3,290.53,9,1649,293.5,3,279.83,9,1705,609.82,3,251.13,9,1777,201.52,3,221.96,9,1795,438.84,3,148.13,9,
491,1500,323.56,3,8.57,8,1638,162.95,3,292.93,9,1649,292.64,3,264.81,9,1705,611.62,3,252.93,9,1777,175.57,3,234.72,9,1795,422.54,3,122.62,9,
492,1500,332.3,3,16.8,8,1638,162.27,3,294.54,9,1649,292.76,3,253.98,9,1705,613.4,3,254.7,9,1777,149.4,3,248.48,9,1795,405.74,3,94.63,9,
493,1500,343.05,3,27.97,8,1638,161.48,3,296.4,9,1649,293.04,3,247.26,9,1705,615.46,3,256.76,9,1777,123.86,3,264.47,9,1795,390.01,3,66.63,9,
494,1500,355.18,3,40.71,8,1638,160.73,3,298.24,9,1649,292.83,3,243.87,9,1705,617.09,3,258.39,9,1777,97.47,3,283.51,9,1795,375.63,3,39.32,9,
495,1500,368.69,3,54.93,8,1649,290.6,3,243.27,9,1705,619.53,3,260.84,9,1795,362.43,3,11.36,9,1816,328.53,3,247.69,8,
496,1500,384.63,3,71.67,8,1649,289.88,3,246.21,9,1705,621.58,3,262.89,9,1795,351.37,3,16.96,9,1816,319.29,3,223.8,8,1849,556.51,3,245.4,8,
497,1500,402.54,3,90.39,8,1649,289.61,3,251.88,9,1705,623.68,3,265.0,9,1795,342.95,3,43.99,9,1816,311.21,3,198.58,8,1849,559.0,3,247.9,8,
498,1500,423.52,3,111.57,8,1649,289.44,3,259.0,9,1705,626.4,3,267.73,9,1795,337.15,3,68.81,9,1816,304.5,3,170.78,8,
499,1500,447.07,3,135.29,8,1649,289.48,3,267.68,9,1705,628.16,3,269.5,9,1795,333.74,3,89.64,9,1816,300.07,3,141.66,8,
500,1500,469.78,3,158.16,8,1649,290.26,3,278.93,9,1705,630.85,3,272.2,9,1795,331.96,3,105.98,9,1816,298.44,3,112.35,8,
501,1500,492.14,3,180.68,8,1649,291.73,3,291.83,9,1705,632.98,3,274.34,9,1777,88.21,3,229.6,8,1795,330.76,3,117.79,9,1816,299.71,3,82.73,8,1848,657.17,3,298.63,9,
502,1500,511.31,3,199.97,8,1705,635.64,3,277.01,9,1729,532.34,3,248.65,8,1777,113.84,3,206.5,8,1795,329.14,3,125.14,9,1816,303.95,3,52.77,8,1848,654.8,3,296.24,9,
503,1500,526.01,3,214.75,8,1705,637.64,3,279.03,9,1729,532.84,3,245.98,8,1777,139.69,3,183.99,8,1795,326.92,3,133.75,9,1816,310.25,3,23.75,8,1848,653.34,3,294.77,9,
504,1500,536.24,3,225.05,8,1705,639.2,3,280.6,9,1729,533.17,3,244.61,8,1777,165.14,3,162.89,8,1795,323.38,3,144.01,9,1816,321.2,3,7.25,8,1848,651.37,3,292.78,9,
505,1500,540.82,3,230.01,8,1705,640.97,3,282.38,9,1729,533.65,3,242.79,8,1777,191.5,3,142.66,8,1795,319.04,3,155.69,9,1816,334.44,3,36.36,8,1848,649.12,3,290.52,9,
506,1500,540.36,3,230.59,8,1705,642.55,3,283.97,9,1729,534.38,3,240.65,8,1777,217.18,3,125.33,8,1785,324.04,3,228.78,8,1795,313.84,3,168.98,9,1816,349.57,3,65.74,8,1848,647.07,3,288.45,9,
507,1500,538.74,3,230.49,8,1705,644.79,3,286.23,9,1729,535.38,3,238.41,8,1777,243.0,3,111.4,8,1785,315.66,3,203.47,8,1795,307.27,3,183.35,9,1797,294.45,3,288.77,9,1816,366.27,3,94.89,8,1848,645.2,3,286.58,9,
508,1500,536.97,3,230.78,8,1705,646.77,3,288.23,9,1729,536.68,3,236.37,8,1777,269.06,3,101.68,8,1785,309.09,3,177.88,8,1795,300.36,3,199.78,9,1797,292.63,3,262.29,9,1816,384.79,3,123.85,8,1848,643.28,3,284.64,9,
509,1500,535.08,3,231.7,8,1705,649.08,3,290.56,9,1729,538.33,3,234.82,8,1777,294.78,3,97.56,8,1785,304.55,3,152.46,8,1795,294.38,3,218.7,9,1816,405.86,3,153.03,8,1848,640.89,3,282.25,9,
510,1500,533.36,3,233.4,8,1705,651.72,3,293.22,9,1729,540.21,3,233.95,8,1777,321.1,3,99.4,8,1785,302.08,3,126.81,8,1795,290.34,3,239.84,9,1816,429.8,3,182.45,8,1848,639.24,3,280.58,9,
511,1500,532.4,3,234.91,8,1705,653.95,3,295.47,9,1722,294.6,3,289.9,9,1729,542.2,3,233.69,8,1777,346.97,3,105.12,8,1785,301.77,3,101.56,8,1795,289.43,3,263.85,9,1816,453.9,3,211.63,8,1848,636.87,3,278.2,9,
512,1500,531.88,3,235.95,8,1705,656.28,3,297.83,9,1722,292.63,3,262.67,9,1729,543.49,3,233.78,8,1777,372.4,3,116.13,8,1785,303.57,3,76.29,8,1795,291.47,3,289.9,9,1816,478.27,3,240.82,8,1848,635.52,3,276.85,9,
513,1500,531.23,3,237.43,8,1705,657.99,3,299.55,9,1722,293.95,3,236.51,9,1729,544.34,3,233.57,8,1777,398.13,3,131.23,8,1785,307.68,3,50.36,8,1848,633.21,3,274.53,9,
514,1500,530.52,3,239.53,8,1722,299.44,3,212.26,9,1729,541.4,3,229.91,8,1777,423.57,3,148.79,8,1785,316.21,3,25.79,8,1848,631.29,3,272.61,9,
515,1500,529.78,3,242.38,8,1722,306.62,3,192.87,9,1729,534.92,3,223.25,8,1777,449.23,3,168.59,8,1785,325.54,3,10.1,8,1848,629.13,3,270.44,9,
516,1500,529.08,3,246.0,8,1671,294.43,3,288.58,9,1722,313.48,3,177.55,9,1729,526.79,3,215.05,8,1762,325.19,3,231.88,8,1777,475.05,3,190.19,8,1785,336.48,3,30.07,8,1848,627.79,3,269.1,9,
517,1671,292.65,3,258.94,9,1722,318.37,3,166.22,9,1729,516.87,3,205.07,8,1762,316.24,3,205.41,8,1777,500.69,3,212.71,8,1785,348.8,3,54.8,8,1848,626.41,3,267.72,9,
518,1671,295.04,3,230.09,9,1722,321.2,3,158.88,9,1729,504.71,3,192.81,8,1762,309.51,3,179.79,8,1777,526.51,3,236.06,8,1785,362.53,3,80.04,8,1848,624.38,3,265.68,9,
519,1671,302.65,3,202.78,9,1722,322.83,3,154.8,9,1729,490.51,3,178.5,8,1762,304.73,3,153.72,8,1785,377.83,3,105.98,8,1848,622.79,3,264.09,9,1849,544.58,3,232.96,8,
520,1722,324.97,3,149.01,9,1729,475.0,3,162.87,8,1762,302.1,3,127.2,8,1785,394.36,3,130.88,8,1848,621.02,3,262.32,9,1849,525.3,3,213.56,8,
521,1722,327.68,3,141.28,9,1729,457.23,3,144.94,8,1762,301.75,3,101.86,8,1785,412.95,3,156.44,8,1848,618.66,3,259.96,9,1849,506.18,3,194.3,8,
522,1722,330.95,3,131.16,9,1729,438.7,3,126.23,8,1762,303.59,3,76.12,8,1785,434.07,3,182.59,8,1848,617.08,3,258.39,9,1849,487.38,3,175.35,8,1887,560.27,3,212.81,9,
523,1722,333.81,3,118.6,9,1729,419.11,3,106.44,8,1762,307.64,3,50.52,8,1785,455.65,3,208.99,8,1848,615.17,3,256.48,9,1849,468.21,3,156.02,8,1887,558.82,3,211.3,9,
524,1722,335.35,3,103.77,9,1729,400.01,3,87.0,8,1762,316.19,3,25.84,8,1785,476.86,3,234.71,8,1848,612.87,3,254.19,9,1849,448.96,3,136.59,8,1887,555.98,3,208.36,9,1889,405.02,3,88.87,9,
525,1638,143.7,3,290.08,9,1722,337.33,3,86.58,9,1729,381.29,3,67.42,8,1762,325.45,3,10.05,8,1848,611.32,3,252.64,9,1849,430.75,3,118.2,8,1887,550.81,3,203.0,9,1889,406.45,3,91.38,9,
526,1638,148.98,3,273.81,9,1722,340.47,3,67.88,9,1729,363.51,3,48.8,8,1762,336.39,3,29.91,8,1769,475.62,3,245.8,8,1848,609.98,3,251.3,9,1849,411.81,3,99.06,8,1887,544.08,3,196.01,9,1889,409.25,3,96.27,9,
527,1638,156.45,3,256.14,9,1722,345.02,3,47.82,9,1729,350.04,3,34.77,8,1762,348.93,3,55.06,8,1769,465.05,3,233.18,8,1848,607.56,3,248.89,9,1849,393.64,3,80.34,8,1877,547.25,3,292.85,9,1887,535.56,3,187.15,9,1889,413.07,3,102.83,9,
528,1638,166.38,3,236.84,9,1722,351.55,3,25.5,9,1729,340.52,3,24.99,8,1762,362.7,3,80.34,8,1769,452.73,3,218.32,8,1847,365.1,3,249.17,8,1848,606.12,3,247.45,9,1849,375.44,3,61.29,8,1877,532.98,3,282.48,9,1887,525.64,3,176.83,9,1889,418.33,3,111.68,9,
529,1638,178.55,3,216.45,9,1702,294.92,3,292.4,9,1705,647.48,3,299.3,9,1722,360.37,3,2.18,9,1729,334.95,3,19.44,8,1762,377.73,3,105.82,8,1769,438.02,3,201.32,8,1847,342.71,3,247.48,8,1848,603.91,3,245.26,9,1849,360.94,3,46.11,8,1877,519.06,3,272.71,9,1887,514.14,3,164.84,9,1889,424.72,3,122.15,9,
530,1638,192.13,3,196.03,9,1702,292.67,3,267.64,9,1705,645.71,3,298.77,9,1722,371.87,3,25.85,9,1729,330.47,3,15.38,8,1762,395.01,3,131.82,8,1769,421.52,3,182.68,8,1813,329.86,3,243.87,8,1847,319.57,3,247.64,8,1848,601.84,3,243.21,9,1849,350.73,3,35.48,8,1877,504.87,3,263.14,9,1887,500.62,3,150.71,9,1889,432.1,3,133.96,9,
531,1638,207.03,3,175.36,9,1702,293.39,3,242.0,9,1705,643.32,3,297.52,9,1722,384.97,3,52.22,9,1729,330.18,3,17.09,8,1762,414.21,3,158.03,8,1769,403.21,3,161.84,8,1813,321.7,3,222.22,8,1848,599.48,3,240.87,9,1849,342.11,3,26.61,8,1877,491.23,3,254.36,9,1887,485.79,3,135.17,9,1889,441.09,3,147.92,9,1899,299.05,3,21.81,8,
532,1638,223.04,3,154.55,9,1702,298.1,3,217.23,9,1705,637.74,3,292.35,9,1722,399.23,3,78.57,9,1729,332.47,3,21.74,8,1762,435.52,3,184.36,8,1769,384.11,3,138.45,8,1813,314.84,3,200.62,8,1848,597.97,3,239.36,9,1849,335.9,3,20.38,8,1877,477.47,3,243.57,9,1887,469.03,3,117.55,9,1889,451.91,3,164.25,9,1899,296.69,3,24.18,8,
533,1638,239.77,3,133.83,9,1702,304.96,3,196.89,9,1705,630.17,3,284.6,9,1709,293.07,3,274.75,9,1722,414.75,3,105.68,9,1729,335.49,3,28.03,8,1762,456.84,3,210.45,8,1813,309.26,3,178.67,8,1848,595.74,3,237.15,9,1849,331.71,3,16.38,8,1877,467.05,3,230.16,9,1887,450.01,3,97.47,9,1889,464.58,3,182.76,9,1899,292.03,3,28.92,8,
534,1638,257.23,3,112.96,9,1702,311.87,3,180.99,9,1705,620.96,3,275.18,9,1709,292.96,3,248.96,9,1722,431.15,3,132.46,9,1729,339.27,3,35.85,8,1762,478.4,3,236.56,8,1813,305.18,3,156.82,8,1848,594.06,3,235.5,9,1849,329.55,3,15.35,8,1877,462.84,3,221.37,9,1887,429.55,3,75.76,9,1889,479.36,3,203.71,9,1899,285.13,3,36.1,8,
535,1638,275.09,3,92.16,9,1702,317.28,3,168.99,9,1705,609.29,3,263.23,9,1709,296.4,3,224.08,9,1722,448.38,3,158.99,9,1729,344.19,3,45.77,8,1813,302.61,3,134.65,8,1848,592.34,3,233.79,9,1849,331.21,3,19.16,8,1877,460.94,3,216.96,9,1887,409.19,3,54.02,9,1889,495.95,3,226.5,9,1899,276.91,3,44.78,8,
536,1638,292.43,3,72.4,9,1702,320.71,3,160.15,9,1705,596.19,3,249.8,9,1709,302.35,3,203.56,9,1722,467.19,3,186.52,9,1729,350.14,3,57.37,8,1813,301.64,3,112.31,8,1848,590.85,3,232.32,9,1849,334.08,3,25.08,8,1877,458.13,3,215.05,9,1887,393.14,3,36.77,9,1889,514.01,3,250.6,9,1899,266.98,3,55.39,8,
537,1638,310.17,3,52.52,9,1702,322.54,3,155.51,9,1705,580.71,3,233.92,9,1709,309.13,3,187.02,9,1722,486.2,3,213.18,9,1729,357.56,3,71.14,8,1813,302.28,3,90.76,8,1848,589.57,3,231.06,9,1849,337.72,3,32.67,8,1877,458.84,3,217.96,9,1887,380.9,3,23.55,9,1889,529.07,3,270.21,9,1899,257.79,3,65.33,8,
538,1638,325.98,3,35.03,9,1702,324.78,3,149.54,9,1705,563.89,3,216.56,9,1709,314.77,3,174.8,9,1722,504.65,3,238.2,9,1729,366.16,3,86.37,8,1813,304.58,3,68.31,8,1848,587.7,3,229.21,9,1849,342.58,3,42.58,8,1877,460.95,3,222.8,9,1887,372.31,3,14.26,9,1889,540.86,3,285.31,9,1899,247.95,3,76.07,8,1909,308.68,3,148.88,9,
539,1638,337.84,3,22.05,9,1702,327.34,3,142.24,9,1705,544.83,3,196.78,9,1709,319.12,3,164.25,9,1722,520.21,3,258.71,9,1729,376.12,3,103.17,8,1813,306.67,3,45.73,8,1848,586.08,3,227.61,9,1849,348.35,3,53.92,8,1877,464.32,3,229.75,9,1887,367.4,3,8.96,9,1889,549.23,3,295.91,9,1899,238.53,3,86.46,8,1909,307.54,3,149.69,9,
540,1638,345.88,3,13.33,9,1702,330.29,3,133.47,9,1705,523.39,3,174.49,9,1709,321.73,3,157.53,9,1722,532.58,3,274.73,9,1729,388.14,3,121.88,8,1813,313.43,3,24.0,8,1848,584.62,3,226.17,9,1849,355.43,3,67.27,8,1877,470.72,3,238.27,9,1887,366.63,3,8.13,9,1899,229.55,3,96.46,8,1909,305.17,3,151.39,9,
541,1638,350.55,3,8.31,9,1702,332.86,3,122.86,9,1705,500.24,3,150.31,9,1709,325.06,3,148.74,9,1722,541.59,3,286.24,9,1729,402.78,3,142.7,8,1813,321.02,3,6.74,8,1848,582.55,3,224.13,9,1849,363.68,3,82.06,8,1877,479.42,3,248.07,9,1887,366.47,3,7.96,9,1899,220.89,3,106.22,8,1909,300.78,3,154.62,9,
542,1638,355.05,3,4.05,9,1702,334.81,3,110.38,9,1705,475.17,3,124.01,9,1709,328.8,3,137.91,9,1722,547.12,3,293.26,9,1729,420.66,3,166.06,8,1813,330.02,3,21.46,8,1848,580.33,3,221.95,9,1849,373.88,3,99.46,8,1877,491.49,3,256.8,9,1887,366.44,3,7.92,9,1899,212.47,3,115.82,8,1909,294.99,3,159.05,9,
543,1638,354.28,3,8.83,9,1702,336.11,3,96.27,9,1705,448.87,3,96.27,9,1709,332.31,3,125.5,9,1722,551.7,3,299.02,9,1729,440.82,3,190.82,8,1813,340.61,3,43.62,8,1847,144.92,3,285.84,9,1848,578.12,3,219.78,9,1849,385.61,3,118.07,8,1877,505.17,3,265.52,9,1887,366.43,3,7.91,9,1889,547.9,3,296.66,9,1899,203.96,3,125.64,8,1909,287.9,3,164.63,9,
544,1638,351.43,3,16.79,9,1702,338.37,3,79.69,9,1705,426.35,3,72.36,9,1709,334.73,3,111.44,9,1729,460.35,3,214.74,8,1813,352.36,3,66.19,8,1847,154.64,3,260.09,9,1848,575.69,3,217.39,9,1849,400.08,3,138.93,8,1877,519.35,3,275.0,9,1887,366.43,3,7.91,9,1889,542.47,3,289.81,9,1899,195.77,3,135.25,8,1909,279.19,3,171.33,9,
545,1575,294.55,3,289.55,9,1638,347.93,3,27.27,9,1702,341.77,3,61.49,9,1705,407.99,3,52.73,9,1709,336.24,3,95.07,9,1729,479.92,3,238.38,8,1813,364.76,3,88.15,8,1847,167.87,3,234.19,9,1848,573.95,3,215.68,9,1849,417.62,3,162.28,8,1877,532.45,3,284.12,9,1887,366.43,3,7.91,9,1889,535.33,3,280.76,9,1899,187.58,3,145.02,8,1909,269.22,3,179.47,9,
546,1575,292.64,3,264.97,9,1638,344.1,3,39.92,9,1702,346.45,3,42.48,9,1705,393.92,3,37.62,9,1709,338.96,3,76.16,9,1813,375.52,3,109.94,8,1847,183.64,3,208.55,9,1848,571.52,3,213.3,9,1849,436.89,3,186.04,8,1877,545.49,3,293.49,9,1887,366.43,3,7.91,9,1889,527.04,3,270.16,9,1899,178.85,3,155.73,8,1909,256.62,3,188.66,9,
547,1575,293.48,3,240.93,9,1638,340.29,3,54.2,9,1702,350.93,3,27.41,9,1705,383.77,3,26.66,9,1709,343.01,3,55.88,9,1722,548.5,3,297.41,9,1813,390.78,3,132.33,8,1847,201.69,3,182.6,9,1848,569.33,3,211.16,9,1849,456.72,3,210.3,8,1887,366.43,3,7.91,9,1889,516.85,3,256.98,9,1899,170.57,3,166.55,8,1909,241.58,3,198.65,9,
548,1575,298.1,3,217.21,9,1638,336.92,3,70.02,9,1702,355.01,3,15.22,9,1705,377.65,3,20.04,9,1709,347.34,3,39.33,9,1722,543.51,3,291.12,9,1813,407.32,3,154.94,8,1847,220.93,3,157.22,9,1848,567.23,3,209.12,9,1849,476.23,3,233.95,8,1887,366.43,3,7.91,9,1889,505.35,3,241.88,9,1899,162.61,3,177.32,8,1909,223.91,3,209.61,9,
549,1575,305.1,3,196.56,9,1638,333.93,3,88.27,9,1702,357.77,3,7.6,9,1705,374.17,3,16.27,9,1709,351.27,3,26.36,9,1722,537.15,3,283.08,9,1813,425.59,3,177.35,8,1847,241.69,3,131.52,9,1848,565.08,3,207.01,9,1887,366.43,3,7.91,9,1889,492.33,3,224.47,9,1899,155.51,3,187.34,8,1909,203.64,3,220.86,9,
550,1575,312.08,3,180.54,9,1638,332.11,3,104.33,9,1702,361.68,3,5.01,9,1705,373.36,3,15.4,9,1709,354.17,3,17.63,9,1722,529.76,3,273.65,9,1813,443.74,3,199.26,8,1847,263.55,3,105.54,9,1848,562.85,3,204.85,9,1887,366.43,3,7.91,9,1889,478.11,3,205.02,9,1899,148.93,3,197.1,8,1909,181.71,3,231.64,9,
551,1575,317.53,3,168.36,9,1638,331.05,3,116.52,9,1702,367.42,3,10.35,9,1705,373.31,3,15.34,9,1709,356.41,3,11.28,9,1722,520.65,3,261.91,9,1813,462.19,3,221.64,8,1847,286.24,3,79.41,9,1848,561.6,3,203.63,9,1887,366.43,3,7.91,9,1889,462.95,3,183.68,9,1899,142.39,3,207.37,8,1909,157.34,3,244.16,9,
552,1575,320.72,3,160.09,9,1638,329.34,3,124.18,9,1702,374.5,3,17.99,9,1705,373.3,3,15.33,9,1709,359.77,3,3.0,9,1722,510.41,3,248.55,9,1813,480.86,3,243.88,8,1847,306.0,3,57.17,9,1848,559.75,3,201.83,9,1887,366.43,3,7.91,9,1889,446.69,3,159.97,9,1899,136.26,3,217.74,8,1909,131.3,3,259.51,9,
553,1575,322.45,3,155.75,9,1638,326.88,3,133.89,9,1702,383.97,3,28.19,9,1705,373.3,3,15.33,9,1709,364.19,3,8.96,9,1722,498.75,3,233.11,9,1847,322.41,3,38.96,9,1848,558.16,3,200.29,9,1887,366.43,3,7.91,9,1889,429.6,3,133.84,9,1899,130.93,3,227.61,8,1909,102.84,3,279.36,9,
554,1575,324.57,3,150.1,9,1638,322.8,3,145.63,9,1702,395.03,3,40.08,9,1705,373.3,3,15.33,9,1709,369.73,3,21.25,9,1722,485.5,3,215.19,9,1847,335.52,3,24.58,9,1848,556.82,3,198.99,9,1887,366.43,3,7.91,9,1889,412.32,3,105.84,9,1899,126.0,3,237.79,8,
555,1575,327.14,3,142.79,9,1638,317.53,3,159.52,9,1702,407.49,3,53.43,9,1705,373.3,3,15.33,9,1709,376.83,3,36.17,9,1722,471.55,3,195.87,9,1847,344.59,3,14.72,9,1848,554.43,3,196.67,9,1887,366.43,3,7.91,9,1889,396.16,3,77.76,9,1899,121.61,3,248.24,8,1934,539.96,3,230.54,8,
556,1575,330.31,3,133.42,9,1638,311.04,3,175.25,9,1702,421.46,3,68.32,9,1705,373.3,3,15.33,9,1709,385.27,3,52.79,9,1722,456.25,3,174.02,9,1847,349.56,3,9.37,9,1848,552.48,3,194.79,9,1887,366.43,3,7.91,9,1889,380.94,3,49.72,9,1934,539.7,3,230.51,8,
557,1575,333.01,3,122.18,9,1638,303.14,3,192.88,9,1702,437.56,3,85.41,9,1705,373.3,3,15.33,9,1709,395.46,3,71.73,9,1722,440.04,3,149.96,9,1847,351.59,3,7.21,9,1848,550.56,3,192.94,9,1887,366.43,3,7.91,9,1889,367.3,3,22.08,9,1934,539.13,3,230.48,8,
558,1575,334.93,3,108.75,9,1638,296.02,3,212.5,9,1702,455.42,3,104.28,9,1705,373.3,3,15.33,9,1709,407.06,3,92.46,9,1722,423.49,3,124.14,9,1847,351.65,3,7.14,9,1848,548.92,3,191.36,9,1887,366.43,3,7.91,9,1889,355.32,3,6.09,9,1934,538.26,3,230.52,8,
559,1575,336.51,3,92.77,9,1638,290.91,3,234.97,9,1702,474.66,3,124.51,9,1705,373.3,3,15.33,9,1709,420.4,3,115.1,9,1722,407.1,3,96.99,9,1847,353.5,3,5.2,9,1848,547.53,3,190.03,9,1887,366.43,3,7.91,9,1889,345.68,3,34.52,9,1909,89.11,3,228.78,8,1930,352.96,3,12.47,9,1934,537.16,3,230.72,8,
560,1575,339.19,3,74.8,9,1638,289.44,3,259.35,9,1702,495.83,3,146.67,9,1705,373.3,3,15.33,9,1709,435.78,3,139.72,9,1847,355.26,3,4.49,9,1848,545.96,3,188.52,9,1887,366.43,3,7.91,9,1889,338.68,3,61.32,9,1909,121.24,3,199.97,8,1930,352.18,3,14.66,9,1934,535.87,3,231.22,8,
561,1575,343.33,3,54.44,9,1638,290.82,3,284.5,9,1702,517.84,3,169.63,9,1705,373.3,3,15.33,9,1709,452.7,3,165.42,9,1847,355.07,3,6.38,9,1848,544.44,3,187.06,9,1887,364.97,3,6.4,9,1889,334.59,3,83.67,9,1909,152.88,3,172.9,8,1913,558.33,3,246.79,8,1930,350.82,3,18.55,9,1934,534.5,3,232.17,8,
562,1575,348.23,3,36.26,9,1702,535.59,3,188.09,9,1705,372.06,3,13.99,9,1709,470.76,3,191.61,9,1847,353.51,3,10.92,9,1848,542.32,3,185.04,9,1887,361.76,3,3.14,9,1889,332.37,3,101.52,9,1909,184.12,3,148.09,8,1913,536.35,3,224.68,8,1930,348.72,3,24.84,9,1934,533.1,3,233.77,8,
563,1575,352.53,3,22.48,9,1702,549.06,3,202.06,9,1705,369.73,3,11.47,9,1709,490.05,3,218.48,9,1847,351.66,3,16.13,9,1848,541.02,3,183.8,9,1887,358.14,3,1.98,9,1889,331.33,3,114.86,9,1909,216.13,3,125.98,8,1913,513.31,3,201.47,8,1930,346.02,3,33.4,9,1934,532.19,3,235.3,8,
564,1575,355.88,3,12.73,9,1702,558.2,3,211.52,9,1705,365.79,3,7.25,9,1709,509.36,3,244.44,9,1847,349.28,3,23.12,9,1848,539.32,3,182.18,9,1887,355.12,3,6.78,9,1889,329.45,3,123.62,9,1909,247.41,3,109.47,8,1913,490.85,3,178.85,8,1930,342.94,3,44.05,9,1934,531.82,3,236.11,8,
565,1575,357.8,3,7.53,9,1702,564.06,3,217.59,9,1705,360.92,3,2.37,9,1709,529.97,3,271.38,9,1847,346.55,3,31.67,9,1848,537.15,3,180.11,9,1887,352.37,3,14.09,9,1889,328.57,3,127.92,9,1909,279.65,3,99.2,8,1913,468.35,3,156.16,8,1930,339.71,3,56.66,9,1934,532.63,3,237.63,8,1948,444.91,3,202.28,9,
566,1575,362.01,3,5.18,9,1702,567.85,3,221.86,9,1705,355.51,3,5.99,9,1709,550.28,3,297.24,9,1847,343.32,3,42.65,9,1848,535.04,3,178.12,9,1887,349.58,3,22.25,9,1889,326.94,3,133.73,9,1909,311.87,3,98.26,8,1913,445.42,3,133.01,8,1930,336.77,3,70.79,9,1934,534.99,3,239.24,8,1948,443.42,3,201.45,9,
567,1575,367.01,3,9.91,9,1702,567.16,3,222.28,9,1705,352.44,3,13.91,9,1847,339.91,3,55.78,9,1848,533.75,3,176.9,9,1887,346.18,3,32.87,9,1889,324.51,3,140.88,9,1909,343.1,3,103.89,8,1913,422.8,3,110.17,8,1930,334.14,3,86.75,9,1934,535.59,3,238.02,8,1948,439.93,3,199.54,9,
568,1575,373.91,3,17.34,9,1702,564.26,3,220.76,9,1705,348.99,3,24.0,9,1847,336.67,3,71.35,9,1848,531.46,3,174.73,9,1887,342.62,3,45.2,9,1889,321.1,3,150.33,9,1909,375.39,3,117.72,8,1913,400.18,3,87.17,8,1930,332.18,3,103.47,9,1934,536.49,3,236.6,8,1948,434.49,3,196.65,9,
569,1575,382.24,3,26.33,9,1702,560.02,3,218.66,9,1705,345.17,3,36.25,9,1847,333.87,3,88.65,9,1848,529.67,3,173.05,9,1887,339.21,3,58.91,9,1889,316.95,3,161.03,9,1909,407.19,3,137.19,8,1913,379.44,3,65.47,8,1930,331.24,3,115.68,9,1934,537.81,3,235.21,8,1948,426.47,3,192.57,9,
570,1575,391.83,3,36.65,9,1702,554.46,3,216.24,9,1705,341.57,3,49.15,9,1847,332.31,3,102.18,9,1848,528.29,3,171.75,9,1887,336.18,3,74.05,9,1889,311.89,3,173.41,9,1909,437.31,3,159.18,8,1913,362.01,3,47.24,8,1930,329.53,3,123.29,9,1934,539.63,3,234.14,8,1948,416.05,3,187.68,9,
571,1575,403.74,3,49.41,9,1702,548.29,3,214.06,9,1705,338.23,3,63.47,9,1847,331.51,3,111.86,9,1848,526.07,3,169.68,9,1887,333.89,3,88.55,9,1889,305.55,3,187.23,9,1909,463.53,3,180.34,8,1913,348.92,3,33.6,8,1930,328.63,3,127.62,9,1934,541.65,3,233.7,8,1948,404.02,3,182.6,9,
572,1575,417.45,3,64.05,9,1702,541.22,3,212.3,9,1705,335.51,3,77.84,9,1847,330.9,3,117.14,9,1848,524.24,3,167.97,9,1887,332.62,3,99.03,9,1889,299.3,3,202.54,9,1909,485.33,3,199.13,8,1913,340.08,3,24.55,8,1930,326.99,3,133.52,9,1934,543.16,3,233.74,8,1948,391.64,3,178.08,9,
573,1575,432.97,3,80.54,9,1702,533.46,3,211.41,9,1705,333.91,3,88.43,9,1847,329.36,3,124.05,9,1848,522.33,3,166.19,9,1887,331.94,3,106.18,9,1889,293.98,3,220.26,9,1909,502.81,3,214.61,8,1913,334.71,3,19.21,8,1930,324.34,3,141.34,9,1934,543.86,3,233.85,8,1948,378.75,3,174.18,9,
574,1575,450.71,3,99.3,9,1705,332.87,3,96.74,9,1847,327.28,3,132.5,9,1848,520.15,3,164.16,9,1887,331.36,3,114.29,9,1889,290.27,3,240.61,9,1909,515.79,3,226.3,8,1913,329.75,3,14.99,8,1930,320.9,3,150.87,9,1934,544.21,3,233.3,8,1948,365.67,3,171.14,9,
575,1575,470.43,3,120.07,9,1705,332.08,3,104.67,9,1847,324.27,3,141.51,9,1848,518.11,3,162.28,9,1887,329.56,3,123.16,9,1889,289.42,3,263.43,9,1899,181.21,3,297.21,9,1904,329.32,3,242.56,8,1909,524.29,3,234.03,8,1913,330.82,3,18.38,8,1930,316.58,3,161.99,9,1934,538.5,3,226.88,8,1944,532.2,3,249.58,8,1948,352.85,3,169.09,9,
576,1575,492.53,3,143.23,9,1705,331.37,3,114.17,9,1847,320.34,3,152.38,9,1848,516.74,3,161.02,9,1887,328.64,3,127.58,9,1889,291.24,3,288.01,9,1899,189.86,3,290.58,9,1904,321.01,3,220.22,8,1909,528.05,3,236.31,8,1913,334.09,3,25.11,8,1930,311.01,3,175.33,9,1934,530.92,3,219.22,8,1944,532.73,3,246.45,8,1948,340.25,3,168.03,9,
577,1575,516.04,3,167.76,9,1705,330.45,3,119.11,9,1847,315.55,3,164.69,9,1848,515.44,3,159.82,9,1887,327.07,3,133.26,9,1899,198.19,3,284.49,9,1904,314.01,3,197.67,8,1909,527.53,3,235.24,8,1913,338.4,3,34.06,8,1930,304.33,3,190.06,9,1934,521.51,3,209.74,8,1944,533.1,3,244.9,8,1948,331.56,3,167.84,9,
578,1575,539.94,3,192.61,9,1705,329.13,3,125.17,9,1847,309.3,3,178.94,9,1848,513.18,3,157.75,9,1887,324.72,3,140.22,9,1899,207.15,3,278.31,9,1904,308.52,3,175.2,8,1909,527.26,3,234.82,8,1913,343.75,3,44.91,8,1930,297.75,3,206.67,9,1934,510.5,3,198.64,8,1944,532.39,3,241.81,8,1948,326.41,3,167.94,9,
579,1575,563.62,3,217.13,9,1705,327.45,3,131.9,9,1847,302.39,3,194.68,9,1848,511.83,3,156.52,9,1887,321.83,3,148.41,9,1899,215.91,3,272.61,9,1904,304.71,3,153.63,8,1909,527.23,3,234.78,8,1913,347.92,3,57.88,8,1930,292.82,3,225.15,9,1934,497.63,3,185.68,8,1944,527.78,3,235.09,8,1948,321.09,3,167.65,9,
580,1575,588.04,3,242.25,9,1705,324.66,3,140.39,9,1748,293.82,3,283.12,9,1847,295.94,3,212.81,9,1848,510.22,3,155.06,9,1887,317.77,3,158.91,9,1899,224.75,3,267.19,9,1904,302.34,3,131.09,8,1909,527.22,3,234.77,8,1913,356.54,3,73.77,8,1930,289.92,3,245.5,9,1934,482.62,3,170.55,8,1944,519.95,3,227.39,8,1948,319.62,3,163.37,9,
581,1575,612.96,3,267.77,9,1705,321.15,3,150.19,9,1748,292.71,3,255.62,9,1847,291.12,3,233.52,9,1848,508.85,3,153.81,9,1887,312.94,3,171.1,9,1899,233.81,3,261.98,9,1904,301.64,3,109.23,8,1909,525.31,3,232.58,8,1913,367.08,3,92.1,8,1930,289.5,3,268.61,9,1934,465.88,3,153.67,8,1944,509.75,3,218.04,8,1948,321.39,3,158.41,9,
582,1705,316.54,3,162.09,9,1748,295.26,3,229.12,9,1847,289.47,3,257.26,9,1848,506.76,3,151.92,9,1887,306.89,3,184.21,9,1899,242.59,3,257.27,9,1904,302.57,3,86.83,8,1909,521.89,3,229.18,8,1913,379.56,3,112.45,8,1930,291.7,3,291.59,9,1934,447.52,3,135.13,8,1944,498.12,3,207.45,8,1948,324.09,3,151.4,9,
583,1705,310.81,3,175.74,9,1748,301.25,3,206.51,9,1847,290.35,3,279.86,9,1848,505.32,3,150.63,9,1887,300.79,3,198.67,9,1899,251.85,3,252.66,9,1904,305.15,3,64.4,8,1909,516.75,3,224.45,8,1913,392.74,3,135.06,8,1933,240.66,3,249.97,8,1934,427.87,3,115.29,8,1944,484.09,3,194.78,8,1948,327.34,3,142.23,9,
584,1705,304.43,3,189.82,9,1748,308.42,3,188.65,9,1848,503.82,3,149.28,9,1887,295.15,3,215.73,9,1899,261.1,3,248.43,9,1904,310.79,3,43.71,8,1909,510.22,3,218.47,8,1913,410.75,3,159.17,8,1921,532.2,3,249.67,8,1933,244.79,3,239.36,8,1934,406.35,3,93.55,8,1944,467.66,3,180.22,8,1948,330.79,3,131.71,9,
585,1705,297.98,3,206.05,9,1748,314.93,3,174.46,9,1848,501.94,3,147.61,9,1887,290.99,3,234.42,9,1899,270.23,3,244.61,9,1904,317.39,3,22.44,8,1909,501.99,3,210.97,8,1913,431.47,3,184.46,8,1921,532.73,3,246.47,8,1933,249.38,3,229.01,8,1934,384.1,3,70.36,8,1944,449.09,3,164.18,8,1948,333.58,3,119.61,9,
586,1705,293.1,3,223.89,9,1748,319.19,3,164.07,9,1848,499.71,3,145.62,9,1887,289.5,3,255.56,9,1899,277.98,3,241.68,9,1904,325.3,3,9.96,8,1909,491.26,3,201.23,8,1913,453.57,3,211.23,8,1921,533.1,3,244.87,8,1933,254.11,3,219.51,8,1934,366.13,3,51.55,8,1944,429.13,3,147.69,8,1948,335.22,3,105.14,9,
587,1705,290.01,3,244.04,9,1748,321.73,3,157.53,9,1848,498.39,3,144.46,9,1887,290.26,3,278.9,9,1899,282.71,3,240.01,9,1904,334.49,3,25.94,8,1909,478.23,3,189.55,8,1913,476.96,3,239.27,8,1921,534.49,3,244.3,8,1933,259.35,3,209.98,8,1934,352.23,3,37.04,8,1944,407.25,3,130.83,8,1948,337.02,3,88.9,9,
588,1705,289.45,3,265.86,9,1748,325.12,3,148.59,9,1848,496.59,3,142.87,9,1899,287.96,3,239.29,9,1904,344.92,3,47.23,8,1909,463.3,3,176.41,8,1921,538.33,3,247.01,8,1933,265.37,3,200.05,8,1934,342.5,3,27.0,8,1944,384.0,3,114.8,8,1948,339.93,3,70.7,9,
589,1705,291.48,3,289.94,9,1748,328.75,3,138.06,9,1848,494.89,3,141.39,9,1899,289.95,3,243.13,9,1904,356.12,3,68.52,8,1909,446.67,3,162.14,8,1933,271.67,3,190.56,8,1934,335.81,3,20.28,8,1944,359.31,3,100.55,8,1948,344.43,3,50.07,9,
590,1748,332.19,3,126.04,9,1848,492.74,3,139.52,9,1899,289.77,3,248.22,9,1904,368.57,3,90.53,8,1909,427.57,3,146.45,8,1933,278.19,3,181.59,8,1934,330.56,3,15.44,8,1944,332.96,3,90.25,8,1948,349.35,3,32.54,9,1984,517.47,3,239.63,8,
591,1748,334.67,3,112.41,9,1848,490.97,3,137.99,9,1899,289.51,3,255.18,9,1904,382.12,3,112.76,8,1909,405.98,3,129.9,8,1933,285.0,3,172.97,8,1934,330.18,3,17.09,8,1944,304.48,3,85.66,8,1948,353.78,3,18.76,9,1984,515.17,3,237.63,8,
592,1748,336.06,3,96.64,9,1848,488.8,3,136.13,9,1899,289.43,3,263.69,9,1904,396.69,3,134.18,8,1909,382.06,3,113.58,8,1933,292.32,3,164.52,8,1934,333.15,3,23.15,8,1944,276.03,3,90.09,8,1948,357.04,3,9.55,9,1984,510.81,3,233.85,8,
593,1748,338.51,3,78.81,9,1848,487.57,3,135.08,9,1899,289.83,3,273.69,9,1904,412.96,3,156.45,8,1909,355.63,3,98.75,8,1933,299.55,3,156.33,8,1934,337.42,3,32.04,8,1944,247.19,3,101.66,8,1948,358.43,3,4.82,9,1984,505.11,3,228.94,8,
594,1748,342.15,3,59.69,9,1848,486.2,3,133.92,9,1899,290.96,3,285.73,9,1904,430.35,3,178.04,8,1909,327.76,3,88.91,8,1933,306.87,3,148.62,8,1934,343.09,3,43.59,8,1944,218.83,3,118.24,8,1948,356.95,3,2.15,9,1984,497.56,3,222.5,8,
595,1643,294.31,3,287.5,9,1748,346.95,3,40.71,9,1848,484.79,3,132.73,9,1899,292.81,3,299.96,9,1904,447.93,3,199.49,8,1909,297.64,3,85.89,8,1933,314.29,3,141.59,8,1934,349.95,3,56.99,8,1944,190.79,3,138.45,8,1948,350.88,3,9.29,9,1984,488.4,3,214.78,8,
596,1643,292.64,3,259.8,9,1748,351.42,3,25.87,9,1848,483.24,3,131.41,9,1904,465.69,3,221.24,8,1909,265.38,3,93.53,8,1933,321.98,3,135.14,8,1934,358.05,3,72.03,8,1944,162.2,3,161.6,8,1948,342.52,3,18.36,9,1984,477.16,3,205.46,8,
597,1643,294.81,3,231.27,9,1748,354.93,3,15.42,9,1848,481.1,3,129.57,9,1904,483.72,3,242.92,8,1909,232.99,3,109.44,8,1924,548.39,3,297.26,9,1933,330.1,3,129.25,8,1934,367.55,3,88.78,8,1944,134.17,3,185.83,8,1948,332.01,3,29.87,9,1984,464.36,3,195.12,8,
598,1643,300.76,3,207.83,9,1748,357.41,3,8.57,9,1848,479.59,3,128.27,9,1909,200.77,3,130.9,8,1924,541.17,3,288.18,9,1933,338.6,3,124.1,8,1934,378.75,3,107.47,8,1944,106.25,3,211.15,8,1948,320.28,3,42.83,9,1984,450.27,3,184.09,8,
599,1643,308.13,3,189.34,9,1748,361.29,3,4.83,9,1848,477.36,3,126.37,9,1909,168.69,3,156.19,8,1924,532.67,3,277.37,9,1933,347.54,3,119.83,8,1934,391.99,3,127.53,8,1944,78.14,3,237.69,8,1948,306.69,3,58.0,9,1984,434.96,3,173.46,8,
600,1643,314.58,3,175.21,9,1748,367.29,3,10.21,9,1848,476.0,3,125.22,9,1909,136.54,3,183.73,8,1924,522.31,3,264.07,9,1933,354.67,3,117.3,8,1934,407.56,3,149.3,8,1948,291.7,3,74.94,9,1984,420.03,3,164.5,8,
601,1427,464.37,3,227.63,8,1643,318.84,3,165.0,9,1748,374.87,3,18.38,9,1848,473.58,3,123.19,9,1909,105.2,3,212.12,8,1924,510.91,3,249.21,9,1933,359.59,3,116.0,8,1934,426.1,3,172.8,8,1948,274.8,3,94.35,9,1984,406.05,3,157.0,8,
602,1427,439.89,3,198.62,8,1643,321.46,3,158.23,9,1748,384.64,3,28.91,9,1848,471.66,3,121.6,9,1909,74.86,3,240.86,8,1924,497.82,3,231.86,9,1933,366.07,3,115.25,8,1934,446.81,3,198.1,8,1948,257.15,3,115.08,9,1984,391.85,3,150.43,8,
603,1427,418.94,3,174.59,8,1643,324.78,3,149.56,9,1748,396.65,3,41.82,9,1848,470.19,3,120.38,9,1924,483.57,3,212.55,9,1933,374.12,3,116.48,8,1934,468.78,3,224.98,8,1948,240.21,3,135.55,9,1984,376.85,3,144.79,8,1995,318.05,3,158.18,9,
604,1427,402.15,3,155.08,8,1643,328.3,3,139.39,9,1748,410.79,3,56.95,9,1848,468.3,3,118.82,9,1924,468.58,3,191.69,9,1933,383.27,3,122.54,8,1948,223.56,3,156.39,9,1952,547.51,3,296.16,9,1984,362.32,3,139.39,8,1995,317.11,3,160.62,9,
605,1427,389.33,3,138.78,8,1643,331.9,3,127.46,9,1748,426.74,3,73.93,9,1848,466.09,3,117.03,9,1924,452.58,3,168.65,9,1933,390.78,3,132.33,8,1944,99.61,3,287.01,9,1948,207.27,3,177.91,9,1952,539.39,3,285.92,9,1984,347.89,3,135.09,8,1995,315.4,3,165.07,9,
606,1427,380.3,3,126.91,8,1643,334.65,3,112.71,9,1748,444.97,3,93.24,9,1848,464.13,3,115.45,9,1924,436.34,3,144.3,9,1933,399.16,3,143.91,8,1942,327.92,3,239.03,8,1944,128.1,3,266.58,9,1948,192.61,3,198.67,9,1952,530.25,3,274.28,9,1984,332.85,3,132.21,8,1995,312.93,3,171.14,9,
607,1427,376.48,3,119.44,8,1528,294.76,3,291.19,9,1643,336.19,3,95.47,9,1748,465.2,3,114.57,9,1848,462.23,3,113.93,9,1909,89.71,3,294.7,9,1924,419.9,3,118.36,9,1933,409.06,3,157.09,8,1942,318.29,3,212.02,8,1944,156.87,3,248.9,9,1948,178.91,3,219.84,9,1952,520.19,3,261.33,9,1969,589.08,3,292.16,9,1984,323.37,3,122.34,8,1995,309.45,3,178.61,9,
608,1427,377.38,3,117.07,8,1528,292.62,3,262.99,9,1643,339.01,3,75.86,9,1748,487.75,3,138.22,9,1848,460.89,3,112.88,9,1909,121.52,3,271.06,9,1924,404.13,3,91.84,9,1933,421.61,3,172.5,8,1942,310.3,3,183.22,8,1944,185.15,3,235.2,9,1948,167.15,3,240.32,9,1952,508.66,3,246.26,9,1969,579.94,3,281.37,9,1984,322.72,3,112.65,8,1995,305.34,3,187.72,9,
609,1427,380.92,3,116.08,8,1528,294.2,3,234.79,9,1582,537.78,3,244.24,8,1643,343.52,3,53.68,9,1748,511.66,3,163.2,9,1848,458.58,3,111.06,9,1909,153.44,3,250.87,9,1924,389.15,3,65.06,9,1933,436.09,3,190.03,8,1942,304.69,3,153.53,8,1944,213.1,3,221.45,9,1948,156.94,3,261.35,9,1952,495.86,3,229.23,9,1969,569.29,3,268.66,9,1984,322.68,3,107.39,8,1995,300.75,3,198.79,9,
610,1427,386.94,3,116.85,8,1528,299.66,3,211.52,9,1573,554.67,3,243.11,8,1582,533.57,3,241.53,8,1643,350.1,3,30.08,9,1748,537.58,3,190.15,9,1848,456.3,3,109.3,9,1909,184.1,3,235.74,9,1924,374.96,3,37.97,9,1933,452.73,3,210.21,8,1942,301.94,3,124.15,8,1944,241.05,3,204.99,9,1948,148.89,3,282.78,9,1952,482.1,3,210.54,9,1969,557.64,3,254.64,9,1984,324.87,3,100.92,8,1995,296.35,3,211.3,9,
611,1427,394.9,3,119.28,8,1528,306.85,3,192.35,9,1582,530.43,3,241.12,8,1643,358.84,3,4.98,9,1748,564.22,3,217.76,9,1790,541.65,3,247.58,8,1848,453.93,3,107.5,9,1909,214.87,3,220.49,9,1924,362.59,3,11.72,9,1933,471.52,3,232.8,8,1942,302.05,3,94.6,8,1944,267.09,3,188.15,9,1952,467.13,3,189.63,9,1969,544.43,3,238.57,9,1984,332.15,3,101.16,8,1995,292.62,3,226.01,9,
612,1427,404.14,3,123.05,8,1528,313.59,3,177.33,9,1582,529.48,3,243.72,8,1643,370.79,3,23.53,9,1748,587.0,3,241.19,9,1790,535.18,3,242.48,8,1848,452.41,3,106.36,9,1909,243.65,3,203.36,9,1924,352.02,3,15.08,9,1942,305.09,3,64.85,8,1944,292.04,3,169.94,9,1952,451.56,3,167.16,9,1969,529.68,3,220.41,9,1984,341.71,3,103.48,8,1995,290.13,3,242.28,9,
613,1427,414.91,3,128.37,8,1528,318.34,3,166.31,9,1582,528.87,3,247.69,8,1643,384.77,3,51.85,9,1748,605.99,3,260.63,9,1790,530.81,3,240.94,8,1848,450.51,3,104.95,9,1909,267.99,3,187.5,9,1924,343.63,3,41.58,9,1942,312.78,3,36.62,8,1944,315.23,3,151.24,9,1952,435.4,3,142.86,9,1969,513.07,3,200.88,9,1984,352.68,3,107.16,8,1995,289.43,3,260.2,9,
614,1427,426.97,3,135.0,8,1528,321.38,3,158.43,9,1643,399.98,3,79.91,9,1748,620.63,3,275.6,9,1790,529.59,3,243.22,8,1848,448.36,3,103.38,9,1909,287.62,3,173.52,9,1924,337.48,3,67.1,9,1942,322.57,3,11.11,8,1944,339.46,3,135.59,9,1952,418.71,3,116.42,9,1969,493.62,3,179.8,9,1984,365.13,3,112.51,8,1995,290.35,3,279.87,9,
615,1427,439.7,3,143.05,8,1528,325.84,3,149.28,9,1643,416.73,3,109.0,9,1748,630.88,3,286.07,9,1790,528.97,3,246.86,8,1848,447.05,3,102.43,9,1909,302.54,3,161.89,9,1924,333.95,3,88.12,9,1942,334.85,3,26.69,8,1944,366.34,3,128.73,9,1952,402.04,3,88.17,9,1969,470.93,3,158.59,9,1984,379.39,3,119.94,8,
616,1427,452.35,3,151.94,8,1528,333.53,3,139.42,9,1643,434.66,3,137.97,9,1748,636.72,3,292.04,9,1848,445.71,3,101.48,9,1909,313.2,3,153.07,9,1924,332.07,3,104.64,9,1942,348.93,3,55.04,8,1944,391.56,3,125.09,9,1952,386.0,3,59.28,9,1969,447.63,3,141.47,9,1984,396.18,3,130.0,8,
617,1427,464.44,3,161.13,8,1528,346.65,3,133.25,9,1643,453.51,3,166.62,9,1748,639.26,3,294.16,9,1848,443.38,3,99.85,9,1909,319.61,3,146.67,9,1924,331.01,3,116.65,9,1942,364.73,3,83.89,8,1944,418.42,3,129.88,9,1952,370.88,3,29.63,9,1969,425.02,3,129.52,9,1984,414.39,3,142.17,8,2012,318.05,3,158.18,9,
618,1427,476.84,3,171.1,8,1528,362.72,3,129.56,9,1643,472.9,3,194.63,9,1748,636.83,3,291.42,9,1848,442.15,3,98.99,9,1909,322.36,3,143.25,9,1924,329.36,3,124.09,9,1942,382.9,3,113.96,8,1944,446.57,3,142.96,9,1952,357.64,3,1.11,9,1969,402.97,3,123.17,9,1984,434.85,3,157.28,8,2012,317.55,3,159.47,9,
619,1427,489.23,3,181.52,8,1528,380.03,3,125.98,9,1643,493.21,3,222.78,9,1748,631.33,3,285.79,9,1848,440.7,3,98.01,9,1909,326.57,3,137.65,9,1924,328.52,3,128.2,9,1942,403.66,3,143.91,8,1944,475.02,3,163.9,9,1952,347.18,3,29.64,9,1969,382.11,3,122.38,9,1984,457.41,3,175.23,8,2012,316.51,3,162.19,9,
620,1427,502.59,3,193.17,8,1528,399.63,3,125.72,9,1643,510.95,3,246.56,9,1748,624.02,3,278.32,9,1848,438.46,3,96.5,9,1908,532.16,3,249.87,8,1909,331.16,3,129.81,9,1924,328.51,3,128.23,9,1942,427.07,3,174.0,8,1944,503.04,3,191.32,9,1952,339.9,3,55.84,9,1969,365.3,3,125.51,9,1984,482.46,3,196.62,8,2012,314.9,3,166.35,9,
621,1427,515.58,3,204.82,8,1528,421.64,3,130.96,9,1643,525.8,3,265.99,9,1748,615.17,3,269.26,9,1848,436.12,3,94.98,9,1908,532.63,3,246.97,8,1909,333.72,3,118.99,9,1924,328.51,3,128.23,9,1942,451.73,3,204.18,8,1952,335.57,3,77.55,9,1969,351.58,3,128.48,9,1984,509.22,3,220.36,8,2012,312.51,3,172.08,9,
622,1427,528.93,3,217.07,8,1528,446.52,3,142.92,9,1643,538.41,3,282.2,9,1748,604.83,3,258.66,9,1848,433.89,3,93.56,9,1908,533.01,3,245.26,8,1909,335.16,3,105.74,9,1924,328.5,3,128.24,9,1942,475.77,3,233.4,8,1952,333.06,3,95.07,9,1969,341.99,3,131.27,9,1984,538.35,3,246.94,8,2012,309.26,3,179.02,9,
623,1427,541.78,3,229.07,8,1528,473.85,3,162.8,9,1643,547.64,3,293.91,9,1748,592.7,3,246.22,9,1848,432.42,3,92.66,9,1908,532.72,3,242.39,8,1909,336.76,3,90.76,9,1924,328.5,3,128.24,9,1952,331.79,3,108.1,9,1969,336.01,3,133.64,9,2012,305.37,3,187.64,9,
624,1427,553.15,3,239.82,8,1528,501.89,3,189.99,9,1715,295.44,3,296.3,9,1848,430.68,3,91.6,9,1908,528.74,3,236.35,8,1909,339.42,3,73.49,9,1924,328.5,3,128.24,9,1952,331.03,3,116.61,9,1969,329.6,3,139.39,9,2012,301.13,3,197.82,9,
625,1427,560.4,3,246.74,8,1528,527.35,3,219.6,9,1715,292.76,3,270.08,9,1848,428.94,3,90.57,9,1908,522.5,3,229.74,8,1909,343.25,3,54.79,9,1924,328.5,3,128.24,9,1952,330.12,3,120.59,9,1969,323.31,3,147.59,9,2012,296.77,3,209.85,9,
626,1528,548.26,3,245.2,9,1715,293.22,3,244.17,9,1848,427.19,3,89.56,9,1908,513.38,3,221.36,8,1909,348.98,3,33.73,9,1924,328.5,3,128.24,9,1952,330.08,3,120.74,9,1969,317.65,3,159.23,9,2012,293.12,3,223.81,9,
627,1528,566.23,3,266.86,9,1643,549.15,3,298.22,9,1715,297.6,3,219.19,9,1848,425.21,3,88.45,9,1908,502.63,3,211.55,8,1909,356.67,3,10.56,9,1924,328.5,3,128.24,9,1952,330.07,3,120.79,9,1958,478.44,3,244.6,8,1969,312.24,3,172.65,9,2012,290.35,3,239.7,9,
628,1528,581.24,3,284.74,9,1643,543.43,3,291.03,9,1715,304.31,3,198.52,9,1848,423.43,3,87.49,9,1908,490.35,3,200.41,8,1909,366.1,3,13.27,9,1924,328.5,3,128.24,9,1952,330.08,3,120.81,9,1958,455.29,3,216.54,8,1969,305.17,3,188.11,9,2012,289.46,3,257.31,9,
629,1528,592.91,3,298.34,9,1643,535.81,3,281.38,9,1715,311.4,3,181.99,9,1848,421.3,3,86.38,9,1908,475.56,3,187.19,8,1909,375.29,3,33.0,9,1924,328.5,3,128.24,9,1952,330.07,3,120.82,9,1958,431.36,3,188.88,8,1969,297.93,3,206.19,9,2012,290.07,3,276.72,9,
630,1643,527.01,3,270.13,9,1715,317.18,3,169.26,9,1848,419.58,3,85.52,9,1908,458.48,3,172.23,8,1909,382.94,3,48.3,9,1924,328.5,3,128.24,9,1952,330.07,3,120.82,9,1958,408.05,3,161.96,8,1969,292.56,3,226.25,9,2012,292.64,3,298.72,9,
631,1643,516.77,3,256.88,9,1715,320.62,3,160.37,9,1848,418.08,3,84.79,9,1908,439.78,3,156.35,8,1909,388.72,3,59.32,9,1924,328.5,3,128.24,9,1952,330.07,3,120.83,9,1958,386.61,3,135.24,8,1969,289.78,3,248.12,9,2010,543.25,3,231.62,8,
632,1643,505.53,3,242.12,9,1648,294.01,3,284.93,9,1715,322.54,3,155.53,9,1848,416.82,3,84.2,9,1908,418.69,3,139.47,8,1909,392.57,3,66.43,9,1924,328.5,3,128.24,9,1952,330.07,3,120.83,9,1969,289.67,3,271.31,9,2010,524.79,3,213.04,8,
633,1643,492.92,3,225.28,9,1648,292.65,3,259.36,9,1715,325.0,3,148.93,9,1848,415.05,3,83.4,9,1908,396.11,3,122.86,8,1909,393.14,3,69.38,9,1924,328.5,3,128.24,9,1952,330.07,3,120.83,9,1969,291.95,3,293.38,9,2010,506.48,3,194.6,8,
634,1643,479.13,3,206.43,9,1648,294.19,3,234.84,9,1715,328.03,3,140.22,9,1848,412.88,3,82.46,9,1908,371.17,3,107.0,8,1909,390.5,3,67.5,9,1924,328.5,3,128.24,9,1952,330.07,3,120.83,9,2010,488.46,3,176.43,8,
635,1643,464.49,3,185.88,9,1648,299.96,3,210.46,9,1715,331.57,3,129.06,9,1848,411.38,3,81.85,9,1908,344.48,3,93.99,8,1909,387.65,3,62.3,9,1924,328.5,3,128.24,9,1952,330.07,3,120.83,9,2010,469.53,3,157.35,8,
636,1643,449.31,3,163.85,9,1648,309.22,3,186.84,9,1715,334.49,3,115.32,9,1848,409.18,3,81.0,9,1908,317.87,3,86.79,8,1909,383.52,3,54.63,9,1924,328.5,3,128.24,9,1952,330.07,3,120.83,9,2010,450.45,3,138.09,8,
637,1643,433.17,3,139.41,9,1715,335.8,3,99.11,9,1848,407.37,3,80.35,9,1908,291.69,3,86.53,8,1909,378.29,3,44.59,9,1924,328.5,3,128.24,9,1952,330.07,3,120.83,9,2010,432.48,3,119.95,8,
638,1643,416.5,3,112.79,9,1715,338.21,3,80.65,9,1848,404.98,3,79.56,9,1908,265.03,3,93.65,8,1909,372.4,3,32.78,9,1924,328.5,3,128.24,9,1952,330.07,3,120.83,9,2010,414.26,3,101.54,8,
639,1643,399.64,3,83.9,9,1715,341.91,3,60.84,9,1848,403.22,3,78.89,9,1908,238.81,3,106.17,8,1909,365.78,3,18.78,9,1924,328.5,3,128.24,9,1952,330.07,3,120.83,9,2010,396.04,3,82.85,8,
640,1715,346.78,3,41.33,9,1848,399.3,3,77.05,9,1908,212.63,3,122.41,8,1924,328.5,3,128.24,9,1952,330.07,3,120.83,9,2010,377.58,3,63.53,8,
641,1715,351.4,3,25.95,9,1848,393.33,3,71.81,9,1908,186.92,3,141.46,8,1924,328.5,3,128.24,9,1952,330.07,3,120.83,9,2010,360.41,3,45.56,8,
642,1715,355.04,3,15.1,9,1848,388.58,3,64.01,9,1908,161.2,3,162.43,8,1924,328.5,3,128.24,9,1952,330.07,3,120.83,9,2010,347.56,3,32.2,8,
643,1715,357.32,3,8.8,9,1848,383.13,3,53.89,9,1908,135.87,3,184.32,8,1924,328.5,3,128.24,9,1952,330.07,3,120.83,9,2010,338.98,3,23.44,8,
644,1715,357.55,3,6.53,9,1848,376.79,3,41.62,9,1867,293.36,3,278.25,9,1908,110.28,3,207.43,8,1924,328.5,3,128.24,9,1952,330.07,3,120.83,9,2010,334.06,3,18.58,8,
645,1715,357.52,3,6.4,9,1848,369.51,3,26.78,9,1867,292.88,3,250.75,9,1908,84.31,3,231.76,8,1924,328.5,3,128.24,9,1952,330.07,3,120.83,9,2010,330.11,3,15.16,8,
646,1715,357.51,3,6.33,9,1848,361.74,3,9.79,9,1867,296.12,3,225.3,9,1924,328.5,3,128.24,9,1952,330.07,3,120.83,9,1992,322.04,3,223.21,8,2010,330.25,3,17.25,8,
647,1715,357.51,3,6.32,9,1848,353.98,3,9.65,9,1867,301.89,3,204.78,9,1924,328.5,3,128.24,9,1952,330.07,3,120.83,9,1992,313.27,3,194.97,8,2010,333.42,3,23.72,8,
648,1715,357.51,3,6.32,9,1848,346.79,3,30.9,9,1867,308.27,3,189.02,9,1924,328.5,3,128.24,9,1952,330.07,3,120.83,9,1992,306.66,3,165.68,8,2010,337.77,3,32.77,8,
649,1715,355.46,3,6.7,9,1848,340.21,3,54.5,9,1867,313.78,3,176.93,9,1924,328.5,3,128.24,9,1952,330.07,3,120.83,9,1992,302.75,3,136.41,8,2010,343.52,3,44.46,8,
650,1715,354.26,3,8.89,9,1848,336.04,3,74.8,9,1867,320.5,3,171.79,9,1924,328.5,3,128.24,9,1952,330.07,3,120.83,9,1992,301.65,3,107.23,8,2010,347.87,3,57.79,8,
651,1715,352.66,3,13.28,9,1848,333.55,3,91.1,9,1867,329.74,3,171.06,9,1924,328.5,3,128.24,9,1952,330.07,3,120.83,9,1992,303.41,3,77.79,8,2010,356.63,3,73.92,8,
652,1715,350.65,3,19.06,9,1848,332.23,3,102.91,9,1867,340.37,3,171.22,9,1908,104.63,3,283.23,9,1924,328.5,3,128.24,9,1952,330.07,3,120.83,9,1992,308.15,3,48.87,8,2010,367.32,3,92.51,8,
653,1715,348.09,3,26.79,9,1848,331.63,3,110.21,9,1867,353.49,3,172.31,9,1908,130.8,3,264.76,9,1924,328.5,3,128.24,9,1952,330.07,3,120.83,9,1992,317.59,3,21.87,8,2010,379.75,3,112.74,8,
654,1715,345.15,3,36.28,9,1848,331.44,3,113.02,9,1867,366.3,3,174.35,9,1908,157.52,3,248.56,9,1924,328.5,3,128.24,9,1952,330.07,3,120.83,9,1992,328.37,3,13.75,8,2010,392.74,3,135.05,8,
655,1715,341.85,3,48.09,9,1848,331.42,3,113.29,9,1867,379.1,3,177.29,9,1908,183.06,3,236.27,9,1924,328.5,3,128.24,9,1952,330.07,3,120.83,9,1992,341.07,3,39.52,8,2010,410.84,3,159.29,8,
656,1715,338.68,3,61.32,9,1848,331.41,3,113.39,9,1867,392.04,3,181.14,9,1908,208.46,3,223.82,9,1924,328.5,3,128.24,9,1952,330.07,3,120.83,9,1992,355.81,3,67.95,8,2010,430.36,3,183.13,8,
657,1715,335.83,3,76.0,9,1848,331.41,3,113.39,9,1867,404.77,3,185.74,9,1908,233.52,3,209.87,9,1924,328.5,3,128.24,9,1952,330.07,3,120.83,9,1992,371.92,3,96.2,8,2010,449.74,3,206.58,8,
658,1715,333.67,3,90.2,9,1848,331.41,3,113.39,9,1867,418.2,3,191.4,9,1908,257.39,3,194.55,9,1924,328.5,3,128.24,9,1952,330.07,3,120.83,9,1992,390.14,3,124.87,8,2010,469.61,3,230.52,8,
659,1715,332.53,3,99.9,9,1848,331.41,3,113.39,9,1867,431.26,3,197.62,9,1908,277.72,3,180.73,9,1924,328.5,3,128.24,9,1952,330.07,3,120.83,9,1992,410.4,3,153.18,8,
660,1715,332.04,3,105.11,9,1848,331.41,3,113.39,9,1867,441.18,3,202.78,9,1908,293.23,3,168.99,9,1924,328.5,3,128.24,9,1952,330.07,3,120.83,9,1992,433.85,3,182.32,8,
661,1715,331.97,3,105.81,9,1848,331.41,3,113.39,9,1867,447.58,3,206.31,9,1908,305.2,3,159.97,9,1924,328.5,3,128.24,9,1952,330.07,3,120.83,9,1992,457.18,3,210.87,8,
662,1715,331.97,3,105.88,9,1848,331.41,3,113.39,9,1867,455.12,3,209.64,9,1908,312.83,3,153.4,9,1924,328.5,3,128.24,9,1952,330.07,3,120.83,9,1992,480.5,3,239.07,8,
663,1364,294.96,3,292.67,9,1715,331.97,3,105.89,9,1848,331.41,3,113.39,9,1867,458.34,3,206.8,9,1908,316.85,3,149.89,9,1924,328.5,3,128.24,9,1952,330.07,3,120.83,9,
664,1364,292.62,3,262.53,9,1715,331.97,3,105.89,9,1848,331.41,3,113.39,9,1867,458.48,3,201.09,9,1908,320.49,3,147.84,9,1924,328.02,3,129.92,9,1952,330.07,3,120.83,9,
665,1364,294.32,3,233.92,9,1715,331.97,3,105.89,9,1848,331.41,3,113.39,9,1867,458.7,3,193.96,9,1908,320.48,3,151.81,9,1924,326.97,3,133.6,9,1952,329.73,3,122.37,9,
666,1364,300.04,3,210.15,9,1715,331.97,3,105.89,9,1848,331.33,3,114.74,9,1867,459.21,3,186.01,9,1908,319.04,3,155.69,9,1924,325.13,3,138.99,9,1952,329.15,3,125.06,9,2079,588.75,3,291.77,9,
667,1364,307.28,3,191.33,9,1715,331.88,3,106.92,9,1848,330.98,3,116.81,9,1867,460.21,3,176.79,9,1908,316.75,3,161.56,9,1924,323.01,3,145.02,9,1952,328.18,3,129.39,9,2079,580.11,3,281.56,9,
668,1364,314.14,3,176.19,9,1715,331.76,3,108.58,9,1848,329.95,3,121.36,9,1867,461.5,3,168.81,9,1908,313.74,3,169.21,9,1924,320.52,3,151.89,9,1952,326.51,3,134.95,9,2079,569.92,3,269.41,9,
669,1364,318.85,3,164.96,9,1715,331.51,3,111.94,9,1848,328.75,3,127.02,9,1867,463.26,3,160.98,9,1908,309.29,3,178.96,9,1924,317.38,3,159.93,9,1952,324.19,3,141.75,9,2079,558.44,3,255.6,9,
670,1364,321.64,3,157.77,9,1715,330.8,3,117.57,9,1848,326.92,3,133.77,9,1908,304.0,3,190.83,9,1924,313.59,3,169.57,9,1952,320.91,3,150.85,9,2079,545.51,3,239.9,9,
671,1364,324.89,3,149.26,9,1715,329.02,3,125.72,9,1848,324.09,3,142.02,9,1908,298.38,3,204.95,9,1924,308.55,3,180.55,9,1952,317.25,3,160.26,9,2079,531.6,3,222.79,9,
672,1364,328.67,3,138.3,9,1848,320.5,3,151.91,9,1908,293.6,3,221.88,9,1924,303.07,3,193.03,9,1952,313.01,3,170.94,9,2056,481.62,3,248.42,8,2079,515.55,3,203.73,9,
673,1364,332.25,3,125.78,9,1848,316.55,3,162.08,9,1908,290.25,3,240.78,9,1924,297.49,3,207.36,9,1952,307.58,3,182.67,9,2056,468.18,3,232.25,8,2079,496.68,3,182.76,9,
674,1364,334.79,3,110.62,9,1848,311.57,3,174.12,9,1908,289.43,3,262.32,9,1924,293.18,3,223.6,9,1952,301.77,3,196.22,9,2056,453.27,3,214.06,8,2079,474.32,3,161.25,9,
675,1364,336.42,3,93.59,9,1848,305.72,3,186.83,9,1908,291.0,3,286.0,9,1924,290.2,3,241.51,9,1952,296.26,3,211.62,9,2056,435.9,3,194.07,8,2079,448.97,3,142.4,9,
676,1364,339.15,3,75.04,9,1848,299.66,3,201.58,9,1924,289.43,3,261.43,9,1952,291.89,3,229.29,9,2056,416.74,3,172.04,8,2079,424.43,3,129.3,9,
677,1364,343.36,3,54.34,9,1848,294.26,3,219.17,9,1924,290.67,3,283.08,9,1952,289.71,3,249.56,9,2056,396.59,3,148.2,8,2079,400.38,3,122.79,9,
678,1364,349.67,3,31.48,9,1848,290.41,3,239.2,9,1952,289.69,3,271.69,9,2079,376.49,3,123.12,9,
679,1364,358.2,3,6.53,9,1803,481.4,3,248.15,8,1848,289.42,3,260.93,9,1952,292.09,3,294.49,9,2079,353.2,3,128.08,9,
680,1364,369.56,3,20.89,9,1803,457.32,3,219.04,8,1848,290.68,3,283.16,9,2079,329.73,3,136.27,9,
681,1364,383.69,3,49.76,9,1803,432.64,3,190.35,8,2079,307.32,3,149.84,9,
682,1364,399.98,3,79.91,9,1803,407.57,3,161.4,8,2079,285.93,3,166.11,9,
683,1364,417.54,3,110.36,9,1803,384.69,3,132.72,8,2079,264.26,3,183.11,9,2116,312.17,3,38.72,8,
684,1364,436.12,3,140.25,9,1803,364.83,3,104.34,8,1932,241.6,3,247.4,8,2079,240.26,3,199.5,9,2116,312.9,3,36.2,8,
685,1364,455.66,3,169.79,9,1803,348.63,3,76.86,8,1932,246.2,3,236.04,8,2079,216.19,3,214.08,9,2116,314.3,3,31.63,8,
686,1364,476.5,3,199.71,9,1803,336.23,3,53.9,8,1932,251.07,3,225.49,8,2079,190.63,3,227.3,9,2116,316.18,3,25.89,8,
687,1364,497.71,3,228.88,9,1803,327.08,3,35.47,8,1932,256.37,3,215.29,8,2079,165.09,3,240.15,9,2116,318.61,3,19.2,8,
688,1364,516.52,3,253.89,9,1803,320.7,3,21.6,8,1932,262.05,3,205.41,8,2079,139.0,3,254.64,9,2116,322.02,3,11.9,8,
689,1364,532.33,3,274.41,9,1803,317.33,3,12.25,8,1932,268.19,3,195.71,8,2079,113.44,3,271.68,9,2116,326.22,3,10.68,8,
690,1364,544.89,3,290.43,9,1803,318.72,3,8.01,8,1932,274.79,3,186.17,8,2055,545.88,3,294.12,9,2079,88.39,3,290.62,9,2116,331.61,3,19.98,8,
691,1803,323.98,3,8.86,8,1932,281.62,3,177.14,8,2055,538.03,3,284.19,9,2116,338.41,3,34.09,8,
692,1803,332.73,3,17.24,8,1932,289.46,3,167.73,8,2055,529.01,3,272.69,9,2116,347.01,3,51.34,8,
693,1803,344.02,3,28.99,8,2055,518.52,3,259.15,9,2116,357.35,3,70.78,8,
694,1803,357.31,3,42.97,8,2055,506.83,3,243.85,9,2116,369.35,3,91.84,8,
695,1378,294.6,3,289.85,9,1803,372.22,3,58.63,8,2055,493.71,3,226.34,9,2116,382.75,3,113.72,8,
696,1378,292.65,3,259.21,9,1803,389.59,3,76.85,8,2055,479.46,3,206.89,9,2079,67.76,3,248.6,8,2116,397.65,3,135.53,8,
697,1378,294.84,3,231.11,9,1803,408.74,3,96.68,8,2055,464.09,3,185.3,9,2079,92.26,3,225.9,8,2116,414.16,3,157.96,8,
698,1378,300.76,3,207.87,9,1803,430.2,3,118.29,8,2055,448.39,3,162.47,9,2079,117.9,3,202.91,8,2116,432.34,3,180.47,8,
699,1378,308.01,3,189.59,9,1803,452.66,3,140.93,8,1941,294.53,3,289.36,9,2055,432.89,3,138.98,9,2079,143.7,3,180.58,8,2116,450.78,3,203.01,8,
700,1378,314.37,3,175.68,9,1803,475.4,3,163.82,8,1941,292.63,3,263.72,9,2055,418.63,3,116.29,9,2079,169.78,3,159.18,8,2116,468.95,3,225.19,8,
701,1378,318.95,3,164.71,9,1803,496.13,3,184.69,8,1941,293.73,3,238.38,9,2055,405.14,3,93.6,9,2079,195.07,3,140.09,8,2116,487.31,3,247.19,8,
702,1378,321.63,3,157.79,9,1803,513.61,3,202.28,8,1941,298.81,3,214.56,9,2055,391.9,3,70.07,9,2079,221.13,3,122.94,8,
703,1378,325.51,3,149.76,9,1803,526.63,3,215.38,8,1941,305.47,3,195.64,9,2055,379.38,3,46.71,9,2079,246.35,3,109.92,8,
704,1378,332.04,3,141.09,9,1803,535.19,3,223.99,8,1941,312.22,3,180.22,9,2055,367.78,3,23.12,9,2079,271.3,3,101.07,8,
705,1378,342.86,3,134.42,9,1803,540.5,3,229.57,8,1941,317.62,3,168.12,9,2055,357.83,3,1.17,9,2079,296.28,3,97.53,8,
706,1378,357.29,3,130.56,9,1803,540.56,3,230.63,8,1941,320.89,3,159.68,9,2055,349.33,3,22.98,9,2079,322.2,3,99.55,8,
707,1378,373.03,3,127.15,9,1803,538.83,3,230.49,8,1941,322.57,3,155.43,9,2055,342.4,3,46.02,9,2079,347.13,3,105.17,8,
708,1378,389.93,3,125.12,9,1803,536.93,3,230.79,8,1941,322.74,3,155.03,9,2055,336.98,3,69.7,9,2079,372.35,3,116.11,8,
709,1378,408.79,3,127.19,9,1803,534.97,3,231.78,8,1941,322.82,3,154.83,9,2055,333.7,3,89.98,9,2079,397.48,3,130.82,8,2153,341.07,3,229.9,8,
710,1378,429.55,3,133.89,9,1803,533.22,3,233.58,8,1941,322.87,3,154.69,9,2055,331.93,3,106.26,9,2079,423.43,3,148.69,8,2108,321.67,3,222.14,8,2153,340.51,3,228.2,8,
711,1378,452.95,3,147.38,9,1803,532.24,3,235.19,8,1941,322.89,3,154.68,9,2055,330.71,3,118.01,9,2079,449.11,3,168.49,8,2108,312.37,3,191.61,8,2153,339.38,3,224.79,8,
712,1378,479.0,3,167.68,9,1803,531.82,3,236.12,8,1941,322.88,3,154.67,9,2055,329.13,3,125.2,9,2079,475.11,3,190.23,8,2108,305.93,3,161.51,8,2153,337.7,3,219.48,8,
713,1378,505.85,3,194.55,9,1803,531.75,3,236.24,8,1810,540.32,3,246.33,8,1941,322.89,3,154.67,9,2055,326.73,3,134.31,9,2079,500.58,3,212.61,8,2108,302.32,3,130.77,8,2149,657.11,3,298.57,9,2153,335.46,3,212.05,8,
714,1378,531.79,3,225.06,9,1803,531.73,3,236.3,8,1810,534.57,3,242.11,8,1941,322.96,3,154.23,9,2055,322.88,3,145.4,9,2079,526.53,3,236.07,8,2108,301.82,3,100.0,8,2149,654.72,3,296.17,9,2153,336.15,3,204.96,8,
715,1378,556.59,3,255.29,9,1770,542.75,3,248.61,8,1803,531.73,3,236.31,8,1810,533.04,3,241.36,8,1941,323.15,3,152.61,9,2055,318.05,3,158.18,9,2108,304.42,3,69.49,8,2149,652.58,3,294.01,9,2153,346.6,3,205.17,8,
716,1378,582.57,3,286.3,9,1770,538.41,3,244.75,8,1803,531.73,3,236.31,8,1810,531.01,3,240.85,8,1941,323.34,3,149.37,9,2055,312.3,3,172.53,9,2108,311.91,3,39.65,8,2149,651.11,3,292.53,9,2153,358.44,3,206.17,8,2163,289.73,3,249.01,9,
717,1770,534.97,3,242.35,8,1803,531.73,3,236.31,8,1810,529.85,3,242.07,8,1941,320.85,3,145.66,9,2055,305.01,3,188.47,9,2108,321.48,3,12.83,8,2149,649.6,3,291.0,9,2153,371.58,3,208.18,8,2163,289.64,3,251.1,9,
718,1770,531.74,3,240.94,8,1803,531.73,3,236.31,8,1810,529.3,3,244.7,8,1941,315.58,3,145.05,9,2055,297.82,3,206.47,9,2108,333.69,3,24.27,8,2149,647.97,3,289.36,9,2153,385.41,3,211.29,8,2163,289.51,3,255.34,9,
719,1770,529.95,3,241.71,8,1803,531.49,3,236.83,8,1810,528.94,3,247.11,8,1872,543.13,3,248.97,8,1941,309.64,3,148.21,9,2055,293.5,3,222.28,9,2108,348.25,3,53.75,8,2149,646.47,3,287.85,9,2153,399.34,3,215.4,8,2163,289.43,3,261.06,9,
720,1770,529.39,3,244.12,8,1803,531.03,3,237.96,8,1810,527.22,3,247.63,8,1872,535.46,3,242.64,8,1941,302.53,3,153.31,9,2055,290.81,3,235.7,9,2108,364.74,3,83.92,8,2149,644.47,3,285.84,9,2153,412.92,3,220.27,8,2163,289.52,3,268.8,9,
721,1770,529.06,3,246.17,8,1803,530.47,3,239.64,8,1810,520.55,3,242.32,8,1872,532.96,3,241.33,8,1941,293.88,3,159.93,9,2055,289.74,3,248.87,9,2108,383.08,3,114.22,8,2149,642.45,3,283.81,9,2153,421.27,3,232.96,8,2163,290.28,3,279.13,9,
722,1803,529.89,3,241.89,8,1810,511.31,3,234.28,8,1872,532.94,3,241.33,8,1941,283.65,3,167.85,9,2055,289.43,3,261.8,9,2108,403.74,3,144.02,8,2149,639.87,3,281.22,9,2153,429.35,3,247.71,8,2163,291.2,3,287.72,9,
723,1803,529.25,3,244.94,8,1810,500.16,3,224.71,8,1872,532.9,3,241.31,8,1941,271.67,3,177.42,9,2055,289.82,3,273.54,9,2108,427.47,3,174.5,8,2149,637.43,3,278.77,9,2163,291.86,3,292.77,9,
724,1803,528.89,3,247.5,8,1810,487.52,3,214.04,8,1872,532.9,3,241.31,8,1941,257.26,3,188.17,9,2055,290.44,3,280.83,9,2108,452.23,3,204.8,8,2149,635.17,3,276.49,9,2163,294.3,3,295.29,9,
725,1803,525.04,3,246.13,8,1810,474.32,3,203.15,8,1872,532.9,3,241.31,8,1941,240.49,3,199.36,9,2055,291.06,3,286.46,9,2108,477.67,3,235.69,8,2149,633.02,3,274.34,9,2163,294.92,3,292.33,9,
726,1803,517.76,3,239.88,8,1810,460.93,3,192.4,8,1872,532.9,3,241.31,8,1941,221.06,3,211.3,9,2055,292.0,3,293.74,9,2149,630.83,3,272.14,9,2163,294.23,3,286.86,9,
727,1803,509.13,3,232.39,8,1810,447.72,3,182.14,8,1872,532.9,3,241.31,8,1941,198.64,3,223.47,9,2149,628.27,3,269.58,9,2163,293.43,3,279.06,9,
728,1803,498.28,3,223.11,8,1810,434.87,3,173.41,8,1872,532.9,3,241.31,8,1941,173.6,3,235.73,9,2149,626.45,3,267.75,9,2163,292.69,3,268.74,9,
729,1803,486.01,3,212.78,8,1810,421.63,3,165.41,8,1872,532.9,3,241.31,8,1941,147.59,3,249.53,9,2149,624.05,3,265.35,9,2163,292.69,3,256.24,9,
730,1803,471.79,3,201.09,8,1810,409.11,3,158.56,8,1872,532.9,3,241.31,8,1941,122.05,3,265.7,9,2149,622.11,3,263.41,9,2163,293.37,3,242.18,9,
731,1803,457.91,3,190.02,8,1810,396.61,3,152.5,8,1872,532.9,3,241.31,8,1941,96.09,3,284.58,9,2131,549.74,3,238.16,8,2149,619.87,3,261.17,9,2163,295.89,3,226.28,9,2180,330.06,3,244.36,8,
732,1803,443.46,3,178.95,8,1810,383.23,3,147.01,8,1872,532.9,3,241.31,8,2131,527.74,3,216.01,8,2149,618.41,3,259.71,9,2153,363.68,3,249.01,8,2163,300.34,3,209.11,9,2180,325.52,3,232.78,8,
733,1803,430.35,3,170.6,8,1810,370.61,3,142.48,8,1872,532.9,3,241.31,8,2131,504.95,3,193.06,8,2149,616.24,3,257.54,9,2153,345.55,3,247.6,8,2163,307.34,3,191.16,9,2180,320.91,3,219.9,8,
734,1803,417.13,3,162.86,8,1810,356.82,3,137.58,8,1872,532.9,3,241.31,8,1987,477.9,3,248.5,8,2131,482.82,3,170.75,8,2149,614.33,3,255.64,9,2153,326.22,3,247.34,8,2163,314.04,3,176.38,9,2180,316.14,3,205.07,8,
735,1803,403.34,3,155.66,8,1810,343.32,3,134.04,8,1872,532.9,3,241.31,8,1987,459.85,3,226.94,8,2131,460.35,3,148.08,8,2149,612.72,3,254.03,9,2153,305.17,3,249.08,8,2163,318.64,3,165.53,9,2180,311.61,3,188.61,8,
736,1803,389.9,3,149.61,8,1810,329.64,3,131.81,8,1872,532.9,3,241.31,8,1987,441.34,3,205.04,8,2131,437.75,3,125.27,8,2149,610.59,3,251.91,9,2163,321.48,3,158.18,9,2180,307.39,3,169.63,8,
737,1803,375.87,3,144.48,8,1810,322.9,3,119.68,8,1872,532.9,3,241.31,8,1987,422.03,3,183.27,8,2131,415.0,3,102.28,8,2149,608.28,3,249.61,9,2163,324.93,3,149.17,9,2180,304.06,3,148.75,8,
738,1803,362.01,3,139.28,8,1810,322.69,3,110.99,8,1872,532.9,3,241.31,8,1941,86.41,3,231.24,8,1987,402.79,3,161.36,8,2131,392.63,3,79.28,8,2149,606.7,3,248.03,9,2163,328.53,3,138.73,9,2180,302.05,3,126.27,8,
739,1803,347.81,3,135.07,8,1810,322.68,3,106.69,8,1872,532.9,3,241.31,8,1941,112.0,3,208.14,8,1987,385.66,3,140.43,8,2131,372.85,3,58.58,8,2149,604.9,3,246.25,9,2163,332.22,3,125.94,9,2180,301.74,3,102.61,8,
740,1803,334.05,3,132.38,8,1810,323.94,3,101.57,8,1872,532.9,3,241.31,8,1941,137.54,3,185.82,8,1987,369.45,3,119.41,8,2131,356.68,3,41.67,8,2149,603.47,3,244.82,9,2163,334.8,3,110.57,9,2180,303.21,3,79.61,8,
741,1803,323.94,3,124.03,8,1810,330.17,3,100.79,8,1872,532.9,3,241.31,8,1941,162.99,3,164.62,8,1987,355.39,3,97.66,8,2131,344.8,3,29.36,8,2149,601.76,3,243.13,9,2163,336.42,3,93.54,9,2180,306.23,3,57.75,8,
742,1803,322.7,3,110.67,8,1810,339.66,3,102.91,8,1872,532.9,3,241.31,8,1941,189.29,3,144.26,8,1987,342.59,3,76.09,8,2131,337.18,3,21.64,8,2142,532.33,3,248.76,8,2149,599.98,3,241.36,9,2163,339.31,3,74.14,9,2180,311.6,3,40.75,8,
743,1810,350.44,3,106.32,8,1872,532.9,3,241.31,8,1941,215.6,3,126.32,8,1987,330.43,3,54.11,8,2131,332.06,3,16.7,8,2142,532.84,3,246.0,8,2149,597.98,3,239.37,9,2163,343.87,3,52.28,9,2180,315.69,3,27.35,8,
744,1810,363.22,3,111.61,8,1872,532.9,3,241.31,8,1941,241.21,3,112.23,8,1987,319.32,3,32.43,8,2131,329.61,3,15.68,8,2142,533.18,3,244.58,8,2149,596.47,3,237.88,9,2163,348.92,3,33.94,9,2180,318.77,3,18.8,8,
745,1810,378.35,3,119.36,8,1872,532.9,3,241.31,8,1941,266.84,3,102.33,8,2131,331.82,3,20.41,8,2142,535.59,3,244.87,8,2149,594.49,3,235.92,9,2163,353.32,3,20.13,9,2180,321.66,3,13.18,8,
746,1810,396.03,3,129.9,8,1872,532.9,3,241.31,8,1941,292.14,3,97.68,8,2131,335.44,3,27.92,8,2145,540.59,3,246.58,8,2149,592.43,3,233.88,9,2163,356.77,3,10.28,9,2180,325.37,3,11.08,8,
747,1810,415.16,3,142.72,8,1872,532.9,3,241.31,8,1941,318.37,3,99.02,8,2131,340.25,3,37.85,8,2145,537.85,3,244.01,8,2149,590.53,3,232.0,9,2163,358.41,3,4.93,9,2180,331.74,3,16.24,8,
748,1810,436.5,3,158.56,8,1872,532.9,3,241.31,8,1941,343.45,3,103.99,8,2131,346.34,3,50.03,8,2145,537.81,3,243.98,8,2149,588.73,3,230.23,9,2153,145.4,3,284.25,9,2163,356.41,3,3.02,9,2180,339.36,3,24.1,8,
749,1810,460.15,3,177.49,8,1872,532.9,3,241.31,8,1941,369.37,3,114.58,8,2131,353.49,3,63.66,8,2145,537.81,3,243.98,8,2149,587.15,3,228.66,9,2153,154.53,3,260.33,9,2163,349.58,3,10.69,9,2180,349.42,3,34.66,8,
750,1810,486.35,3,200.02,8,1872,532.9,3,241.31,8,1941,395.44,3,129.53,8,2062,293.4,3,278.82,9,2131,362.27,3,79.59,8,2145,537.8,3,243.97,8,2149,585.19,3,226.74,9,2153,166.54,3,236.55,9,2163,340.88,3,20.14,9,2180,361.21,3,47.06,8,
751,1810,513.88,3,224.56,8,1872,532.9,3,241.31,8,1941,420.57,3,146.59,8,2062,292.71,3,255.59,9,2131,372.39,3,96.98,8,2145,537.8,3,243.97,8,2149,582.96,3,224.53,9,2153,181.43,3,211.95,9,2163,329.88,3,32.21,9,2180,374.97,3,61.53,8,
752,1872,532.9,3,241.31,8,1941,446.42,3,166.34,8,2062,294.63,3,232.23,9,2131,384.5,3,116.38,8,2145,537.8,3,243.97,8,2149,580.64,3,222.25,9,2153,197.63,3,188.22,9,2163,317.21,3,46.24,9,2180,390.83,3,78.15,8,
753,1872,532.9,3,241.31,8,1941,470.51,3,186.28,8,2062,300.03,3,210.2,9,2131,398.77,3,137.1,8,2145,537.8,3,243.97,8,2149,578.18,3,219.84,9,2153,215.38,3,164.33,9,2163,302.89,3,62.27,9,2180,408.68,3,96.62,8,
754,1872,532.9,3,241.31,8,1941,490.38,3,203.56,8,2062,307.12,3,191.67,9,2131,415.27,3,159.35,8,2145,537.8,3,243.97,8,2149,575.96,3,217.65,9,2153,235.08,3,139.57,9,2163,287.41,3,79.83,9,2180,426.79,3,114.86,8,
755,1872,532.9,3,241.31,8,1941,505.99,3,217.46,8,2062,313.52,3,177.47,9,2131,435.28,3,184.07,8,2145,537.8,3,243.97,8,2149,573.41,3,215.16,9,2153,255.01,3,115.58,9,2163,270.58,3,99.27,9,2180,445.62,3,133.83,8,
756,1872,532.9,3,241.31,8,1941,517.12,3,227.5,8,2062,318.12,3,166.85,9,2131,456.75,3,210.35,8,2145,537.8,3,243.97,8,2149,571.03,3,212.82,9,2153,276.24,3,90.85,9,2163,252.07,3,121.15,9,2180,463.87,3,152.21,8,2201,594.11,3,297.99,9,
757,1872,532.9,3,241.31,8,1941,523.77,3,233.55,8,2062,320.96,3,159.5,9,2131,479.72,3,238.14,8,2145,537.8,3,243.97,8,2149,568.82,3,210.66,9,2153,297.39,3,66.81,9,2163,232.76,3,144.77,9,2180,482.1,3,170.57,8,2201,583.73,3,285.87,9,
758,1872,532.9,3,241.31,8,1941,528.28,3,238.03,8,2062,322.51,3,155.58,9,2145,537.8,3,243.97,8,2149,566.29,3,208.19,9,2153,315.76,3,46.31,9,2163,213.43,3,169.59,9,2180,499.96,3,188.54,8,2201,572.1,3,272.02,9,
759,1872,532.9,3,241.31,8,1941,530.05,3,241.29,8,2062,324.65,3,149.91,9,2145,537.8,3,243.97,8,2149,564.7,3,206.65,9,2153,330.34,3,30.25,9,2163,196.03,3,193.68,9,2180,516.07,3,204.75,8,2201,558.93,3,256.19,9,
760,1872,532.3,3,241.12,8,1941,529.67,3,242.79,8,2062,327.22,3,142.59,9,2145,537.8,3,243.97,8,2149,562.44,3,204.44,9,2153,341.09,3,18.51,9,2163,180.02,3,218.05,9,2180,528.41,3,217.17,8,2201,543.92,3,237.94,9,
761,1872,530.97,3,240.88,8,1941,529.26,3,244.91,8,2062,330.2,3,133.79,9,2145,535.29,3,241.62,8,2149,560.8,3,202.85,9,2153,347.77,3,11.29,9,2163,165.77,3,242.92,9,2180,536.3,3,225.11,8,2201,527.7,3,217.99,9,
762,1872,529.98,3,241.58,8,1941,528.85,3,247.85,8,2062,332.88,3,122.8,9,2145,530.41,3,237.07,8,2149,559.03,3,201.13,9,2153,355.85,3,2.92,9,2163,154.57,3,267.0,9,2180,540.13,3,229.14,8,2201,508.37,3,195.46,9,
763,1872,529.49,3,243.65,8,2062,334.84,3,109.95,9,2145,523.83,3,230.97,8,2149,556.48,3,198.66,9,2153,365.47,3,8.27,9,2163,146.55,3,290.87,9,2180,540.94,3,230.7,8,2201,485.21,3,171.68,9,
764,1872,529.03,3,246.37,8,2062,336.25,3,94.98,9,2145,515.74,3,223.52,8,2149,554.68,3,196.91,9,2153,376.84,3,20.5,9,2180,539.51,3,230.5,8,2201,458.4,3,149.17,9,
765,2062,338.7,3,77.67,9,2145,505.11,3,213.81,8,2149,553.2,3,195.49,9,2153,390.36,3,35.07,9,2180,537.95,3,230.56,8,2201,429.43,3,131.27,9,
766,2062,342.5,3,58.09,9,2145,491.9,3,201.81,8,2149,551.55,3,193.9,9,2153,405.41,3,51.2,9,2180,536.28,3,231.02,8,2201,403.53,3,123.26,9,
767,2062,347.39,3,39.18,9,2145,477.01,3,188.47,8,2149,549.72,3,192.13,9,2153,422.75,3,69.7,9,2180,534.63,3,232.06,8,2201,381.94,3,122.4,9,
768,2062,351.97,3,24.2,9,2145,459.6,3,173.19,8,2149,548.18,3,190.66,9,2153,442.54,3,90.68,9,2180,533.18,3,233.65,8,2201,364.94,3,125.61,9,
769,2062,355.79,3,13.0,9,2145,440.56,3,157.01,8,2149,545.69,3,188.26,9,2153,463.99,3,113.29,9,2180,532.31,3,235.06,8,2201,351.11,3,128.6,9,
770,2062,358.07,3,6.35,9,2145,420.06,3,140.53,8,2149,544.18,3,186.81,9,2153,486.98,3,137.42,9,2180,531.89,3,235.94,8,2201,341.44,3,131.45,9,
771,2062,358.24,3,0.76,9,2145,397.61,3,123.91,8,2149,542.39,3,185.1,9,2153,512.04,3,163.59,9,2180,530.45,3,236.23,8,2201,336.07,3,133.6,9,
772,2062,353.84,3,6.04,9,2145,374.07,3,108.71,8,2149,540.74,3,183.53,9,2153,538.67,3,191.29,9,2180,525.73,3,232.66,8,2201,330.53,3,138.36,9,
773,2062,347.75,3,12.67,9,2145,349.56,3,96.03,8,2149,538.35,3,181.26,9,2153,565.68,3,219.26,9,2180,520.21,3,227.63,8,2201,324.63,3,145.72,9,
774,2062,339.45,3,21.71,9,2145,325.92,3,88.44,8,2149,536.81,3,179.79,9,2153,588.5,3,242.72,9,2180,512.76,3,220.79,8,2201,319.07,3,155.62,9,
775,1843,480.85,3,247.49,8,2062,329.49,3,32.64,9,2145,301.11,3,85.71,8,2149,534.76,3,177.85,9,2153,607.4,3,262.07,9,2180,503.24,3,212.11,8,2201,314.31,3,167.84,9,
776,1843,456.9,3,218.52,8,2062,318.25,3,45.08,9,2145,276.24,3,90.02,8,2149,532.68,3,175.88,9,2153,622.04,3,277.05,9,2180,491.68,3,201.61,8,2201,308.32,3,181.04,9,
777,1843,432.44,3,190.11,8,2062,305.7,3,59.11,9,2145,252.31,3,99.09,8,2149,530.13,3,173.48,9,2153,632.3,3,287.53,9,2180,478.41,3,189.71,8,2201,301.94,3,195.8,9,
778,1843,407.9,3,161.78,8,2062,291.83,3,74.79,9,2145,228.2,3,112.29,8,2149,527.59,3,171.09,9,2153,638.65,3,293.97,9,2180,463.23,3,176.35,8,2201,296.01,3,212.54,9,
779,1843,385.71,3,134.06,8,2062,276.8,3,92.03,9,2145,204.29,3,128.32,8,2149,525.88,3,169.49,9,2180,446.61,3,162.09,8,2201,291.51,3,231.27,9,
780,1843,365.89,3,106.08,8,2062,260.4,3,111.22,9,2145,179.58,3,147.3,8,2149,524.35,3,168.07,9,2180,427.81,3,146.64,8,2201,289.59,3,252.5,9,
781,1843,348.65,3,76.88,8,2062,244.7,3,130.06,9,2145,155.07,3,167.63,8,2149,522.59,3,166.42,9,2180,406.89,3,130.56,8,2201,290.04,3,276.36,9,
782,1843,333.07,3,47.72,8,2062,229.65,3,148.66,9,2145,131.69,3,188.04,8,2149,521.16,3,165.1,9,2180,383.68,3,114.59,8,
783,1843,319.48,3,18.85,8,2062,215.02,3,167.47,9,2145,107.3,3,210.18,8,2149,519.07,3,163.17,9,2180,360.96,3,101.39,8,
784,1843,309.14,3,10.03,8,2062,201.01,3,186.59,9,2145,83.62,3,232.42,8,2149,516.58,3,160.87,9,2180,337.47,3,91.55,8,
785,1843,301.28,3,38.24,8,2062,188.02,3,205.52,9,2149,514.29,3,158.77,9,2180,313.78,3,86.22,8,
786,1843,294.4,3,66.45,8,2062,176.13,3,224.45,9,2149,512.9,3,157.49,9,2180,290.2,3,86.75,8,
787,1843,291.65,3,94.58,8,2062,165.78,3,242.9,9,2149,510.95,3,155.72,9,2180,267.21,3,92.86,8,
788,1843,291.62,3,123.15,8,2062,157.02,3,261.16,9,2149,508.99,3,153.94,9,2180,243.47,3,103.62,8,
789,1843,294.39,3,151.75,8,1872,368.29,3,249.58,8,2062,149.68,3,280.33,9,2149,507.38,3,152.48,9,2180,220.13,3,117.39,8,
790,1843,299.8,3,180.03,8,1872,359.16,3,248.54,8,2062,144.7,3,298.63,9,2149,505.09,3,150.42,9,2180,197.17,3,133.58,8,
791,1843,307.75,3,208.38,8,1872,352.93,3,248.07,8,2145,92.54,3,292.45,9,2149,503.21,3,148.74,9,2180,174.62,3,151.31,8,
792,1843,318.12,3,236.96,8,1872,347.67,3,245.55,8,2145,116.26,3,274.7,9,2149,500.99,3,146.76,9,2180,151.81,3,170.42,8,
793,1872,344.62,3,239.78,8,2145,140.46,3,258.62,9,2149,498.74,3,144.77,9,2180,129.47,3,190.02,8,
794,1872,341.56,3,231.34,8,2145,164.54,3,245.21,9,2149,497.22,3,143.43,9,2180,106.68,3,210.75,8,
795,1872,338.12,3,220.82,8,2145,188.58,3,233.48,9,2149,494.72,3,141.24,9,2180,84.64,3,231.45,8,
796,1872,334.49,3,208.62,8,2145,212.62,3,221.7,9,2149,493.13,3,139.86,9,
797,1872,342.15,3,205.0,8,2112,294.89,3,292.15,9,2145,235.59,3,208.51,9,2149,491.42,3,138.38,9,2246,549.41,3,298.54,9,
798,1872,353.92,3,205.69,8,2112,292.65,3,266.37,9,2114,477.76,3,243.79,8,2145,257.66,3,194.38,9,2149,489.63,3,136.84,9,2246,543.73,3,291.4,9,
799,1872,365.51,3,207.14,8,2112,293.45,3,241.28,9,2114,454.28,3,215.3,8,2145,279.65,3,179.43,9,2149,488.2,3,135.61,9,2246,536.46,3,282.2,9,
800,1872,377.32,3,209.36,8,2112,298.26,3,216.62,9,2114,429.42,3,186.66,8,2145,299.92,3,163.84,9,2149,486.19,3,133.91,9,2246,528.04,3,271.45,9,
801,1872,389.55,3,212.41,8,2112,305.02,3,196.76,9,2114,405.51,3,159.0,8,2145,319.5,3,147.7,9,2149,484.35,3,132.35,9,2246,518.26,3,258.82,9,2251,548.81,3,297.79,9,
802,1872,401.61,3,216.16,8,2112,311.87,3,180.96,9,2114,383.67,3,131.36,8,2145,340.2,3,135.33,9,2149,482.46,3,130.73,9,2246,506.77,3,243.76,9,2251,535.92,3,281.51,9,2274,341.08,3,248.13,8,
803,1872,413.42,3,220.47,8,2112,317.35,3,168.84,9,2114,364.67,3,104.09,8,2141,295.7,3,298.24,9,2145,362.57,3,129.59,9,2149,480.76,3,129.27,9,2180,105.01,3,282.95,9,2246,494.41,3,227.28,9,2251,521.63,3,263.18,9,2274,338.31,3,247.37,8,
804,1872,420.48,3,231.49,8,2112,320.57,3,160.49,9,2114,348.88,3,77.31,8,2141,293.1,3,275.15,9,2145,383.86,3,125.53,9,2149,478.56,3,127.39,9,2180,128.0,3,266.65,9,2246,480.69,3,208.59,9,2251,507.63,3,244.9,9,2274,333.87,3,247.27,8,
805,1872,427.52,3,244.43,8,2112,322.21,3,156.36,9,2114,336.82,3,55.04,8,2141,292.81,3,252.44,9,2145,406.6,3,126.74,9,2149,477.0,3,126.06,9,2180,151.12,3,252.22,9,2246,465.74,3,187.66,9,2251,492.45,3,224.64,9,2274,327.42,3,247.31,8,2276,554.63,3,243.07,8,
806,2112,323.34,3,151.06,9,2114,327.72,3,36.8,8,2141,295.02,3,230.2,9,2145,429.47,3,133.85,9,2149,475.13,3,124.49,9,2180,174.32,3,240.8,9,2246,449.87,3,164.67,9,2251,476.77,3,203.16,9,2274,319.51,3,247.65,8,2276,534.46,3,222.78,8,
807,2112,321.41,3,145.9,9,2114,321.38,3,23.12,8,2141,300.89,3,207.5,9,2145,453.64,3,147.87,9,2149,473.52,3,123.14,9,2180,197.73,3,228.99,9,2246,432.98,3,139.12,9,2251,459.91,3,179.31,9,2274,310.51,3,248.42,8,2276,513.87,3,202.04,8,
808,2112,315.57,3,145.05,9,2114,317.52,3,13.62,8,2141,308.03,3,189.54,9,2145,477.69,3,166.43,9,2149,470.93,3,120.99,9,2180,220.29,3,217.66,9,2246,416.14,3,112.2,9,2251,442.22,3,153.26,9,2274,300.39,3,249.79,8,2276,493.0,3,181.01,8,
809,2112,309.72,3,148.16,9,2114,318.12,3,8.83,8,2141,314.54,3,175.32,9,2145,500.78,3,188.71,9,2149,468.9,3,119.31,9,2180,242.86,3,203.85,9,2246,400.55,3,85.52,9,2251,424.57,3,125.88,9,2276,472.42,3,160.26,8,
810,2112,302.7,3,153.18,9,2114,322.98,3,8.21,8,2141,318.84,3,164.99,9,2145,521.98,3,213.11,9,2149,466.98,3,117.75,9,2180,264.27,3,190.2,9,2246,385.34,3,58.04,9,2251,408.61,3,99.56,9,2276,451.84,3,139.49,8,
811,2112,293.59,3,160.16,9,2114,330.66,3,15.13,8,2141,321.26,3,158.72,9,2145,541.59,3,237.09,9,2149,465.03,3,116.18,9,2180,285.21,3,175.52,9,2246,371.3,3,30.51,9,2251,393.12,3,72.29,9,2276,431.3,3,118.76,8,
812,2112,282.4,3,168.82,9,2114,339.88,3,24.65,8,2141,322.88,3,154.67,9,2145,559.25,3,258.49,9,2149,463.01,3,114.56,9,2180,304.42,3,160.53,9,2246,359.11,3,3.69,9,2251,378.43,3,44.86,9,2276,411.14,3,98.39,8,
813,2112,269.21,3,179.48,9,2114,350.53,3,35.82,8,2141,322.89,3,154.67,9,2145,573.8,3,275.9,9,2149,460.7,3,112.72,9,2180,323.25,3,144.91,9,2246,348.98,3,24.06,9,2251,365.19,3,17.49,9,2276,390.77,3,77.33,8,
814,2112,254.22,3,190.45,9,2114,362.97,3,48.92,8,2141,322.89,3,154.67,9,2145,584.73,3,288.85,9,2149,458.94,3,111.34,9,2180,342.96,3,134.39,9,2246,341.15,3,50.75,9,2250,325.64,3,233.1,8,2251,353.49,3,11.0,9,2276,370.94,3,56.58,8,
815,2112,236.73,3,201.84,9,2114,376.72,3,63.36,8,2141,323.8,3,152.9,9,2145,592.82,3,298.24,9,2149,457.03,3,109.87,9,2180,364.85,3,129.14,9,2246,336.24,3,73.68,9,2250,316.22,3,205.3,8,2251,344.72,3,37.79,9,2276,355.48,3,40.42,8,
816,2112,216.73,3,213.78,9,2114,392.04,3,79.42,8,2141,325.87,3,149.22,9,2149,455.3,3,108.54,9,2180,385.64,3,125.37,9,2246,333.24,3,93.62,9,2250,309.17,3,178.27,8,2251,338.86,3,60.46,9,2276,344.25,3,28.8,8,
817,2112,194.07,3,225.67,9,2114,409.4,3,97.34,8,2141,329.72,3,143.76,9,2149,452.89,3,106.72,9,2180,406.78,3,126.77,9,2246,331.71,3,109.05,9,2250,304.24,3,150.16,8,2251,334.94,3,81.39,9,2276,337.27,3,21.73,8,
818,2112,169.83,3,237.71,9,2114,429.33,3,117.42,8,2141,336.06,3,137.45,9,2149,451.11,3,105.39,9,2180,424.28,3,131.88,9,2246,330.26,3,119.93,9,2250,301.86,3,122.19,8,2251,332.75,3,97.82,9,2276,332.69,3,17.28,8,
819,2112,143.43,3,251.98,9,2114,451.17,3,139.42,8,2141,346.45,3,133.31,9,2149,449.65,3,104.32,9,2180,438.32,3,137.65,9,2246,328.9,3,126.29,9,2250,298.88,3,94.15,8,2251,331.65,3,109.94,9,2276,329.52,3,15.45,8,
820,2112,118.1,3,268.43,9,2114,473.16,3,161.57,8,2141,358.8,3,130.26,9,2149,447.6,3,102.83,9,2180,448.48,3,144.27,9,2246,326.64,3,134.57,9,2250,301.59,3,66.84,8,2251,330.81,3,117.52,9,2276,331.78,3,20.33,8,
821,2112,92.21,3,287.61,9,2114,495.27,3,183.82,8,2141,373.1,3,127.14,9,2149,445.35,3,101.23,9,2180,454.19,3,148.26,9,2246,323.34,3,144.09,9,2250,308.45,3,40.39,8,2251,329.28,3,124.5,9,2276,335.42,3,27.88,8,
822,2114,512.91,3,201.58,8,2141,388.87,3,125.17,9,2149,442.76,3,99.41,9,2180,456.78,3,149.4,9,2246,319.35,3,154.91,9,2250,317.05,3,13.94,8,2251,327.14,3,133.01,9,2274,141.89,3,297.31,9,2276,340.22,3,37.8,8,
823,2114,526.1,3,214.84,8,2141,406.83,3,126.79,9,2149,440.72,3,98.02,9,2180,455.51,3,147.13,9,2246,314.24,3,168.02,9,2250,327.63,3,16.27,8,2251,323.57,3,143.45,9,2274,149.09,3,273.5,9,2276,346.28,3,49.9,8,
824,2114,535.34,3,224.14,8,2141,424.07,3,131.8,9,2149,439.02,3,96.88,9,2180,453.05,3,145.3,9,2246,307.47,3,182.89,9,2250,340.1,3,42.59,8,2251,319.16,3,155.38,9,2274,159.66,3,249.52,9,2276,353.92,3,64.45,8,
825,2114,540.72,3,229.87,8,2141,442.8,3,140.41,9,2149,436.61,3,95.3,9,2180,448.24,3,141.89,9,2246,300.54,3,199.31,9,2250,354.22,3,69.58,8,2251,314.01,3,168.59,9,2274,173.04,3,225.36,9,2276,363.33,3,81.45,8,
826,2114,540.55,3,230.62,8,2141,464.39,3,155.65,9,2149,434.21,3,93.77,9,2180,441.54,3,137.29,9,2246,294.43,3,218.5,9,2250,369.7,3,96.51,8,2251,307.51,3,182.8,9,2274,188.47,3,201.35,9,2276,374.75,3,100.91,8,
827,2114,539.11,3,230.48,8,2141,487.15,3,175.44,9,2149,432.4,3,92.65,9,2180,432.96,3,132.78,9,2246,290.34,3,239.82,9,2250,386.9,3,123.5,8,2251,300.59,3,199.18,9,2274,205.22,3,177.8,9,2276,388.46,3,122.36,8,
828,1989,293.73,3,282.22,9,2112,91.21,3,226.85,8,2114,537.33,3,230.68,8,2141,509.07,3,198.25,9,2149,430.27,3,91.35,9,2180,422.82,3,128.7,9,2246,289.43,3,263.33,9,2250,406.74,3,151.19,8,2251,294.75,3,217.26,9,2274,223.59,3,153.85,9,2276,400.15,3,142.15,8,
829,1989,292.68,3,256.93,9,2112,117.13,3,203.59,8,2114,535.36,3,231.52,8,2141,528.9,3,221.51,9,2149,427.96,3,90.0,9,2180,410.28,3,124.71,9,2246,291.33,3,288.84,9,2250,429.18,3,179.15,8,2251,290.59,3,237.44,9,2266,532.36,3,248.55,8,2274,243.16,3,129.74,9,2276,415.03,3,164.45,8,2299,593.03,3,296.74,9,
830,1989,294.77,3,231.5,9,2112,143.08,3,181.11,8,2114,533.52,3,233.18,8,2141,548.28,3,245.23,9,2149,426.45,3,89.14,9,2180,396.25,3,122.3,9,2250,450.26,3,204.78,8,2251,289.44,3,259.9,9,2266,532.85,3,245.95,8,2274,263.03,3,106.15,9,2276,434.41,3,188.01,8,2299,568.88,3,268.17,9,
831,1989,300.81,3,207.7,9,2112,168.22,3,160.43,8,2114,532.44,3,234.82,8,2141,568.06,3,269.06,9,2149,424.86,3,88.26,9,2180,380.97,3,122.5,9,2250,467.9,3,226.19,8,2251,290.78,3,284.14,9,2266,533.12,3,244.83,8,2274,283.59,3,82.44,9,2276,455.42,3,213.47,8,2299,544.97,3,239.23,9,2328,336.77,3,21.41,8,
832,1989,308.35,3,188.81,9,2112,193.85,3,140.96,8,2114,531.88,3,235.96,8,2141,587.29,3,291.83,9,2149,422.34,3,86.92,9,2180,363.78,3,125.93,9,2266,534.45,3,244.27,8,2274,303.58,3,59.87,9,2276,477.14,3,239.48,8,2299,521.93,3,211.1,9,2328,338.07,3,22.76,8,
833,1989,315.0,3,174.3,9,2112,219.79,3,123.74,8,2114,532.54,3,237.53,8,2149,420.57,3,86.01,9,2180,343.6,3,130.75,9,2266,540.89,3,249.28,8,2274,321.04,3,40.48,9,2299,496.22,3,182.31,9,2328,341.09,3,25.91,8,
834,1989,319.36,3,163.64,9,2112,246.11,3,110.02,8,2114,534.93,3,239.42,8,2149,418.66,3,85.06,9,2274,334.59,3,25.59,9,2299,468.43,3,156.67,9,2328,346.29,3,31.37,8,
835,1989,321.91,3,157.08,9,2112,271.61,3,100.98,8,2114,535.39,3,238.4,8,2149,416.82,3,84.2,9,2274,344.12,3,15.22,9,2299,439.47,3,135.91,9,2328,352.98,3,38.41,8,
836,1989,325.3,3,148.06,9,2112,296.96,3,97.52,8,2114,536.08,3,237.21,8,2149,414.65,3,83.22,9,2274,349.55,3,9.38,9,2299,412.59,3,125.36,9,2328,361.74,3,47.62,8,
837,1989,329.16,3,136.87,9,2112,322.67,3,99.61,8,2114,537.11,3,235.88,8,2149,412.18,3,82.17,9,2274,354.69,3,4.2,9,2299,389.59,3,121.89,9,2328,372.45,3,58.88,8,
838,1989,332.77,3,123.29,9,2112,347.82,3,105.41,8,2114,538.55,3,234.67,8,2149,410.31,3,81.43,9,2274,354.22,3,8.97,9,2299,370.37,3,124.27,9,2328,385.13,3,72.18,8,
839,1989,334.99,3,107.98,9,2069,464.61,3,227.92,8,2112,373.21,3,116.56,8,2114,540.52,3,233.86,8,2149,408.69,3,80.82,9,2274,351.14,3,17.62,9,2299,354.97,3,127.69,9,2328,400.23,3,87.99,8,
840,1989,336.84,3,90.24,9,2069,442.37,3,201.46,8,2112,398.27,3,131.32,8,2114,543.01,3,233.72,8,2149,406.99,3,80.22,9,2274,347.6,3,28.31,9,2299,343.46,3,130.79,9,2314,591.06,3,294.44,9,2328,418.29,3,106.3,8,
841,1989,339.95,3,70.63,9,2069,419.82,3,175.6,8,2112,423.5,3,148.73,8,2149,404.42,3,79.38,9,2274,343.96,3,40.42,9,2299,336.25,3,133.47,9,2314,569.85,3,269.33,9,2328,438.52,3,126.67,8,
842,1989,344.6,3,49.39,9,2069,397.53,3,149.41,8,2112,448.69,3,168.16,8,2149,402.23,3,78.49,9,2274,340.21,3,54.5,9,2299,329.2,3,139.85,9,2314,549.16,3,244.34,9,2328,459.35,3,147.66,8,2344,294.49,3,289.04,9,
843,1989,351.12,3,26.83,9,2069,377.41,3,123.09,8,2112,471.76,3,187.36,8,2149,398.39,3,76.44,9,2274,336.75,3,70.87,9,2299,322.55,3,148.71,9,2314,528.53,3,219.0,9,2328,480.29,3,168.74,8,2344,294.26,3,287.12,9,
844,1989,359.52,3,3.48,9,2069,360.38,3,97.02,8,2112,490.98,3,204.09,8,2149,392.86,3,71.12,9,2274,333.72,3,89.84,9,2299,317.09,3,160.66,9,2314,506.67,3,193.5,9,2328,500.49,3,189.08,8,2344,293.79,3,282.81,9,
845,1989,369.47,3,20.7,9,2069,345.16,3,70.64,8,2112,505.71,3,217.2,8,2149,388.12,3,63.19,9,2274,331.99,3,105.54,9,2299,311.29,3,174.74,9,2314,482.69,3,169.26,9,2328,516.36,3,205.05,8,2344,293.25,3,277.06,9,
846,1989,378.49,3,39.51,9,2069,331.54,3,44.65,8,2112,517.4,3,227.75,8,2149,382.91,3,53.47,9,2274,330.84,3,117.39,9,2299,304.11,3,190.58,9,2314,458.39,3,149.16,9,2328,527.75,3,216.5,8,2344,292.71,3,269.12,9,
847,1989,385.82,3,53.86,9,2069,319.22,3,18.28,8,2112,524.59,3,234.3,8,2149,376.71,3,41.49,9,2274,329.19,3,124.88,9,2299,297.01,3,208.99,9,2314,432.96,3,132.78,9,2328,534.68,3,223.47,8,2344,292.64,3,259.45,9,
848,1989,391.46,3,64.39,9,2069,309.36,3,9.4,8,2112,529.09,3,239.01,8,2149,369.78,3,27.35,9,2274,326.95,3,133.67,9,2299,291.72,3,230.14,9,2314,408.86,3,124.35,9,2328,537.79,3,226.47,8,2344,292.86,3,250.98,9,
849,1989,394.47,3,70.39,9,2069,301.95,3,35.33,8,2112,529.93,3,241.76,8,2149,362.61,3,11.78,9,2274,323.42,3,143.87,9,2299,289.56,3,253.43,9,2314,385.79,3,122.06,9,2328,536.82,3,225.16,8,2344,293.17,3,245.02,9,
850,1989,394.59,3,75.36,9,2069,295.12,3,61.8,8,2112,529.38,3,244.19,8,2149,355.21,3,6.37,9,2274,319.12,3,155.49,9,2299,290.21,3,278.31,9,2314,367.5,3,124.94,9,2328,531.85,3,220.16,8,2344,291.93,3,242.84,9,
851,1989,390.61,3,76.12,9,2069,292.08,3,87.61,8,2112,528.93,3,247.2,8,2149,348.32,3,26.07,9,2274,313.8,3,169.07,9,2314,352.89,3,128.16,9,2328,525.27,3,213.53,8,2344,289.94,3,245.12,9,
852,1989,388.68,3,76.0,9,2069,291.32,3,113.61,8,2112,529.33,3,249.36,8,2149,341.91,3,47.82,9,2274,307.21,3,183.48,9,2314,342.08,3,131.24,9,2328,516.25,3,204.44,8,2344,289.64,3,251.1,9,
853,1989,386.83,3,75.81,9,2069,292.89,3,139.72,8,2149,336.58,3,71.84,9,2274,300.24,3,200.08,9,2314,335.66,3,133.9,9,2328,505.31,3,193.42,8,2344,289.44,3,258.8,9,2351,549.89,3,294.79,9,
854,1989,384.75,3,75.66,9,2069,296.81,3,166.11,8,2149,333.5,3,91.51,9,2274,294.39,3,218.64,9,2314,329.02,3,140.05,9,2328,492.87,3,180.88,8,2344,289.48,3,268.0,9,2351,537.25,3,285.54,9,
855,1989,382.86,3,75.59,9,2069,303.04,3,192.65,8,2096,461.63,3,224.3,8,2149,331.91,3,106.68,9,2274,290.7,3,236.52,9,2314,322.18,3,149.4,9,2328,479.02,3,166.91,8,2344,290.29,3,279.31,9,2351,522.96,3,275.41,9,
856,1989,381.43,3,75.58,9,2069,311.53,3,219.53,8,2096,439.24,3,197.89,8,2149,330.63,3,118.36,9,2274,289.56,3,253.19,9,2314,316.64,3,161.85,9,2328,462.97,3,150.73,8,2344,291.84,3,292.65,9,2351,508.74,3,265.71,9,
857,1989,379.69,3,75.59,9,2069,321.69,3,245.58,8,2096,418.19,3,173.72,8,2149,329.06,3,125.5,9,2274,289.57,3,269.84,9,2314,310.47,3,176.46,9,2328,445.56,3,133.15,8,2351,495.03,3,256.76,9,
858,1645,295.41,3,296.02,9,1989,377.58,3,75.67,9,2096,400.93,3,153.65,8,2149,326.81,3,134.07,9,2274,291.23,3,287.99,9,2314,303.05,3,193.1,9,2328,426.43,3,113.84,8,2351,481.3,3,247.42,9,
859,1645,292.77,3,270.19,9,1989,376.33,3,75.76,9,2096,388.56,3,137.78,8,2149,323.29,3,144.25,9,2314,296.17,3,211.93,9,2328,405.93,3,93.12,8,2351,470.0,3,234.12,9,
860,1645,293.24,3,243.96,9,1989,374.23,3,75.95,9,2096,379.89,3,126.37,8,2149,318.86,3,156.13,9,2314,291.2,3,233.01,9,2328,385.93,3,72.27,8,2351,463.49,3,222.87,9,
861,1645,297.65,3,218.97,9,1989,371.89,3,76.24,9,2096,376.66,3,118.94,8,2149,313.64,3,169.46,9,2314,289.47,3,256.99,9,2328,367.18,3,52.65,8,2341,360.78,3,248.7,8,2351,460.51,3,216.11,9,2371,535.39,3,238.39,8,
862,1645,304.67,3,197.64,9,1989,369.76,3,76.59,9,2096,381.12,3,116.06,8,2149,306.99,3,183.96,9,2314,290.55,3,281.9,9,2328,352.78,3,37.61,8,2341,341.13,3,247.45,8,2351,453.84,3,207.79,9,2371,535.59,3,238.02,8,2372,519.07,3,226.58,8,
863,1645,311.86,3,181.0,9,1989,367.74,3,76.97,9,2096,387.94,3,117.08,8,2149,299.89,3,201.0,9,2328,342.66,3,27.17,8,2341,320.94,3,247.56,8,2351,444.73,3,202.18,9,2371,535.97,3,237.37,8,2372,517.31,3,224.97,8,2374,360.17,3,119.51,8,
864,1645,317.48,3,168.49,9,1989,365.42,3,77.5,9,2096,395.37,3,119.45,8,2149,293.94,3,220.44,9,2328,336.65,3,21.11,8,2341,301.59,3,249.61,8,2351,433.16,3,195.95,9,2371,536.57,3,236.51,8,2372,513.54,3,221.51,8,2374,358.67,3,119.89,8,
865,1645,320.82,3,159.86,9,1989,363.62,3,77.96,9,2096,405.07,3,123.47,8,2149,290.18,3,241.7,9,2244,471.22,3,240.56,8,2328,331.69,3,16.37,8,2351,419.41,3,189.21,9,2371,537.42,3,235.56,8,2372,507.93,3,216.38,8,2374,355.89,3,120.69,8,
866,1645,322.57,3,155.43,9,1989,362.24,3,78.34,9,2096,416.0,3,128.95,8,2149,289.44,3,265.0,9,2244,460.78,3,228.05,8,2328,329.63,3,15.73,8,2351,404.96,3,182.97,9,2371,538.73,3,234.57,8,2372,500.47,3,209.58,8,2374,351.29,3,122.28,8,
867,1645,326.01,3,149.02,9,1989,360.15,3,78.98,9,2096,426.94,3,134.98,8,2149,291.51,3,290.16,9,2244,448.59,3,213.29,8,2328,331.62,3,20.0,8,2351,390.82,3,177.8,9,2371,540.42,3,233.88,8,2372,491.54,3,201.48,8,2374,345.06,3,124.93,8,
868,1645,331.85,3,141.3,9,1989,358.37,3,79.58,9,2096,437.85,3,141.82,8,2244,433.75,3,196.52,8,2328,334.76,3,26.51,8,2351,376.11,3,173.49,9,2371,542.39,3,233.68,8,2372,480.26,3,191.36,8,2374,337.2,3,129.09,8,
869,1645,341.72,3,134.81,9,1989,356.03,3,80.41,9,2096,449.21,3,149.66,8,2244,416.96,3,177.51,8,2328,338.91,3,35.12,8,2351,362.5,3,170.55,9,2371,543.67,3,233.82,8,2372,467.5,3,180.08,8,2374,328.41,3,134.81,8,
870,1645,355.37,3,130.98,9,1989,354.3,3,81.08,9,2096,460.63,3,158.17,8,2244,399.01,3,157.02,8,2328,344.51,3,46.43,8,2351,347.84,3,168.56,9,2371,544.07,3,233.85,8,2372,453.2,3,167.69,8,2374,320.24,3,141.14,8,
871,1645,370.98,3,127.59,9,1989,352.17,3,81.96,9,2096,472.56,3,167.6,8,2244,380.61,3,133.96,8,2328,348.67,3,59.3,8,2351,336.52,3,167.89,9,2371,542.1,3,231.64,8,2372,437.11,3,154.15,8,2374,312.13,3,148.38,8,
872,1645,387.66,3,125.23,9,1989,349.78,3,83.02,9,2096,483.8,3,176.9,8,2244,362.15,3,108.52,8,2328,357.01,3,74.61,8,2351,329.36,3,167.87,9,2371,540.88,3,230.69,8,2372,419.08,3,139.77,8,2374,304.18,3,156.4,8,
873,1645,406.24,3,126.69,9,1989,348.56,3,83.59,9,2063,294.13,3,285.99,9,2096,494.82,3,186.35,8,2244,345.38,3,80.93,8,2328,367.28,3,92.45,8,2351,325.48,3,167.98,9,2371,540.16,3,230.57,8,2372,399.22,3,125.03,8,2374,296.55,3,164.91,8,
874,1645,427.15,3,132.95,9,1989,346.62,3,84.53,9,2063,292.65,3,259.52,9,2096,506.49,3,196.64,8,2244,328.83,3,51.09,8,2328,379.63,3,112.55,8,2351,319.83,3,168.63,9,2371,539.01,3,230.48,8,2372,377.2,3,110.6,8,2374,288.84,3,173.68,8,
875,1645,451.06,3,146.06,9,1989,345.03,3,85.33,9,2063,294.21,3,234.7,9,2096,517.93,3,206.96,8,2244,314.17,3,22.04,8,2328,392.75,3,135.06,8,2351,312.8,3,172.6,9,2371,537.51,3,230.64,8,2372,353.08,3,97.57,8,2374,281.41,3,182.92,8,
876,1645,473.59,3,162.58,9,1989,343.18,3,86.3,9,2063,298.89,3,214.28,9,2096,529.96,3,218.02,8,2244,302.7,3,14.48,8,2328,410.98,3,159.46,8,2351,307.83,3,182.12,9,2371,535.86,3,231.22,8,2372,327.08,3,88.73,8,2374,274.21,3,192.81,8,
877,1645,491.62,3,179.72,9,1989,341.36,3,87.28,9,2063,306.02,3,194.32,9,2096,541.3,3,228.62,8,2244,294.36,3,42.24,8,2328,432.68,3,185.93,8,2351,302.94,3,193.38,9,2371,534.2,3,232.43,8,2372,299.59,3,85.77,8,2374,267.69,3,202.66,8,
878,1645,505.04,3,193.62,9,1989,339.99,3,88.06,9,2063,312.92,3,178.75,9,2096,551.93,3,238.66,8,2328,454.92,3,212.87,8,2341,145.31,3,284.56,9,2351,297.96,3,206.11,9,2371,532.82,3,234.19,8,2372,272.6,3,91.11,8,2374,261.79,3,212.48,8,
879,1645,513.7,3,203.55,9,1989,337.7,3,89.4,9,2063,317.98,3,167.21,9,2096,559.56,3,245.93,8,2328,477.6,3,240.02,8,2341,153.75,3,262.09,9,2351,293.72,3,221.37,9,2371,532.08,3,235.51,8,2372,246.02,3,102.26,8,2374,255.91,3,223.34,8,
880,1645,518.76,3,209.12,9,1989,336.25,3,90.26,9,2063,321.2,3,158.87,9,2341,164.88,3,239.56,9,2351,290.45,3,238.77,9,2371,531.99,3,237.39,8,2372,219.15,3,118.03,8,2374,250.6,3,234.44,8,
881,1645,525.16,3,214.2,9,1989,334.6,3,91.28,9,2063,322.86,3,154.73,9,2341,178.05,3,217.22,9,2351,289.45,3,258.12,9,2371,534.6,3,242.03,8,2372,192.59,3,137.06,8,2374,245.87,3,245.69,8,
882,1645,528.98,3,214.91,9,1989,332.42,3,92.68,9,2063,326.1,3,148.88,9,2341,192.62,3,195.32,9,2351,290.35,3,279.8,9,2371,539.71,3,248.07,8,2372,166.15,3,158.3,8,
883,1645,532.93,3,214.6,9,1989,330.23,3,94.11,9,2063,330.92,3,142.37,9,2341,208.37,3,173.56,9,2372,139.31,3,181.29,8,
884,1645,537.88,3,214.69,9,1989,328.1,3,95.55,9,2063,338.03,3,136.1,9,2341,225.65,3,151.26,9,2372,113.4,3,204.57,8,
885,1645,543.91,3,215.47,9,1989,326.59,3,96.59,9,2063,348.23,3,132.78,9,2341,243.63,3,129.17,9,2372,87.41,3,228.82,8,
886,1645,550.95,3,217.19,9,1989,325.05,3,97.68,9,2063,360.92,3,129.87,9,2341,261.88,3,107.5,9,
887,1645,558.98,3,220.1,9,1989,323.46,3,98.82,9,2063,375.18,3,126.74,9,2341,281.3,3,85.04,9,
888,1645,568.17,3,224.47,9,1989,321.86,3,100.0,9,2063,391.75,3,125.09,9,2341,301.2,3,62.53,9,
889,1989,319.92,3,101.44,9,2063,411.33,3,127.83,9,2341,318.49,3,43.29,9,
890,1989,318.31,3,102.66,9,2063,433.03,3,135.31,9,2341,332.45,3,27.93,9,
891,1989,317.12,3,103.58,9,2063,457.35,3,150.51,9,2341,342.41,3,17.08,9,
892,1989,315.25,3,105.04,9,2063,483.08,3,171.56,9,2111,294.4,3,288.35,9,2341,349.08,3,9.88,9,2372,109.07,3,279.93,9,
893,1989,313.03,3,106.79,9,2063,507.3,3,196.21,9,2111,292.84,3,271.4,9,2341,355.9,3,2.8,9,2372,136.26,3,261.22,9,2416,308.68,3,148.88,9,
894,1989,311.58,3,107.96,9,2063,530.13,3,223.02,9,2111,292.66,3,258.19,9,2341,362.47,3,5.56,9,2372,162.59,3,246.13,9,2416,306.95,3,150.1,9,
895,1989,309.71,3,109.5,9,2063,550.32,3,247.7,9,2111,292.94,3,249.22,9,2341,366.17,3,13.41,9,2372,189.52,3,233.01,9,2416,303.46,3,152.63,9,
896,1989,307.84,3,111.05,9,2063,567.63,3,268.53,9,2111,293.19,3,244.68,9,2341,370.53,3,22.98,9,2372,216.54,3,219.61,9,2416,298.81,3,156.1,9,
897,1989,305.85,3,112.72,9,2063,581.88,3,285.49,9,2111,291.03,3,242.9,9,2341,376.14,3,34.77,9,2372,241.75,3,204.55,9,2416,292.62,3,160.93,9,
898,1989,303.71,3,114.54,9,2063,592.6,3,297.97,9,2111,289.96,3,244.96,9,2267,468.93,3,233.16,8,2341,383.02,3,48.47,9,2372,264.87,3,189.77,9,2416,285.14,3,166.71,9,
899,1989,302.28,3,115.79,9,2111,289.71,3,249.53,9,2267,447.62,3,207.42,8,2341,391.2,3,63.92,9,2372,283.32,3,177.04,9,2416,275.91,3,173.95,9,2425,584.02,3,238.13,9,
900,1989,300.44,3,117.39,9,2111,289.48,3,256.36,9,2267,425.82,3,182.51,8,2341,400.7,3,81.18,9,2372,298.15,3,165.18,9,2416,264.46,3,182.95,9,2425,586.53,3,240.71,9,
901,1989,298.47,3,119.13,9,2111,289.45,3,265.19,9,2267,403.83,3,157.04,8,2341,411.77,3,100.61,9,2372,309.19,3,156.76,9,2416,250.34,3,193.11,9,2425,590.83,3,245.11,9,
902,1989,297.15,3,120.32,9,2111,290.04,3,276.34,9,2267,383.68,3,131.38,8,2341,424.24,3,121.38,9,2372,315.91,3,150.64,9,2416,233.2,3,203.92,9,2425,597.04,3,251.47,9,
903,1989,295.06,3,122.2,9,2111,291.43,3,289.59,9,2267,366.25,3,106.67,8,2341,438.21,3,143.48,9,2372,320.19,3,147.89,9,2416,213.22,3,215.82,9,2425,605.6,3,260.24,9,
904,1989,292.92,3,124.16,9,2026,468.69,3,232.87,8,2267,351.1,3,81.22,8,2341,454.14,3,167.56,9,2372,320.69,3,151.21,9,2416,190.63,3,227.3,9,2425,616.43,3,271.31,9,
905,1989,290.99,3,125.94,9,2026,450.75,3,210.97,8,2267,338.56,3,58.36,8,2341,471.94,3,193.28,9,2372,318.84,3,156.19,9,2416,165.43,3,239.98,9,2425,627.97,3,283.1,9,
906,1989,289.63,3,127.21,9,2026,431.35,3,188.87,8,2267,329.07,3,39.61,8,2341,492.23,3,221.45,9,2372,316.1,3,163.24,9,2416,137.88,3,255.32,9,2425,635.47,3,290.76,9,
907,1989,288.0,3,128.74,9,2026,413.07,3,167.79,8,2267,322.41,3,25.42,8,2341,510.9,3,246.49,9,2372,312.34,3,172.44,9,2416,111.29,3,273.2,9,2425,639.01,3,294.13,9,
908,1989,285.83,3,130.8,9,2026,395.16,3,146.36,8,2267,318.13,3,15.79,8,2341,526.6,3,267.02,9,2372,307.43,3,182.99,9,2416,84.11,3,294.05,9,2425,637.32,3,291.92,9,
909,1989,284.04,3,132.51,9,2026,378.44,3,124.47,8,2267,317.75,3,9.38,8,2341,539.11,3,283.1,9,2372,302.23,3,195.09,9,2425,632.25,3,286.73,9,
910,1989,282.42,3,134.08,9,2026,363.98,3,102.97,8,2063,547.21,3,292.81,9,2267,323.17,3,8.32,8,2341,548.87,3,295.46,9,2372,296.98,3,209.1,9,2425,625.31,3,279.64,9,
911,1989,281.15,3,135.32,9,2026,351.19,3,81.36,8,2063,533.8,3,283.06,9,2267,331.44,3,15.92,8,2372,292.69,3,225.71,9,2425,616.43,3,270.55,9,
912,1989,279.8,3,136.64,9,2026,339.14,3,59.48,8,2063,521.13,3,274.14,9,2267,339.45,3,24.2,8,2372,290.0,3,244.3,9,2425,605.05,3,258.89,9,
913,1989,277.72,3,138.68,9,2026,329.73,3,40.97,8,2063,508.94,3,265.84,9,2267,349.1,3,34.32,8,2372,289.44,3,265.38,9,2425,591.16,3,244.65,9,
914,1989,276.3,3,140.1,9,2026,322.64,3,25.92,8,2063,496.51,3,257.71,9,2267,361.15,3,47.0,8,2372,291.29,3,288.49,9,2416,82.05,3,235.27,8,2425,575.52,3,228.56,9,
915,1989,274.35,3,142.05,9,2026,318.0,3,15.48,8,2063,484.39,3,250.12,9,2267,375.39,3,61.97,8,2416,108.24,3,211.48,8,2425,557.74,3,210.19,9,
916,1989,272.95,3,143.46,9,2026,317.62,3,9.61,8,2063,472.89,3,237.97,9,2267,391.55,3,78.91,8,2416,135.38,3,187.67,8,2425,538.1,3,189.8,9,
917,1989,270.97,3,145.47,9,2026,322.4,3,7.9,8,2063,464.66,3,225.54,9,2206,456.59,3,220.57,8,2267,410.46,3,98.41,8,2416,162.62,3,164.92,8,2425,516.52,3,167.32,9,
918,1989,269.36,3,147.12,9,2026,329.56,3,14.02,8,2206,430.39,3,190.24,8,2267,430.8,3,118.9,8,2416,189.06,3,144.43,8,2425,493.75,3,143.51,9,
919,1989,267.81,3,148.72,9,2026,336.41,3,21.04,8,2206,404.84,3,160.96,8,2267,450.34,3,138.59,8,2416,215.9,3,126.13,8,2425,469.4,3,117.94,9,
920,1989,266.29,3,150.3,9,2026,345.31,3,30.34,8,2206,380.38,3,130.35,8,2267,470.41,3,158.8,8,2416,243.03,3,111.39,8,2425,443.73,3,90.82,9,
921,1989,264.21,3,152.46,9,2026,355.79,3,41.36,8,2206,359.67,3,100.22,8,2267,490.73,3,179.25,8,2416,269.53,3,101.54,8,2425,420.87,3,66.51,9,2456,342.61,3,241.91,8,
922,1989,262.48,3,154.28,9,2026,368.05,3,54.26,8,2206,341.94,3,69.88,8,2267,510.47,3,199.12,8,2416,296.02,3,97.53,8,2425,401.62,3,45.9,9,2456,343.7,3,243.99,8,
923,1989,260.9,3,155.96,9,2026,382.02,3,68.92,8,2206,326.2,3,39.9,8,2267,530.9,3,219.67,8,2416,323.05,3,99.66,8,2425,386.68,3,29.8,9,2456,346.06,3,247.34,8,
924,1989,259.05,3,157.93,9,2026,398.5,3,86.18,8,2206,312.67,3,11.17,8,2267,551.29,3,240.17,8,2366,293.7,3,281.98,9,2416,349.47,3,105.98,8,2425,375.85,3,18.09,9,
925,1989,257.06,3,160.07,9,2026,415.07,3,103.06,8,2206,302.34,3,22.71,8,2366,292.66,3,258.18,9,2416,376.52,3,118.34,8,2425,369.2,3,10.9,9,
926,1989,255.61,3,161.64,9,2026,432.77,3,120.89,8,2206,293.82,3,52.19,8,2366,294.12,3,235.39,9,2416,403.89,3,134.98,8,2425,360.79,3,2.25,9,
927,1989,253.88,3,163.52,9,2026,449.5,3,137.74,8,2206,289.32,3,82.74,8,2366,299.27,3,212.87,9,2416,431.15,3,154.45,8,2425,355.17,3,6.68,9,
928,1989,252.02,3,165.55,9,2026,466.37,3,154.73,8,2206,288.11,3,113.42,8,2366,306.29,3,193.68,9,2416,458.57,3,176.18,8,2425,352.05,3,15.02,9,2467,292.18,3,169.8,8,
929,1989,250.58,3,167.14,9,2026,483.45,3,171.93,8,2206,290.22,3,144.37,8,2366,313.02,3,178.53,9,2416,481.6,3,195.86,8,2425,348.4,3,25.82,9,2467,291.01,3,171.14,8,
930,1989,248.92,3,168.99,9,2026,501.22,3,189.81,8,2206,295.37,3,174.44,8,2366,317.91,3,167.41,9,2416,500.19,3,212.27,8,2425,344.57,3,38.28,9,2467,288.91,3,173.6,8,
931,1989,247.69,3,170.36,9,2026,518.27,3,206.97,8,2206,303.54,3,204.78,8,2366,320.89,3,159.65,9,2416,514.31,3,224.96,8,2425,340.5,3,53.33,9,2467,285.81,3,177.33,8,
932,1989,246.05,3,172.19,9,2026,536.15,3,224.96,8,2206,314.25,3,234.69,8,2366,322.31,3,156.09,9,2416,524.13,3,233.88,8,2425,336.77,3,70.77,9,2467,281.89,3,182.3,8,
933,1989,244.42,3,174.04,9,2026,553.08,3,241.96,8,2366,324.51,3,150.27,9,2416,529.56,3,237.91,8,2425,333.74,3,89.65,9,2467,276.75,3,189.22,8,
934,1989,242.73,3,175.95,9,2366,327.07,3,142.99,9,2416,534.02,3,239.66,8,2425,332.06,3,104.79,9,2467,270.51,3,198.27,8,
935,1989,241.08,3,177.84,9,2366,330.2,3,133.82,9,2416,535.36,3,238.45,8,2425,331.03,3,116.59,9,2467,264.84,3,207.29,8,2477,475.08,3,163.96,9,
936,1989,239.91,3,179.18,9,2366,333.01,3,122.18,9,2416,536.42,3,236.71,8,2425,329.39,3,123.91,9,2467,259.14,3,217.24,8,2477,476.37,3,165.19,9,2478,359.43,3,104.2,8,
937,1989,238.79,3,180.47,9,2366,335.01,3,107.79,9,2416,537.96,3,235.09,8,2425,327.25,3,132.63,9,2467,254.01,3,227.17,8,2477,479.66,3,168.31,9,2478,358.16,3,102.16,8,
938,1989,237.66,3,181.79,9,2366,336.68,3,91.47,9,2416,539.89,3,234.04,8,2425,323.74,3,142.99,9,2467,249.48,3,236.96,8,2477,484.21,3,172.63,9,2478,355.78,3,98.29,8,
939,1989,235.76,3,184.01,9,2366,339.46,3,73.25,9,2416,541.88,3,233.69,8,2425,319.23,3,155.22,9,2467,245.21,3,247.42,8,2477,490.5,3,178.65,9,2478,352.34,3,92.65,8,
940,1989,233.97,3,186.1,9,2366,343.75,3,52.73,9,2416,543.3,3,233.76,8,2425,313.62,3,169.5,9,2477,498.73,3,186.56,9,2478,347.5,3,84.53,8,
941,1989,232.01,3,188.42,9,2366,348.37,3,35.79,9,2416,545.25,3,234.58,8,2425,306.52,3,185.03,9,2477,508.4,3,197.49,9,2478,341.94,3,74.96,8,
942,1989,230.01,3,190.82,9,2366,352.38,3,22.94,9,2416,551.23,3,240.11,8,2425,299.37,3,202.31,9,2477,514.07,3,203.98,9,2478,335.6,3,63.66,8,
943,1989,228.91,3,192.14,9,2366,355.72,3,13.19,9,2416,557.72,3,246.61,8,2425,293.52,3,222.19,9,2477,517.61,3,207.64,9,2478,328.22,3,49.93,8,
944,1989,227.67,3,193.62,9,2366,357.63,3,7.99,9,2425,289.98,3,244.39,9,2477,518.14,3,206.8,9,2478,320.44,3,34.7,8,
945,1989,226.3,3,195.29,9,2366,357.4,3,6.15,9,2425,289.51,3,268.73,9,2477,514.97,3,203.06,9,2478,315.27,3,24.22,8,
946,1989,224.45,3,197.57,9,2366,355.23,3,6.95,9,2425,292.11,3,294.64,9,2477,510.31,3,197.7,9,2478,312.05,3,17.86,8,
947,1989,223.43,3,198.82,9,2366,354.07,3,9.39,9,2477,503.53,3,189.87,9,2478,308.63,3,14.75,8,2486,513.57,3,201.46,9,
948,1989,221.99,3,200.6,9,2366,352.27,3,14.37,9,2477,494.85,3,180.99,9,2478,303.46,3,17.53,8,2486,512.25,3,199.93,9,
949,1989,220.93,3,201.91,9,2366,349.79,3,21.58,9,2477,484.06,3,170.58,9,2478,296.24,3,24.63,8,2486,509.28,3,196.51,9,
950,1989,219.63,3,203.55,9,2366,346.86,3,30.69,9,2477,471.83,3,159.28,9,2478,287.42,3,33.71,8,2486,504.1,3,190.53,9,
951,1989,217.99,3,205.62,9,2366,343.41,3,42.34,9,2477,457.75,3,148.69,9,2478,278.53,3,43.06,8,2486,497.06,3,183.13,9,
952,1989,216.43,3,207.61,9,2366,339.84,3,56.09,9,2456,532.6,3,247.17,8,2477,441.8,3,137.47,9,2478,269.97,3,52.18,8,2486,487.14,3,173.54,9,
953,1989,214.81,3,209.68,9,2366,336.66,3,71.34,9,2456,533.02,3,245.19,8,2477,424.83,3,129.45,9,2478,262.01,3,60.75,8,2486,474.9,3,161.8,9,
954,1989,213.01,3,212.0,9,2366,333.83,3,89.0,9,2456,534.58,3,244.34,8,2477,406.8,3,123.84,9,2478,253.78,3,69.7,8,2486,460.84,3,150.96,9,
955,1989,211.41,3,214.09,9,2366,331.73,3,108.95,9,2456,540.1,3,248.57,8,2477,387.65,3,121.96,9,2478,245.11,3,79.2,8,2486,444.38,3,139.22,9,
956,1989,209.79,3,216.22,9,2477,369.9,3,124.38,9,2478,237.51,3,87.59,8,2486,426.37,3,130.04,9,
957,1989,208.72,3,217.64,9,2105,544.18,3,249.95,8,2477,355.77,3,127.5,9,2478,229.26,3,96.79,8,2486,406.35,3,123.76,9,
958,1989,207.49,3,219.28,9,2105,535.94,3,242.92,8,2282,471.14,3,235.83,8,2477,344.22,3,130.55,9,2478,221.21,3,105.86,8,2486,386.11,3,122.04,9,
959,1989,206.53,3,220.56,9,2105,533.11,3,241.38,8,2282,448.64,3,208.58,8,2477,336.89,3,133.06,9,2478,213.49,3,114.65,8,2486,369.89,3,124.38,9,
960,1989,204.75,3,222.98,9,2105,530.75,3,240.97,8,2282,425.63,3,182.29,8,2477,329.79,3,139.19,9,2478,206.16,3,123.08,8,2486,357.14,3,127.22,9,
961,1989,203.36,3,224.88,9,2105,529.66,3,242.85,8,2282,403.05,3,156.13,8,2477,322.75,3,148.38,9,2478,198.76,3,131.73,8,2486,345.11,3,130.28,9,
962,1989,201.97,3,226.78,9,2105,529.04,3,246.34,8,2282,382.01,3,129.19,8,2477,317.23,3,160.32,9,2478,191.41,3,140.43,8,2486,337.32,3,132.91,9,
963,1989,201.0,3,228.14,9,2282,363.44,3,102.09,8,2477,311.61,3,174.02,9,2478,183.9,3,149.47,8,2486,334.12,3,135.01,9,
964,1989,199.41,3,230.37,9,2282,347.39,3,74.65,8,2477,304.87,3,188.78,9,2478,177.07,3,158.02,8,2486,329.53,3,139.48,9,
965,1989,197.77,3,232.69,9,2282,332.91,3,47.38,8,2477,298.37,3,205.0,9,2478,170.36,3,166.82,8,2486,324.41,3,146.02,9,
966,1989,196.67,3,234.26,9,2282,320.0,3,20.04,8,2477,293.12,3,223.86,9,2478,163.84,3,175.63,8,2486,319.23,3,155.2,9,
967,1989,194.95,3,236.74,9,2282,309.73,3,8.34,8,2477,289.95,3,245.03,9,2478,157.78,3,184.1,8,2486,314.49,3,167.41,9,
968,1989,193.32,3,239.14,9,2282,302.08,3,34.76,8,2477,289.52,3,268.8,9,2478,151.53,3,193.19,8,2486,308.25,3,181.2,9,
969,1989,191.63,3,241.65,9,2282,295.15,3,61.59,8,2477,292.07,3,294.35,9,2478,145.79,3,201.95,8,2486,301.39,3,197.14,9,
970,1989,190.31,3,243.64,9,2282,292.04,3,88.14,8,2478,140.32,3,210.79,8,2486,295.24,3,215.39,9,
971,1989,189.17,3,245.36,9,2282,291.34,3,114.53,8,2478,135.23,3,219.58,8,2486,290.72,3,236.33,9,
972,1989,187.69,3,247.65,9,2282,293.09,3,141.55,8,2330,295.14,3,293.97,9,2478,130.68,3,228.08,8,2486,289.43,3,259.72,9,
973,1989,186.16,3,250.02,9,2282,297.23,3,168.22,8,2330,292.83,3,271.31,9,2478,126.04,3,237.68,8,2486,290.95,3,285.57,9,
974,1989,184.65,3,252.4,9,2282,303.67,3,194.93,8,2330,292.99,3,248.15,9,2478,122.11,3,246.95,8,
975,1989,183.34,3,254.51,9,2282,312.34,3,221.81,8,2330,296.15,3,225.15,9,2481,532.43,3,248.09,8,
976,1989,181.88,3,256.9,9,2282,323.33,3,249.39,8,2330,302.73,3,202.59,9,2349,294.13,3,285.94,9,2481,532.92,3,245.63,8,
977,1989,180.39,3,259.38,9,2330,310.1,3,184.86,9,2349,292.71,3,255.53,9,2481,533.76,3,244.09,8,
978,1989,179.01,3,261.7,9,2330,316.29,3,171.39,9,2349,295.36,3,228.61,9,2481,538.29,3,246.98,8,2538,458.47,3,202.42,9,
979,1989,178.05,3,263.35,9,2076,476.9,3,245.03,8,2330,320.09,3,161.73,9,2349,301.19,3,206.69,9,2538,458.49,3,200.88,9,2539,332.65,3,123.83,9,
980,1989,176.79,3,265.52,9,2076,453.92,3,217.31,8,2330,322.24,3,156.25,9,2349,308.0,3,189.64,9,2538,458.56,3,197.86,9,2539,333.04,3,122.03,9,
981,1989,175.43,3,267.94,9,2076,430.58,3,190.45,8,2330,325.04,3,148.8,9,2349,313.78,3,176.91,9,2538,458.71,3,193.79,9,2539,333.92,3,118.15,9,
982,1989,174.29,3,269.99,9,2076,407.44,3,163.95,8,2330,328.49,3,138.83,9,2349,318.33,3,166.33,9,2538,459.0,3,188.77,9,2539,334.7,3,111.96,9,
983,1989,173.4,3,271.6,9,2076,385.73,3,137.31,8,2330,331.81,3,127.93,9,2349,320.95,3,159.53,9,2538,459.55,3,182.27,9,2539,335.34,3,103.85,9,
984,1989,172.35,3,273.55,9,2076,366.14,3,110.63,8,2330,333.95,3,118.01,9,2349,322.56,3,155.45,9,2498,532.67,3,246.75,8,2538,460.48,3,174.89,9,2539,336.44,3,93.35,9,
985,1989,171.2,3,275.74,9,2076,349.43,3,83.06,8,2330,335.15,3,105.95,9,2349,322.28,3,152.75,9,2498,533.06,3,245.05,8,2538,461.85,3,167.02,9,2539,338.25,3,80.45,9,
986,1989,170.16,3,277.74,9,2076,334.51,3,56.15,8,2330,336.63,3,91.8,9,2349,319.81,3,153.76,9,2498,535.41,3,244.74,8,2538,462.93,3,162.24,9,2539,340.99,3,65.28,9,
987,1989,168.94,3,280.15,9,2076,321.24,3,29.66,8,2330,338.86,3,76.71,9,2349,318.03,3,158.24,9,2538,463.63,3,159.61,9,2539,344.78,3,48.71,9,
988,1989,168.17,3,281.7,9,2076,310.01,3,6.86,8,2330,342.08,3,60.02,9,2538,462.98,3,154.97,9,2539,349.33,3,32.58,9,
989,1989,167.07,3,283.96,9,2076,301.25,3,26.52,8,2330,346.17,3,43.51,9,2408,294.69,3,290.64,9,2538,456.18,3,147.63,9,2539,353.14,3,20.65,9,
990,1989,166.01,3,286.18,9,2076,293.5,3,53.46,8,2330,349.99,3,30.45,9,2408,292.64,3,259.4,9,2538,448.44,3,142.03,9,2539,356.07,3,12.2,9,
991,1989,164.93,3,288.5,9,2076,289.52,3,80.61,8,2330,352.81,3,21.67,9,2384,472.13,3,237.03,8,2408,294.91,3,230.78,9,2538,438.25,3,135.18,9,2539,357.52,3,8.27,9,
992,1989,164.16,3,290.21,9,2076,288.08,3,108.5,8,2330,354.3,3,17.25,9,2384,457.87,3,219.71,8,2408,300.99,3,207.24,9,2538,426.01,3,129.91,9,2539,356.6,3,5.84,9,
993,1989,163.12,3,292.56,9,2076,289.35,3,136.38,8,2191,293.59,3,280.78,9,2330,355.59,3,13.56,9,2384,441.4,3,200.35,8,2408,308.42,3,188.65,9,2538,411.88,3,125.15,9,2539,354.42,3,8.44,9,
994,1989,162.27,3,294.52,9,2076,293.24,3,163.93,8,2191,292.79,3,252.94,9,2330,357.23,3,9.05,9,2384,423.39,3,179.71,8,2408,314.95,3,174.39,9,2538,396.56,3,122.33,9,2539,352.42,3,13.99,9,
995,1989,161.66,3,295.98,9,2076,299.64,3,191.59,8,2191,295.37,3,228.6,9,2330,358.39,3,4.97,9,2384,405.41,3,158.89,8,2408,319.22,3,164.02,9,2538,380.16,3,122.6,9,2539,349.82,3,21.53,9,
996,1989,160.61,3,298.53,9,2076,308.52,3,219.58,8,2191,300.34,3,209.11,9,2330,357.03,3,2.01,9,2384,391.27,3,141.32,8,2408,321.66,3,157.72,9,2538,363.04,3,126.14,9,2539,346.82,3,30.79,9,
997,2076,319.46,3,247.22,8,2191,305.98,3,194.41,9,2330,351.31,3,8.83,9,2384,381.11,3,127.99,8,2408,322.64,3,155.26,9,2478,182.29,3,296.4,9,2538,349.39,3,129.05,9,2539,343.58,3,41.73,9,
998,2191,310.49,3,184.0,9,2330,342.63,3,18.23,9,2384,376.49,3,119.38,8,2408,322.77,3,154.95,9,2478,190.08,3,290.41,9,2528,532.57,3,247.33,8,2538,339.98,3,131.95,9,2539,340.07,3,55.11,9,
999,2191,313.52,3,177.47,9,2330,331.78,3,30.13,9,2384,377.53,3,116.68,8,2408,322.88,3,154.67,9,2478,197.73,3,284.81,9,2528,533.01,3,245.26,8,2538,335.06,3,134.34,9,2539,336.91,3,70.03,9,
1000,2191,313.96,3,174.9,9,2330,319.47,3,43.73,9,2384,382.23,3,115.94,8,2408,322.89,3,154.67,9,2478,204.84,3,279.87,9,2528,534.74,3,244.41,8,2538,329.55,3,139.45,9,2539,334.04,3,87.4,9,
1001,2191,313.95,3,174.87,9,2330,306.11,3,58.65,9,2384,389.19,3,117.39,8,2408,323.2,3,153.8,9,2478,212.41,3,274.85,9,2484,532.17,3,249.94,8,2538,323.98,3,146.63,9,2539,332.18,3,103.48,9,
1002,2191,313.95,3,174.87,9,2330,291.21,3,75.5,9,2384,396.73,3,119.96,8,2408,323.98,3,151.71,9,2478,220.78,3,269.58,9,2484,532.67,3,246.75,8,2538,318.57,3,156.87,9,2539,331.27,3,115.55,9,
1003,2191,313.95,3,174.87,9,2330,274.93,3,94.2,9,2384,405.71,3,123.77,8,2408,325.32,3,148.03,9,2478,228.3,3,265.11,9,2484,533.03,3,245.17,8,2538,313.72,3,169.25,9,2539,329.5,3,123.42,9,
1004,2191,313.95,3,174.87,9,2330,259.5,3,112.29,9,2384,416.33,3,129.13,8,2408,327.05,3,143.03,9,2478,236.71,3,260.39,9,2484,534.67,3,244.38,8,2538,307.45,3,182.94,9,2539,328.57,3,127.92,9,
1005,2191,313.95,3,174.87,9,2330,243.7,3,131.27,9,2384,427.51,3,135.32,8,2408,329.36,3,136.3,9,2478,245.31,3,255.88,9,2484,540.44,3,248.87,8,2538,300.77,3,198.74,9,2539,326.66,3,134.5,9,
1006,2191,313.95,3,174.87,9,2330,228.54,3,150.07,9,2384,437.87,3,141.83,8,2408,331.95,3,127.25,9,2478,253.19,3,252.02,9,2538,294.85,3,216.88,9,2539,323.62,3,143.33,9,
1007,2191,313.95,3,174.87,9,2330,214.47,3,168.21,9,2384,449.16,3,149.62,8,2408,334.48,3,115.48,9,2478,261.48,3,248.26,9,2538,290.64,3,237.04,9,2539,319.78,3,153.86,9,
1008,2191,313.95,3,174.87,9,2330,201.2,3,186.33,9,2384,459.92,3,157.62,8,2408,335.56,3,101.52,9,2478,269.3,3,244.98,9,2538,289.44,3,259.07,9,2539,314.79,3,166.63,9,
1009,2191,313.95,3,174.87,9,2330,188.04,3,205.5,9,2384,470.43,3,165.88,8,2408,337.4,3,86.14,9,2478,277.84,3,241.72,9,2538,290.68,3,283.11,9,2539,308.14,3,181.43,9,
1010,2191,312.99,3,174.05,9,2284,541.77,3,247.69,8,2330,175.95,3,224.75,9,2384,481.87,3,175.28,8,2408,340.24,3,69.08,9,2478,283.04,3,239.91,9,2539,301.22,3,197.6,9,
1011,2191,310.86,3,175.64,9,2284,535.45,3,242.63,8,2330,165.61,3,243.22,9,2384,492.9,3,184.69,8,2408,344.55,3,49.61,9,2478,284.08,3,239.55,9,2539,294.99,3,216.36,9,
1012,2191,308.65,3,180.33,9,2211,294.19,3,286.59,9,2284,531.09,3,240.83,8,2330,156.64,3,262.05,9,2384,504.43,3,194.81,8,2408,349.36,3,32.48,9,2478,284.21,3,239.51,9,2539,290.54,3,237.95,9,
1013,2191,305.77,3,186.72,9,2211,292.63,3,261.65,9,2284,529.69,3,242.76,8,2330,149.71,3,280.21,9,2384,515.4,3,204.66,8,2408,353.75,3,18.86,9,2478,284.25,3,239.49,9,2539,289.43,3,261.62,9,
1014,2191,302.39,3,194.68,9,2211,293.87,3,237.12,9,2284,529.03,3,246.38,8,2330,144.71,3,298.56,9,2384,526.61,3,214.93,8,2408,356.95,3,9.81,9,2478,284.3,3,239.48,9,2539,291.11,3,286.99,9,
1015,2191,298.41,3,204.88,9,2211,299.41,3,212.38,9,2284,527.79,3,247.82,8,2384,537.54,3,225.09,8,2408,358.33,3,5.25,9,2478,286.6,3,238.52,9,2573,328.54,3,227.43,8,
1016,2191,294.77,3,217.19,9,2211,306.73,3,192.63,9,2284,521.74,3,243.36,8,2384,548.59,3,235.49,8,2408,357.42,3,1.4,9,2478,290.11,3,236.68,9,2573,320.71,3,202.2,8,
1017,2211,313.57,3,177.37,9,2284,512.3,3,235.14,8,2384,556.96,3,243.45,8,2408,350.45,3,9.75,9,2478,294.24,3,232.12,9,2573,314.72,3,176.96,8,
1018,2211,318.55,3,165.77,9,2284,501.23,3,225.61,8,2384,562.64,3,248.88,8,2408,340.57,3,20.49,9,2478,296.39,3,224.11,9,2573,310.64,3,151.41,8,
1019,2211,321.48,3,158.16,9,2284,487.6,3,214.1,8,2408,328.7,3,33.52,9,2478,298.8,3,214.61,9,2573,308.64,3,125.55,8,
1020,2211,325.08,3,148.68,9,2284,474.21,3,203.06,8,2408,314.86,3,48.87,9,2463,293.84,3,283.34,9,2478,302.61,3,202.88,9,2573,308.84,3,99.24,8,
1021,2211,329.03,3,137.27,9,2284,460.8,3,192.3,8,2408,299.92,3,65.62,9,2463,292.65,3,258.64,9,2478,308.25,3,189.05,9,2573,311.1,3,74.67,8,
1022,2211,332.66,3,123.83,9,2284,447.46,3,181.95,8,2408,283.61,3,84.18,9,2463,294.21,3,234.73,9,2573,313.91,3,54.57,8,
1023,2211,334.97,3,108.23,9,2284,434.23,3,173.0,8,2408,266.12,3,104.48,9,2463,299.68,3,211.42,9,2573,316.99,3,39.14,8,
1024,2211,336.72,3,91.07,9,2284,421.63,3,165.41,8,2408,247.81,3,126.28,9,2463,307.08,3,191.77,9,2573,319.69,3,28.46,8,
1025,2211,339.78,3,71.53,9,2284,408.94,3,158.47,8,2408,228.66,3,149.91,9,2463,313.93,3,176.6,9,2573,321.52,3,22.35,8,
1026,2211,344.48,3,49.86,9,2284,396.57,3,152.49,8,2408,209.24,3,175.23,9,2463,318.7,3,165.37,9,2573,322.79,3,15.28,8,
1027,2211,349.51,3,31.99,9,2284,383.38,3,147.07,8,2408,191.42,3,200.43,9,2463,321.48,3,158.16,9,2573,323.42,3,8.78,8,
1028,2211,353.96,3,18.22,9,2284,370.18,3,142.3,8,2408,175.61,3,225.3,9,2463,326.04,3,148.98,9,2573,326.12,3,12.6,8,
1029,2211,357.24,3,9.01,9,2284,357.37,3,137.75,8,2408,162.05,3,250.28,9,2463,333.41,3,139.56,9,2573,331.52,3,24.68,8,
1030,2211,359.94,3,4.85,9,2284,344.96,3,134.4,8,2408,151.24,3,275.77,9,2463,346.01,3,133.44,9,2573,338.38,3,39.11,8,
1031,2211,365.12,3,7.89,9,2284,332.51,3,132.17,8,2463,361.22,3,129.82,9,2573,346.59,3,55.35,8,
1032,2211,371.87,3,15.14,9,2284,323.66,3,123.21,8,2463,377.5,3,126.34,9,2573,356.12,3,73.02,8,
1033,2211,380.44,3,24.39,9,2284,322.74,3,113.57,8,2463,395.44,3,125.31,9,2573,367.61,3,93.0,8,2582,363.77,3,249.02,8,
1034,2211,391.24,3,36.01,9,2284,322.68,3,107.73,8,2463,415.53,3,129.0,9,2573,378.83,3,114.96,8,2582,344.74,3,247.56,8,
1035,2211,404.48,3,50.21,9,2284,322.05,3,104.45,8,2463,437.71,3,137.37,9,2573,395.73,3,139.19,8,2582,325.58,3,247.36,8,
1036,2211,419.33,3,66.05,9,2284,319.57,3,104.74,8,2330,342.0,3,249.12,8,2463,462.68,3,154.39,9,2573,415.18,3,164.63,8,2582,306.47,3,248.9,8,
1037,2211,435.68,3,83.42,9,2284,319.48,3,107.91,8,2330,340.23,3,247.63,8,2463,489.14,3,177.35,9,2506,544.17,3,249.95,8,2573,437.16,3,191.31,8,
1038,2211,453.64,3,102.39,9,2284,319.55,3,113.38,8,2330,338.22,3,247.36,8,2463,514.27,3,204.2,9,2506,515.51,3,223.31,8,2573,460.86,3,220.03,8,
1039,2211,473.18,3,122.96,9,2284,319.78,3,120.68,8,2330,334.67,3,247.28,8,2463,536.96,3,231.42,9,2506,486.98,3,197.37,8,
1040,2211,495.01,3,145.82,9,2284,323.59,3,129.93,8,2330,328.87,3,247.28,8,2463,556.18,3,254.79,9,2506,459.03,3,172.7,8,
1041,2211,519.24,3,171.09,9,2284,334.3,3,135.49,8,2330,321.52,3,247.53,8,2463,571.94,3,273.69,9,2506,431.03,3,149.22,8,
1042,2211,543.32,3,196.11,9,2284,347.51,3,137.95,8,2330,312.11,3,248.25,8,2463,584.64,3,288.76,9,2506,402.92,3,127.68,8,
1043,2284,360.56,3,141.61,8,2330,300.98,3,249.69,8,2463,593.8,3,299.36,9,2506,374.73,3,109.11,8,
1044,2284,374.04,3,146.56,8,2506,345.81,3,94.5,8,
1045,2284,386.69,3,150.94,8,2442,480.67,3,249.52,8,2506,316.7,3,86.61,8,
1046,2284,399.24,3,156.16,8,2442,465.62,3,231.51,8,2459,481.85,3,248.69,8,2506,288.28,3,87.08,8,
1047,2284,412.4,3,162.58,8,2442,449.67,3,212.12,8,2459,471.69,3,236.5,8,2506,259.11,3,96.01,8,
1048,2284,425.58,3,169.85,8,2442,431.69,3,191.72,8,2459,459.79,3,222.06,8,2506,230.63,3,110.83,8,
1049,2178,294.89,3,292.15,9,2284,437.86,3,177.3,8,2442,412.11,3,169.33,8,2459,445.95,3,205.52,8,2506,202.25,3,129.81,8,
1050,2178,292.65,3,259.83,9,2284,451.43,3,186.8,8,2442,391.9,3,145.26,8,2459,429.54,3,186.79,8,2506,173.35,3,152.35,8,
1051,2178,294.74,3,231.67,9,2284,464.14,3,196.64,8,2459,411.98,3,166.52,8,2506,144.85,3,176.44,8,2582,145.69,3,283.33,9,
1052,2178,300.63,3,208.22,9,2284,477.07,3,206.99,8,2459,393.7,3,144.46,8,2506,116.18,3,202.03,8,2582,153.99,3,261.53,9,2603,590.21,3,293.47,9,
1053,2178,307.95,3,189.75,9,2284,490.52,3,218.06,8,2459,375.73,3,120.87,8,2506,87.9,3,228.35,8,2582,164.83,3,239.65,9,2603,582.36,3,284.24,9,
1054,2178,314.68,3,174.99,9,2284,504.12,3,229.51,8,2459,359.09,3,94.87,8,2582,177.51,3,218.09,9,2603,572.74,3,272.78,9,
1055,2178,319.18,3,164.12,9,2284,517.03,3,240.59,8,2459,343.12,3,66.9,8,2582,191.78,3,196.53,9,2603,561.57,3,259.39,9,
1056,2178,321.82,3,157.32,9,2459,328.39,3,38.2,8,2582,206.75,3,175.73,9,2603,548.79,3,243.9,9,
1057,2178,326.02,3,149.0,9,2459,315.74,3,9.92,8,2582,223.19,3,154.35,9,2603,535.06,3,227.07,9,2642,142.86,3,293.24,9,
1058,2178,332.52,3,140.55,9,2459,305.86,3,20.43,8,2582,240.47,3,132.99,9,2603,519.78,3,208.6,9,2642,146.86,3,279.77,9,
1059,2178,343.58,3,134.19,9,2459,298.1,3,48.88,8,2506,89.53,3,294.84,9,2582,258.04,3,112.0,9,2603,501.99,3,188.08,9,2642,152.58,3,264.8,9,
1060,2178,357.22,3,130.58,9,2459,292.9,3,78.39,8,2506,117.48,3,273.85,9,2582,275.99,3,91.13,9,2603,480.52,3,167.18,9,2642,160.24,3,248.38,9,
1061,2178,372.02,3,127.36,9,2459,291.29,3,108.06,8,2506,145.73,3,255.42,9,2582,294.59,3,69.96,9,2603,456.9,3,148.08,9,2642,169.96,3,230.55,9,
1062,2178,388.7,3,125.18,9,2459,292.62,3,136.94,8,2506,174.68,3,240.64,9,2582,313.33,3,49.01,9,2603,434.2,3,133.33,9,2642,181.8,3,211.37,9,
1063,2178,407.37,3,126.89,9,2459,296.81,3,166.08,8,2506,202.87,3,226.46,9,2582,328.41,3,32.36,9,2603,411.65,3,125.09,9,2642,196.3,3,190.09,9,
1064,2178,428.21,3,133.35,9,2459,303.57,3,194.54,8,2506,231.3,3,211.36,9,2582,339.51,3,20.23,9,2603,389.41,3,121.89,9,2642,212.18,3,168.5,9,
1065,2178,451.23,3,146.17,9,2459,312.84,3,223.16,8,2506,257.97,3,194.2,9,2582,347.28,3,11.82,9,2593,467.79,3,231.78,8,2603,368.07,3,124.8,9,2608,545.41,3,293.52,9,2642,229.57,3,146.37,9,
1066,1840,293.75,3,282.43,9,2178,476.86,3,165.65,9,2506,283.61,3,176.85,9,2582,351.03,3,7.8,9,2593,449.66,3,209.73,8,2603,346.42,3,129.89,9,2608,536.7,3,282.5,9,2642,248.06,3,123.84,9,
1067,1840,292.74,3,254.66,9,2178,502.99,3,191.26,9,2506,307.96,3,157.92,9,2582,355.23,3,4.43,9,2593,430.1,3,187.43,8,2603,325.53,3,138.43,9,2608,526.73,3,269.76,9,2642,266.47,3,102.14,9,
1068,1840,295.66,3,227.28,9,2178,527.62,3,219.93,9,2506,331.22,3,139.64,9,2582,354.18,3,9.1,9,2593,411.34,3,165.78,8,2603,305.65,3,151.03,9,2608,515.79,3,255.6,9,2642,285.45,3,80.31,9,
1069,1840,301.87,3,204.85,9,2178,549.3,3,246.48,9,2502,541.55,3,247.48,8,2506,357.67,3,130.49,9,2582,351.75,3,15.87,9,2593,392.77,3,143.26,8,2603,285.26,3,166.62,9,2608,503.7,3,239.7,9,2635,331.42,3,247.7,8,2642,304.85,3,58.45,9,
1070,1840,309.23,3,186.82,9,2178,567.65,3,268.56,9,2502,535.42,3,242.62,8,2506,383.04,3,125.61,9,2582,348.79,3,24.62,9,2593,375.57,3,120.65,8,2603,265.45,3,182.26,9,2608,490.78,3,222.39,9,2618,532.54,3,247.43,8,2635,321.99,3,223.03,8,2642,321.57,3,39.88,9,
1071,1840,315.54,3,173.12,9,2178,582.44,3,286.15,9,2502,530.8,3,240.95,8,2506,409.78,3,127.43,9,2582,345.49,3,35.18,9,2593,361.32,3,98.59,8,2603,244.61,3,196.7,9,2608,476.83,3,203.24,9,2618,533.0,3,245.27,8,2635,313.61,3,196.21,8,2642,334.38,3,25.83,9,
1072,1840,319.62,3,162.99,9,2178,593.73,3,299.29,9,2502,529.65,3,242.95,8,2506,436.96,3,137.03,9,2582,341.89,3,47.93,9,2593,348.03,3,75.78,8,2603,222.81,3,210.31,9,2608,461.76,3,181.97,9,2618,533.88,3,244.03,8,2635,307.11,3,168.13,8,2642,343.81,3,15.57,9,
1073,1840,321.96,3,156.95,9,2502,529.08,3,246.05,8,2506,465.8,3,156.7,9,2582,338.51,3,62.14,9,2593,336.78,3,54.97,8,2603,199.57,3,222.98,9,2608,446.18,3,159.19,9,2618,538.62,3,247.27,8,2628,242.05,3,246.23,8,2635,303.12,3,140.45,8,2642,349.35,3,9.6,9,
1074,1840,324.83,3,149.44,9,2502,529.01,3,248.04,8,2506,493.75,3,181.77,9,2582,335.39,3,78.62,9,2593,327.84,3,37.06,8,2603,176.64,3,234.18,9,2608,429.74,3,134.06,9,2628,247.16,3,233.85,8,2635,301.64,3,112.85,8,2642,354.45,3,4.35,9,2675,532.31,3,248.81,8,
1075,1840,328.32,3,139.37,9,2582,332.9,3,96.43,9,2593,321.63,3,23.7,8,2603,153.48,3,246.22,9,2608,413.78,3,108.28,9,2628,252.9,3,221.86,8,2635,302.71,3,84.96,8,2642,354.77,3,7.49,9,2675,532.44,3,248.03,8,
1076,1840,331.92,3,127.39,9,2582,331.65,3,109.97,9,2593,317.75,3,14.91,8,2603,130.1,3,260.31,9,2608,398.28,3,81.51,9,2628,259.44,3,209.83,8,2635,306.36,3,56.97,8,2642,351.87,3,15.53,9,2675,532.69,3,246.67,8,
1077,1840,334.66,3,112.68,9,2524,295.0,3,292.94,9,2582,330.22,3,120.14,9,2593,318.1,3,8.86,8,2603,107.21,3,276.1,9,2608,383.8,3,55.16,9,2628,266.37,3,198.47,8,2635,314.64,3,30.56,8,2642,348.45,3,25.68,9,2675,533.05,3,245.09,8,2677,387.95,3,62.86,9,
1078,1840,336.16,3,95.8,9,2524,292.65,3,266.42,9,2582,329.0,3,125.81,9,2593,319.1,3,7.55,8,2603,84.03,3,294.12,9,2608,371.95,3,31.85,9,2628,274.43,3,186.68,8,2635,324.18,3,9.82,8,2642,344.78,3,37.54,9,2675,534.35,3,244.23,8,2677,386.7,3,60.57,9,
1079,1840,338.78,3,77.16,9,2582,327.15,3,132.97,9,2593,319.12,3,7.53,8,2608,361.61,3,9.52,9,2628,282.99,3,175.43,8,2635,335.51,3,28.06,8,2642,341.11,3,50.91,9,2675,538.92,3,247.54,8,2677,384.39,3,56.25,9,
1080,1840,342.9,3,56.35,9,2582,324.33,3,141.34,9,2593,320.88,3,7.37,8,2608,353.27,3,11.59,9,2628,291.46,3,165.46,8,2635,348.46,3,54.15,8,2642,337.72,3,65.93,9,2677,381.11,3,50.04,9,
1081,1840,348.16,3,36.5,9,2582,320.7,3,151.39,9,2593,323.82,3,8.75,8,2608,346.23,3,32.71,9,2628,300.61,3,155.16,8,2635,362.97,3,80.82,8,2642,334.71,3,82.88,9,2677,376.68,3,41.4,9,
1082,1840,352.96,3,21.19,9,1914,293.58,3,280.68,9,2582,316.06,3,163.37,9,2593,328.42,3,12.89,8,2608,340.38,3,53.79,9,2628,309.83,3,145.73,8,2635,379.15,3,108.14,8,2642,332.44,3,100.81,9,2677,371.23,3,30.38,9,
1083,1834,294.99,3,292.81,9,1840,356.74,3,10.36,9,1914,292.71,3,255.83,9,2178,543.19,3,289.86,9,2576,329.12,3,242.05,8,2582,310.52,3,176.33,9,2593,334.84,3,19.41,8,2608,336.01,3,74.98,9,2628,319.76,3,136.92,8,2635,397.98,3,135.99,8,2642,331.36,3,114.26,9,2677,365.26,3,17.65,9,
1084,1834,292.68,3,267.74,9,1840,359.89,3,4.88,9,1914,294.89,3,230.9,9,2178,528.04,3,278.97,9,2576,319.43,3,215.52,8,2582,303.85,3,191.19,9,2593,342.66,3,27.56,8,2608,333.34,3,92.75,9,2628,329.42,3,129.71,8,2635,419.0,3,164.0,8,2642,329.57,3,123.1,9,2677,358.63,3,2.6,9,
1085,1834,293.35,3,242.49,9,1840,365.07,3,7.84,9,1914,300.72,3,207.99,9,2178,512.75,3,268.41,9,2576,311.75,3,189.2,8,2582,297.32,3,207.96,9,2593,352.23,3,37.61,8,2603,80.96,3,236.28,8,2608,331.94,3,106.27,9,2628,339.45,3,123.64,8,2635,441.44,3,191.57,8,2642,328.65,3,127.49,9,2677,352.17,3,14.68,9,
1086,1834,297.49,3,219.6,9,1840,372.33,3,15.64,9,1914,308.1,3,189.4,9,2178,497.01,3,258.03,9,2576,306.21,3,163.12,8,2582,292.35,3,227.18,9,2593,364.08,3,50.09,8,2603,103.84,3,215.42,8,2608,331.3,3,115.29,9,2628,349.0,3,119.25,8,2635,464.1,3,219.3,8,2642,326.72,3,134.34,9,2677,346.01,3,33.44,9,
1087,1834,303.55,3,200.45,9,1840,380.92,3,24.9,9,1914,314.59,3,175.18,9,2178,481.98,3,248.1,9,2576,302.78,3,136.68,8,2582,289.74,3,248.85,9,2593,377.75,3,64.45,8,2603,126.89,3,195.02,8,2608,329.42,3,123.79,9,2628,356.24,3,116.85,8,2635,487.28,3,247.16,8,2642,323.9,3,142.53,9,2677,340.4,3,53.71,9,2693,405.02,3,88.87,9,
1088,1834,309.92,3,185.27,9,1840,391.39,3,36.17,9,1914,318.9,3,164.86,9,2178,469.01,3,232.8,9,2576,301.64,3,110.51,8,2582,289.8,3,273.28,9,2593,393.21,3,80.65,8,2603,150.16,3,175.16,8,2608,328.59,3,127.86,9,2628,360.18,3,115.87,8,2642,320.06,3,153.13,9,2677,336.04,3,74.78,9,2693,406.27,3,91.07,9,
1089,1834,315.01,3,174.28,9,1840,404.19,3,49.89,9,1914,321.31,3,158.6,9,2178,461.3,3,217.8,9,2576,302.83,3,83.68,8,2582,292.72,3,299.31,9,2593,410.13,3,98.08,8,2603,173.01,3,156.64,8,2608,327.08,3,133.23,9,2628,364.11,3,113.79,8,2642,315.1,3,165.85,9,2677,333.33,3,92.83,9,2693,408.36,3,94.73,9,
1090,1834,317.98,3,167.22,9,1840,418.42,3,65.08,9,1914,324.27,3,150.9,9,2576,306.25,3,57.61,8,2593,427.58,3,115.65,8,2603,196.64,3,138.98,8,2608,324.59,3,140.63,9,2628,364.4,3,107.89,8,2642,308.72,3,180.19,9,2677,331.79,3,108.02,9,2693,411.7,3,100.48,9,
1091,1834,320.75,3,160.04,9,1840,434.21,3,81.85,9,1914,327.59,3,141.54,9,2576,313.98,3,32.66,8,2593,444.69,3,132.9,8,2603,220.42,3,123.36,8,2608,321.26,3,149.89,9,2628,359.51,3,99.96,8,2642,301.63,3,196.59,9,2677,330.54,3,118.68,9,2693,415.86,3,107.54,9,
1092,1834,322.3,3,156.1,9,1840,451.68,3,100.34,9,1914,331.05,3,130.82,9,2576,322.84,3,10.79,8,2593,461.92,3,150.25,8,2603,243.49,3,111.18,8,2608,317.06,3,160.75,9,2628,353.54,3,90.07,8,2642,295.18,3,215.64,9,2657,594.78,3,298.76,9,2677,329.18,3,124.96,9,2693,421.32,3,116.61,9,
1093,1834,325.12,3,150.44,9,1840,471.0,3,120.67,9,1914,334.07,3,117.47,9,2576,333.54,3,23.96,8,2593,480.03,3,168.48,8,2603,266.68,3,102.37,8,2608,311.79,3,173.64,9,2628,346.52,3,78.01,8,2642,290.68,3,236.61,9,2657,586.16,3,288.75,9,2677,327.21,3,132.76,9,2693,428.16,3,127.69,9,
1094,1834,329.78,3,143.67,9,1840,491.64,3,142.3,9,1914,335.54,3,101.71,9,2576,345.95,3,49.25,8,2593,497.69,3,186.26,8,2603,289.49,3,97.87,8,2608,305.42,3,187.52,9,2628,338.44,3,63.51,8,2642,289.44,3,260.39,9,2657,576.33,3,277.07,9,2677,323.79,3,142.84,9,2693,436.15,3,140.29,9,
1095,1834,337.0,3,136.79,9,1840,513.55,3,165.17,9,1914,337.73,3,83.84,9,2576,360.06,3,75.65,8,2593,514.53,3,203.21,8,2603,313.14,3,98.39,8,2608,298.9,3,203.57,9,2628,329.95,3,47.37,8,2642,291.06,3,286.54,9,2657,564.75,3,263.21,9,2660,586.89,3,289.6,9,2677,319.44,3,154.68,9,2693,445.92,3,155.27,9,
1096,1834,347.81,3,132.91,9,1840,532.08,3,184.44,9,1914,341.26,3,63.94,9,2576,375.33,3,101.86,8,2593,526.92,3,215.67,8,2603,335.72,3,101.93,8,2608,293.65,3,221.65,9,2628,324.16,3,29.22,8,2657,551.75,3,247.49,9,2660,575.56,3,276.15,9,2677,314.08,3,168.41,9,2693,457.57,3,172.58,9,
1097,1834,361.17,3,129.83,9,1840,546.3,3,199.2,9,1914,346.08,3,43.82,9,2576,392.16,3,127.78,8,2593,535.32,3,224.12,8,2603,359.05,3,109.75,8,2608,290.19,3,241.52,9,2628,315.68,3,9.78,8,2657,536.9,3,229.33,9,2660,562.43,3,260.41,9,2677,307.3,3,183.3,9,2693,470.76,3,191.61,9,
1098,1834,375.36,3,126.71,9,1840,557.48,3,210.78,9,1914,350.91,3,27.52,9,2576,410.75,3,153.67,8,2593,539.3,3,228.21,8,2603,382.27,3,121.59,8,2608,289.43,3,264.24,9,2628,308.05,3,13.3,8,2657,520.75,3,209.71,9,2660,547.63,3,242.48,9,2677,300.24,3,200.1,9,2693,485.88,3,212.75,9,
1099,1834,391.22,3,125.08,9,1840,564.31,3,217.85,9,1914,354.82,3,15.75,9,2576,432.33,3,180.46,8,2593,541.05,3,230.62,8,2603,405.86,3,136.3,8,2608,291.39,3,289.25,9,2628,301.47,3,37.41,8,2657,502.43,3,188.6,9,2660,531.09,3,222.17,9,2677,294.3,3,219.03,9,2693,502.74,3,235.64,9,
1100,1834,410.02,3,127.49,9,1840,568.06,3,222.37,9,1914,357.61,3,8.01,9,2576,453.93,3,206.88,8,2593,540.34,3,230.59,8,2603,429.36,3,153.1,8,2628,294.86,3,63.42,8,2657,479.7,3,166.4,9,2660,512.86,3,200.63,9,2677,290.24,3,240.92,9,2693,519.54,3,257.84,9,
1101,1834,431.44,3,134.66,9,1840,565.61,3,221.47,9,1914,360.96,3,4.7,9,2576,475.19,3,232.71,8,2593,539.16,3,230.49,8,2603,452.0,3,170.83,8,2628,291.82,3,91.38,8,2657,453.68,3,145.74,9,2660,491.6,3,177.84,9,2677,289.44,3,264.9,9,2693,533.21,3,275.54,9,2713,344.63,3,239.81,8,
1102,1834,455.16,3,148.94,9,1840,561.07,3,219.15,9,1914,366.46,3,9.32,9,2593,537.69,3,230.6,8,2603,475.71,3,190.75,8,2628,291.53,3,121.09,8,2657,427.42,3,130.45,9,2660,466.46,3,155.18,9,2677,291.58,3,290.67,9,2693,543.55,3,288.73,9,2713,343.88,3,237.85,8,
1103,1834,480.93,3,169.51,9,1840,555.56,3,216.68,9,1914,373.53,3,16.94,9,2593,536.07,3,231.13,8,2603,498.61,3,210.86,8,2628,294.24,3,150.66,8,2657,402.45,3,123.08,9,2660,438.9,3,135.52,9,2693,550.44,3,297.43,9,2713,342.39,3,233.72,8,
1104,1834,507.06,3,195.94,9,1840,549.05,3,214.3,9,1914,381.93,3,25.99,9,2593,534.5,3,232.17,8,2603,521.93,3,231.87,8,2628,299.73,3,179.72,8,2657,381.29,3,122.46,9,2660,413.88,3,125.73,9,2713,340.18,3,227.2,8,2718,458.47,3,202.42,9,
1105,1834,530.83,3,223.88,9,1840,542.0,3,212.45,9,1914,392.59,3,37.46,9,2551,458.83,3,220.88,8,2593,533.11,3,233.74,8,2628,308.0,3,209.16,8,2657,364.05,3,125.85,9,2660,391.94,3,121.97,9,2713,337.63,3,219.27,8,2718,458.48,3,201.2,9,
1106,1834,550.01,3,247.33,9,1840,534.42,3,211.45,9,1914,405.72,3,51.53,9,2551,434.31,3,192.25,8,2593,532.22,3,235.23,8,2628,318.82,3,238.68,8,2657,350.34,3,128.8,9,2660,374.07,3,123.52,9,2713,334.58,3,208.93,8,2718,458.53,3,198.74,9,
1107,1834,565.89,3,266.46,9,1840,526.13,3,211.71,9,1914,420.39,3,67.18,9,2551,409.84,3,164.03,8,2593,531.83,3,236.08,8,2657,340.82,3,131.66,9,2660,360.31,3,126.62,9,2693,547.58,3,296.25,9,2713,341.45,3,204.99,8,2718,458.66,3,195.05,9,
1108,1834,578.63,3,281.64,9,1914,437.41,3,85.25,9,2551,386.23,3,134.74,8,2593,531.3,3,237.29,8,2657,335.67,3,133.88,9,2660,350.25,3,128.82,9,2693,541.18,3,288.19,9,2713,354.48,3,205.75,8,2718,458.89,3,190.51,9,
1109,1834,587.73,3,292.35,9,1914,456.9,3,105.84,9,2551,365.58,3,105.59,8,2593,530.63,3,239.16,8,2657,330.18,3,138.75,9,2660,344.41,3,130.49,9,2693,532.84,3,277.59,9,2713,366.44,3,207.28,8,2718,459.31,3,184.82,9,
1110,1834,593.11,3,298.58,9,1914,478.71,3,128.76,9,2551,348.58,3,76.76,8,2593,529.95,3,241.67,8,2657,323.96,3,146.65,9,2660,337.42,3,132.86,9,2693,523.28,3,265.32,9,2713,379.38,3,209.82,8,2718,460.06,3,177.93,9,
1111,1914,502.46,3,153.6,9,2551,333.25,3,48.06,8,2593,529.23,3,245.05,8,2657,318.35,3,157.41,9,2660,329.32,3,136.47,9,2693,512.18,3,250.88,9,2713,392.48,3,213.26,8,2718,461.26,3,170.11,9,
1112,1834,594.08,3,297.95,9,1914,523.65,3,175.68,9,2551,319.37,3,18.63,8,2593,528.78,3,248.63,8,2657,313.29,3,170.28,9,2660,320.12,3,141.47,9,2693,500.01,3,234.78,9,2713,405.44,3,217.48,8,2718,462.45,3,164.24,9,
1113,1834,589.18,3,292.27,9,1914,540.84,3,193.53,9,2551,308.89,3,10.75,8,2657,306.73,3,184.57,9,2660,309.03,3,148.64,9,2693,486.9,3,217.11,9,2713,416.57,3,224.07,8,2718,463.2,3,161.2,9,
1114,1834,582.69,3,284.64,9,1914,554.62,3,207.82,9,2551,301.09,3,39.06,8,2657,299.87,3,201.03,9,2660,296.7,3,157.72,9,2693,473.08,3,198.01,9,2713,423.51,3,237.12,8,2718,463.72,3,157.4,9,
1115,1834,574.93,3,275.41,9,1914,564.22,3,217.76,9,2551,294.19,3,67.92,8,2657,294.11,3,219.77,9,2660,282.71,3,168.58,9,2693,458.09,3,176.69,9,2713,430.53,3,249.82,8,2718,460.2,3,151.15,9,
1116,1834,566.05,3,264.77,9,1914,568.05,3,222.31,9,2551,291.51,3,97.77,8,2657,290.22,3,241.17,9,2660,266.48,3,181.54,9,2693,442.76,3,154.07,9,2718,454.34,3,146.22,9,
1117,1834,555.99,3,252.64,9,1914,566.41,3,221.9,9,2551,291.86,3,127.44,8,2657,289.43,3,264.35,9,2660,247.94,3,194.6,9,2693,426.73,3,129.32,9,2705,561.48,3,249.94,8,2718,446.3,3,140.54,9,
1118,1834,544.16,3,238.24,9,1914,562.89,3,220.05,9,2551,295.06,3,156.13,8,2657,291.37,3,289.04,9,2660,226.66,3,207.89,9,2693,410.1,3,102.09,9,2705,552.81,3,241.24,8,2718,436.52,3,134.38,9,
1119,1747,295.77,3,298.74,9,1834,531.26,3,222.37,9,1914,558.43,3,217.92,9,2551,301.0,3,184.95,8,2660,202.86,3,221.26,9,2693,394.54,3,74.86,9,2705,548.15,3,236.62,8,2718,425.25,3,129.61,9,2739,341.07,3,229.9,8,
1120,1747,292.95,3,273.16,9,1914,552.98,3,215.66,9,2551,309.82,3,214.63,8,2660,176.72,3,234.14,9,2693,379.84,3,47.59,9,2705,543.08,3,232.06,8,2718,412.45,3,125.31,9,2739,340.37,3,227.8,8,
1121,1747,293.05,3,247.03,9,1914,546.91,3,213.65,9,2551,321.09,3,244.15,8,2660,148.41,3,249.05,9,2693,366.96,3,21.34,9,2705,540.5,3,230.62,8,2718,397.74,3,122.46,9,2739,339.11,3,223.94,8,
1122,1747,296.89,3,222.04,9,1914,539.8,3,212.05,9,2660,118.5,3,268.15,9,2693,355.29,3,6.17,9,2705,538.75,3,230.49,8,2718,381.25,3,122.47,9,2739,337.14,3,217.69,8,
1123,1747,303.49,3,200.62,9,1914,532.04,3,211.38,9,2660,87.79,3,291.1,9,2693,346.1,3,33.14,9,2705,536.75,3,230.85,8,2718,363.52,3,126.01,9,2739,334.85,3,209.92,8,
1124,1747,310.52,3,183.94,9,2693,338.92,3,60.21,9,2705,534.66,3,232.02,8,2718,343.38,3,130.82,9,2739,337.96,3,204.95,8,
1125,1747,316.52,3,170.84,9,2376,541.91,3,247.82,8,2693,334.72,3,82.78,9,2705,533.13,3,233.72,8,2718,322.29,3,140.23,9,2739,349.33,3,205.34,8,
1126,1747,320.16,3,161.57,9,2376,535.15,3,242.45,8,2628,331.26,3,235.07,8,2693,332.44,3,100.85,9,2705,532.24,3,235.19,8,2713,354.89,3,248.2,8,2718,300.04,3,155.16,9,2739,361.52,3,206.55,8,
1127,1747,322.15,3,156.47,9,2376,530.74,3,240.97,8,2628,323.6,3,212.2,8,2693,331.35,3,114.44,9,2705,531.8,3,236.15,8,2713,337.11,3,247.32,8,2718,277.93,3,172.33,9,2739,373.42,3,208.54,8,
1128,1747,324.67,3,149.86,9,2376,529.56,3,243.31,8,2628,317.23,3,188.53,8,2660,71.52,3,245.06,8,2693,329.5,3,123.42,9,2705,532.87,3,239.31,8,2713,318.07,3,247.74,8,2718,255.33,3,189.61,9,2739,386.16,3,211.49,8,
1129,1747,327.78,3,140.96,9,2376,528.94,3,247.1,8,2628,312.5,3,164.67,8,2660,102.15,3,216.94,8,2693,328.57,3,127.95,9,2705,537.47,3,245.71,8,2718,231.24,3,205.09,9,2720,533.27,3,278.14,9,2739,397.86,3,214.92,8,
1130,1747,331.22,3,130.25,9,2628,309.64,3,141.81,8,2660,133.51,3,189.29,8,2693,326.68,3,134.46,9,2718,206.02,3,219.64,9,2720,511.66,3,250.21,9,2739,410.35,3,219.29,8,
1131,1747,334.24,3,116.75,9,2628,308.48,3,118.89,8,2660,164.7,3,163.24,8,2693,323.93,3,142.46,9,2718,181.44,3,231.77,9,2720,490.87,3,222.5,9,2739,419.17,3,229.02,8,
1132,1747,335.54,3,101.64,9,2628,309.07,3,95.34,8,2660,195.96,3,139.45,8,2693,320.18,3,152.78,9,2718,155.83,3,244.96,9,2720,470.5,3,194.39,9,2739,426.01,3,241.7,8,
1133,1747,337.55,3,85.06,9,2628,311.45,3,71.73,8,2660,226.75,3,119.67,8,2693,315.45,3,164.95,9,2718,130.29,3,260.18,9,2720,450.61,3,165.77,9,
1134,1747,340.73,3,66.55,9,2628,314.89,3,49.22,8,2660,258.6,3,105.11,8,2693,309.55,3,178.4,9,2718,105.72,3,277.17,9,2720,432.11,3,137.75,9,
1135,1747,345.61,3,45.6,9,2628,320.12,3,26.95,8,2660,289.45,3,97.88,8,2693,302.97,3,193.29,9,2718,80.16,3,297.25,9,2720,414.41,3,109.33,9,
1136,1747,352.31,3,23.18,9,2660,320.81,3,99.37,8,2693,296.6,3,210.43,9,2720,397.63,3,80.37,9,
1137,1747,361.21,3,2.57,9,2660,351.7,3,106.79,8,2693,291.71,3,230.25,9,2720,382.1,3,51.95,9,
1138,1747,370.57,3,23.06,9,2637,295.88,3,299.48,9,2660,383.0,3,122.02,8,2693,289.58,3,252.85,9,2720,368.21,3,24.03,9,
1139,1747,379.07,3,40.69,9,2637,292.91,3,272.33,9,2660,414.69,3,142.38,8,2693,290.13,3,277.51,9,2720,355.93,3,4.55,9,
1140,1747,385.82,3,53.85,9,2637,293.15,3,245.34,9,2660,445.96,3,165.97,8,2704,319.84,3,225.37,8,2720,346.15,3,33.0,9,
1141,1747,390.44,3,62.51,9,2637,297.47,3,219.69,9,2660,477.29,3,192.12,8,2704,310.98,3,197.76,8,2718,74.33,3,242.44,8,2720,339.02,3,59.72,9,2725,532.65,3,246.88,8,
1142,1747,392.9,3,67.02,9,2637,304.4,3,198.32,9,2660,507.91,3,219.18,8,2704,304.19,3,169.23,8,2718,98.63,3,220.11,8,2720,334.85,3,81.95,9,2725,533.08,3,245.0,8,
1143,1747,393.1,3,69.43,9,2637,311.56,3,181.65,9,2660,538.57,3,247.13,8,2704,300.01,3,141.1,8,2713,145.29,3,284.6,9,2718,124.17,3,197.39,8,2720,332.55,3,99.68,9,2725,533.22,3,244.46,8,2739,367.42,3,249.47,8,2774,292.18,3,169.8,8,
1144,1747,390.34,3,67.22,9,2637,317.22,3,169.14,9,2704,298.44,3,112.22,8,2713,153.56,3,262.52,9,2718,149.05,3,176.09,8,2720,331.44,3,112.92,9,2725,534.27,3,244.19,8,2739,350.2,3,247.86,8,2774,291.14,3,170.98,8,
1145,1747,387.2,3,61.49,9,2637,320.57,3,160.49,9,2704,299.68,3,83.12,8,2713,164.39,3,240.46,9,2718,174.1,3,155.79,8,2720,329.9,3,121.6,9,2725,538.64,3,247.29,8,2739,331.04,3,247.26,8,2774,288.96,3,173.53,8,
1146,1747,382.88,3,53.42,9,2637,322.41,3,155.85,9,2704,303.63,3,54.45,8,2713,177.26,3,218.48,9,2718,199.67,3,136.85,8,2720,328.97,3,125.98,9,2739,311.62,3,248.3,8,2774,285.86,3,177.27,8,
1147,1747,377.61,3,43.24,9,2637,325.01,3,148.9,9,2704,309.62,3,25.72,8,2713,191.46,3,196.98,9,2718,224.95,3,120.69,8,2720,327.39,3,132.1,9,2774,281.84,3,182.37,8,
1148,1747,371.31,3,30.55,9,2637,328.02,3,140.25,9,2704,319.73,3,4.36,8,2713,207.02,3,175.37,9,2718,249.49,3,108.61,8,2720,324.76,3,140.09,9,2774,276.73,3,189.25,8,
1149,1747,364.24,3,15.39,9,2637,331.45,3,129.46,9,2704,331.84,3,30.9,8,2713,223.61,3,153.83,9,2718,275.03,3,100.14,8,2720,321.34,3,149.69,9,2774,271.13,3,197.35,8,
1150,2637,334.33,3,116.36,9,2704,346.3,3,59.69,8,2713,241.44,3,131.81,9,2718,300.35,3,97.55,8,2720,316.76,3,161.53,9,2774,265.67,3,205.92,8,
1151,2637,335.66,3,100.44,9,2704,362.21,3,88.04,8,2713,260.19,3,109.47,9,2718,324.88,3,99.94,8,2720,311.19,3,174.96,9,2774,260.15,3,215.39,8,
1152,2637,337.97,3,82.27,9,2704,380.36,3,117.26,8,2713,279.06,3,87.6,9,2718,349.53,3,106.0,8,2720,304.37,3,189.96,9,2774,255.33,3,224.49,8,
1153,2637,341.54,3,62.57,9,2704,401.04,3,146.48,8,2713,298.38,3,65.69,9,2718,374.65,3,117.33,8,2720,297.73,3,206.73,9,2774,250.63,3,234.36,8,
1154,2637,346.81,3,41.23,9,2704,423.24,3,174.49,8,2713,316.28,3,45.74,9,2718,399.2,3,131.91,8,2720,292.77,3,225.37,9,2774,246.67,3,243.68,8,
1155,2637,354.02,3,18.06,9,2704,445.32,3,201.19,8,2713,330.31,3,30.29,9,2718,423.54,3,148.77,8,2720,289.84,3,246.81,9,2733,474.29,3,239.62,8,
1156,2637,363.59,3,7.59,9,2704,463.98,3,223.79,8,2713,341.51,3,18.06,9,2718,448.71,3,168.18,8,2720,289.6,3,270.2,9,2733,451.37,3,211.72,8,2783,142.67,3,293.98,9,
1157,2637,376.14,3,34.74,9,2704,479.18,3,241.9,8,2713,348.64,3,10.36,9,2718,473.22,3,188.61,8,2720,292.17,3,295.15,9,2733,427.1,3,183.99,8,2783,146.85,3,279.79,9,
1158,2637,390.25,3,62.17,9,2713,357.23,3,1.93,9,2718,497.81,3,210.15,8,2733,403.26,3,156.37,8,2783,153.24,3,263.27,9,
1159,2637,405.39,3,89.53,9,2713,367.5,3,10.44,9,2718,523.43,3,233.24,8,2733,381.83,3,128.95,8,2767,647.86,3,299.43,9,2783,161.95,3,245.06,9,
1160,2637,420.84,3,115.81,9,2713,379.25,3,23.11,9,2733,362.94,3,101.25,8,2767,645.9,3,298.82,9,2783,173.3,3,224.93,9,
1161,2637,437.96,3,143.11,9,2713,392.42,3,37.28,9,2733,347.31,3,74.5,8,2767,644.27,3,298.19,9,2783,186.47,3,204.31,9,
1162,2637,455.52,3,169.58,9,2713,407.8,3,53.76,9,2733,335.39,3,52.27,8,2767,640.81,3,295.37,9,2783,200.87,3,183.74,9,
1163,2637,474.3,3,196.61,9,2713,424.51,3,71.57,9,2733,326.65,3,34.57,8,2767,636.02,3,290.59,9,2783,215.98,3,163.55,9,
1164,2637,493.71,3,223.46,9,2713,443.08,3,91.25,9,2733,320.62,3,21.44,8,2767,628.97,3,283.38,9,2783,232.01,3,143.34,9,
1165,2637,512.23,3,248.25,9,2713,463.19,3,112.46,9,2733,317.41,3,12.84,8,2767,619.57,3,273.76,9,2783,248.33,3,123.52,9,
1166,2637,527.78,3,268.55,9,2713,484.83,3,135.17,9,2733,318.34,3,8.52,8,2767,608.33,3,262.25,9,2783,265.58,3,103.17,9,
1167,2637,540.56,3,284.94,9,2713,508.3,3,159.69,9,2733,323.53,3,8.56,8,2767,594.94,3,248.52,9,2783,283.7,3,82.31,9,
1168,2637,549.96,3,296.83,9,2713,528.45,3,180.67,9,2733,332.15,3,16.64,8,2767,579.58,3,232.75,9,2783,301.2,3,62.53,9,2810,458.47,3,202.42,9,
1169,2713,544.34,3,197.16,9,2733,343.51,3,28.46,8,2767,562.67,3,215.29,9,2783,318.82,3,42.92,9,2810,458.48,3,201.18,9,
1170,2713,556.45,3,209.71,9,2733,357.22,3,42.87,8,2767,544.15,3,196.08,9,2783,332.57,3,27.81,9,2810,458.55,3,198.1,9,
1171,2713,564.22,3,217.76,9,2733,372.5,3,58.93,8,2767,523.47,3,174.57,9,2783,342.28,3,17.22,9,2810,458.74,3,193.24,9,
1172,2713,568.05,3,222.17,9,2733,389.12,3,76.36,8,2767,502.5,3,152.68,9,2783,348.34,3,10.68,9,2810,459.1,3,187.39,9,
1173,2713,566.67,3,222.05,9,2733,407.6,3,95.53,8,2767,480.82,3,129.95,9,2783,352.96,3,5.75,9,2810,459.77,3,180.28,9,
1174,2713,562.93,3,220.08,9,2733,428.73,3,116.82,8,2767,459.16,3,107.14,9,2783,355.36,3,5.26,9,2810,460.91,3,172.14,9,
1175,2713,558.54,3,217.97,9,2733,449.94,3,138.19,8,2767,438.66,3,85.44,9,2783,353.85,3,9.99,9,2810,462.17,3,165.5,9,
1176,2713,553.32,3,215.79,9,2733,471.63,3,160.02,8,2767,417.53,3,62.95,9,2783,351.62,3,16.22,9,2810,463.18,3,161.28,9,
1177,2713,547.4,3,213.79,9,2733,493.97,3,182.52,8,2767,399.33,3,43.44,9,2783,348.65,3,25.06,9,2810,463.72,3,157.46,9,
1178,2713,540.43,3,212.16,9,2733,515.27,3,203.94,8,2767,385.4,3,28.43,9,2783,345.45,3,35.31,9,2810,460.07,3,151.0,9,
1179,2713,533.9,3,211.42,9,2733,537.03,3,225.83,8,2767,375.7,3,17.93,9,2783,341.83,3,48.15,9,2810,453.69,3,145.76,9,
1180,2713,529.35,3,211.44,9,2733,558.68,3,247.58,8,2767,369.55,3,11.27,9,2783,338.42,3,62.55,9,2810,445.7,3,140.13,9,
1181,2713,526.86,3,211.63,9,2767,363.45,3,4.83,9,2783,335.32,3,79.03,9,2810,436.4,3,134.33,9,
1182,2665,460.78,3,223.26,8,2713,524.2,3,213.01,9,2767,358.2,3,1.93,9,2783,332.86,3,96.75,9,2810,425.75,3,129.8,9,
1183,2665,435.07,3,193.12,8,2713,527.66,3,219.92,9,2767,354.83,3,7.37,9,2783,331.57,3,111.02,9,2810,413.15,3,125.51,9,
1184,2665,408.7,3,162.71,8,2713,534.58,3,228.5,9,2767,352.67,3,13.25,9,2783,330.09,3,120.71,9,2810,399.21,3,122.63,9,
1185,2665,384.42,3,132.35,8,2713,543.55,3,239.48,9,2767,350.11,3,20.63,9,2783,328.98,3,125.92,9,2810,383.31,3,122.26,9,
1186,2665,363.93,3,102.88,8,2713,554.38,3,252.62,9,2767,347.11,3,29.87,9,2783,328.71,3,127.22,9,2810,365.72,3,125.4,9,
1187,2665,348.94,3,77.4,8,2713,567.43,3,268.31,9,2767,343.82,3,40.87,9,2783,328.59,3,127.85,9,2810,351.69,3,128.46,9,
1188,2665,336.87,3,55.13,8,2713,582.19,3,285.85,9,2767,340.52,3,53.24,9,2783,328.53,3,128.13,9,2810,341.6,3,131.4,9,
1189,2665,328.0,3,37.39,8,2713,593.41,3,298.92,9,2767,337.48,3,67.12,9,2783,328.52,3,128.2,9,2810,335.63,3,133.92,9,
1190,2665,321.73,3,23.91,8,2767,334.68,3,83.03,9,2783,328.52,3,128.22,9,2810,329.69,3,139.29,9,
1191,2665,317.8,3,15.02,8,2767,332.73,3,98.02,9,2783,327.84,3,130.56,9,2810,323.85,3,146.8,9,
1192,2665,319.06,3,10.76,8,2767,331.58,3,110.83,9,2783,326.63,3,134.6,9,2810,318.73,3,156.46,9,2844,292.18,3,169.8,8,
1193,2665,323.56,3,13.62,8,2767,330.32,3,119.65,9,2783,324.45,3,141.05,9,2810,314.0,3,168.6,9,2844,291.05,3,171.09,8,2845,459.78,3,159.49,9,
1194,2665,326.35,3,18.92,8,2767,328.98,3,125.92,9,2783,321.47,3,149.34,9,2810,307.83,3,182.12,9,2844,288.49,3,174.09,8,2845,459.45,3,160.87,9,
1195,2323,463.06,3,230.79,8,2549,472.91,3,237.96,8,2665,329.87,3,26.68,8,2767,326.89,3,133.86,9,2783,317.58,3,159.39,9,2810,301.13,3,197.82,9,2844,285.03,3,178.31,8,2845,458.93,3,163.22,9,
1196,2323,439.82,3,203.34,8,2549,448.46,3,208.37,8,2665,334.57,3,36.63,8,2767,323.59,3,143.39,9,2783,313.01,3,170.95,9,2810,295.12,3,215.85,9,2844,280.22,3,184.49,8,2845,458.14,3,167.2,9,2849,532.17,3,225.53,9,
1197,2323,415.62,3,175.99,8,2549,423.59,3,179.95,8,2665,340.44,3,48.44,8,2767,319.47,3,154.61,9,2783,306.92,3,184.13,9,2810,290.79,3,235.84,9,2844,274.67,3,192.15,8,2845,457.22,3,172.94,9,2849,534.14,3,227.96,9,
1198,2323,391.83,3,148.28,8,2549,398.92,3,151.18,8,2665,347.43,3,61.81,8,2676,468.55,3,232.7,8,2767,314.43,3,167.55,9,2783,300.42,3,199.59,9,2810,289.45,3,258.65,9,2844,268.5,3,201.39,8,2845,456.37,3,179.91,9,2849,537.5,3,232.08,9,
1199,2323,369.99,3,120.13,8,2549,376.5,3,121.9,8,2665,355.62,3,76.63,8,2676,447.4,3,207.17,8,2767,307.97,3,181.79,9,2783,294.8,3,217.05,9,2810,290.67,3,283.02,9,2844,262.33,3,211.55,8,2845,455.66,3,188.82,9,2849,542.64,3,238.37,9,
1200,2323,351.76,3,91.69,8,2549,358.05,3,93.12,8,2665,365.35,3,93.35,8,2676,425.55,3,182.2,8,2767,301.29,3,197.42,9,2783,290.66,3,236.75,9,2844,256.82,3,221.58,8,2845,455.31,3,197.69,9,2849,549.46,3,246.67,9,
1201,2323,337.26,3,66.67,8,2549,341.56,3,64.02,8,2676,406.97,3,160.7,8,2767,295.31,3,215.11,9,2783,289.44,3,259.08,9,2844,251.68,3,232.05,8,2845,455.25,3,203.42,9,2849,558.21,3,257.25,9,2852,478.65,3,247.12,8,
1202,2323,326.32,3,46.29,8,2549,326.94,3,35.18,8,2676,392.98,3,143.53,8,2767,290.98,3,234.49,9,2783,290.75,3,283.8,9,2844,247.15,3,242.49,8,2845,452.66,3,206.3,9,2849,568.31,3,269.35,9,2852,471.49,3,238.56,8,
1203,2323,318.39,3,30.55,8,2529,474.59,3,239.98,8,2549,314.46,3,6.8,8,2676,382.54,3,129.89,8,2767,289.49,3,256.1,9,2845,446.5,3,203.18,9,2849,580.36,3,283.69,9,2852,462.9,3,228.22,8,
1204,2323,313.04,3,19.79,8,2529,452.66,3,213.31,8,2549,305.05,3,23.27,8,2676,376.76,3,120.69,8,2767,290.22,3,278.44,9,2845,438.42,3,198.73,9,2849,588.91,3,293.71,9,2852,452.55,3,215.64,8,
1205,2323,309.03,3,14.89,8,2529,430.17,3,187.5,8,2549,296.88,3,52.08,8,2676,377.23,3,117.44,8,2845,427.83,3,193.25,9,2849,593.71,3,299.26,9,2852,442.08,3,201.12,8,
1206,2323,302.29,3,18.64,8,2529,411.74,3,166.25,8,2549,292.63,3,81.05,8,2676,381.03,3,116.07,8,2833,546.38,3,234.77,8,2845,414.69,3,187.07,9,2852,427.72,3,184.69,8,
1207,2323,293.29,3,27.63,8,2529,396.52,3,148.1,8,2549,291.29,3,110.24,8,2676,388.25,3,117.16,8,2833,523.72,3,211.96,8,2845,399.76,3,180.96,9,2849,594.25,3,298.15,9,2852,412.14,3,166.71,8,2865,543.3,3,289.94,9,
1208,2323,283.63,3,37.67,8,2529,385.84,3,134.22,8,2549,292.82,3,139.15,8,2676,395.6,3,119.54,8,2833,500.64,3,188.72,8,2845,384.28,3,175.75,9,2849,589.87,3,293.07,9,2852,398.27,3,150.35,8,2865,541.38,3,288.54,9,
1209,2323,273.61,3,48.29,8,2529,378.96,3,124.8,8,2549,297.26,3,168.39,8,2676,404.54,3,123.22,8,2833,477.25,3,165.13,8,2845,369.3,3,171.89,9,2849,584.3,3,286.55,9,2852,388.9,3,138.22,8,2865,538.02,3,286.09,9,2868,294.49,3,289.04,9,
1210,2323,263.82,3,58.8,8,2529,376.79,3,118.61,8,2549,304.42,3,197.54,8,2676,415.33,3,128.59,8,2833,454.6,3,142.28,8,2845,353.44,3,169.17,9,2849,576.95,3,277.8,9,2852,383.06,3,130.56,8,2865,532.15,3,281.88,9,2868,294.31,3,287.55,9,2869,387.95,3,62.86,9,
1211,2323,253.88,3,69.59,8,2529,381.36,3,116.03,8,2549,314.07,3,226.49,8,2676,426.51,3,134.73,8,2833,431.19,3,118.65,8,2845,339.79,3,168.01,9,2849,567.75,3,266.8,9,2852,379.58,3,125.84,8,2865,524.82,3,276.71,9,2868,293.86,3,283.51,9,2869,386.67,3,60.51,9,
1212,2323,243.8,3,80.63,8,2529,388.55,3,117.24,8,2676,437.48,3,141.57,8,2833,408.5,3,95.72,8,2845,330.63,3,167.85,9,2849,556.91,3,253.75,9,2852,379.2,3,121.87,8,2865,515.5,3,270.27,9,2868,293.24,3,276.91,9,2869,384.52,3,56.5,9,
1213,2323,233.7,3,91.83,8,2529,396.74,3,119.97,8,2676,448.48,3,149.13,8,2833,386.81,3,73.19,8,2845,325.95,3,167.96,9,2849,544.1,3,238.17,9,2852,383.04,3,123.07,8,2865,504.31,3,262.77,9,2868,292.69,3,268.39,9,2869,381.09,3,50.0,9,
1214,2323,224.45,3,102.19,8,2529,406.31,3,124.04,8,2676,459.28,3,157.13,8,2833,367.74,3,53.23,8,2845,319.26,3,168.8,9,2849,530.0,3,220.81,9,2852,387.58,3,127.85,8,2865,491.76,3,254.69,9,2868,292.66,3,257.78,9,2869,376.84,3,41.73,9,
1215,2323,215.06,3,112.86,8,2529,417.16,3,129.56,8,2676,470.09,3,165.6,8,2833,353.02,3,37.86,8,2845,312.24,3,173.4,9,2849,513.94,3,201.88,9,2852,394.84,3,134.77,8,2865,477.4,3,243.5,9,2868,292.9,3,250.06,9,2869,372.0,3,31.97,9,
1216,2323,205.76,3,123.55,8,2529,428.16,3,135.72,8,2676,481.6,3,175.06,8,2833,342.33,3,26.83,8,2845,307.69,3,182.43,9,2849,495.83,3,181.94,9,2852,401.65,3,144.22,8,2865,466.49,3,229.41,9,2868,293.18,3,244.85,9,2869,366.68,3,20.74,9,
1217,2323,195.96,3,135.02,8,2529,439.34,3,142.8,8,2537,294.03,3,285.03,9,2676,492.36,3,184.22,8,2833,335.88,3,20.36,8,2845,302.73,3,193.85,9,2849,473.77,3,160.78,9,2852,412.57,3,155.96,8,2865,462.24,3,219.99,9,2868,292.77,3,243.76,9,2869,360.98,3,8.09,9,2880,335.27,3,247.29,8,
1218,2323,187.0,3,145.71,8,2529,450.77,3,150.79,8,2537,292.77,3,270.34,9,2676,503.55,3,194.03,8,2833,330.32,3,15.29,8,2845,297.55,3,207.22,9,2849,448.46,3,142.04,9,2852,423.47,3,169.55,8,2865,459.85,3,214.88,9,2868,292.62,3,243.47,9,2869,354.95,3,7.05,9,2880,333.06,3,247.27,8,
1219,2323,177.78,3,157.11,8,2529,462.34,3,159.49,8,2537,292.64,3,260.16,9,2676,515.08,3,204.37,8,2821,325.29,3,232.18,8,2833,330.36,3,17.46,8,2845,293.37,3,222.79,9,2849,421.63,3,128.27,9,2852,435.83,3,184.74,8,2865,454.42,3,208.33,9,2868,292.54,3,243.33,9,2869,349.23,3,23.28,9,2880,328.7,3,247.28,8,
1220,2323,169.14,3,168.45,8,2529,473.79,3,168.6,8,2537,292.77,3,253.57,9,2676,526.81,3,215.11,8,2821,316.8,3,207.25,8,2833,333.94,3,24.78,8,2845,290.28,3,240.42,9,2849,396.41,3,122.31,9,2850,542.55,3,289.92,9,2852,449.76,3,201.75,8,2865,445.67,3,202.71,9,2868,292.53,3,243.32,9,2869,343.8,3,40.96,9,2880,322.52,3,247.48,8,
1221,2323,160.79,3,179.85,8,2529,485.29,3,178.17,8,2537,292.86,3,251.15,9,2676,538.32,3,225.82,8,2821,310.17,3,182.71,8,2833,338.73,3,34.75,8,2845,289.43,3,260.77,9,2849,376.0,3,123.19,9,2850,520.22,3,261.36,9,2852,465.08,3,220.5,8,2865,434.3,3,196.54,9,2868,292.53,3,243.31,9,2869,338.97,3,60.02,9,2880,314.81,3,247.99,8,
1222,2323,153.61,3,190.12,8,2529,497.21,3,188.44,8,2537,292.87,3,250.66,9,2676,549.44,3,236.3,8,2821,305.51,3,158.96,8,2833,344.73,3,46.85,8,2845,290.72,3,283.51,9,2849,359.79,3,126.71,9,2850,498.91,3,233.32,9,2852,480.56,3,239.15,8,2865,421.36,3,190.12,9,2868,290.53,3,243.37,9,2869,334.93,3,81.46,9,2880,305.61,3,249.02,8,
1223,2323,146.04,3,201.55,8,2529,509.28,3,199.14,8,2537,292.95,3,249.11,9,2676,561.19,3,247.49,8,2821,302.65,3,135.15,8,2833,349.3,3,60.47,8,2849,347.2,3,129.66,9,2850,478.17,3,205.1,9,2865,405.94,3,183.36,9,2868,289.86,3,246.41,9,2869,332.63,3,98.88,9,
1224,2323,139.48,3,212.2,8,2529,521.19,3,209.94,8,2537,293.15,3,245.34,9,2821,301.64,3,111.36,8,2833,357.81,3,76.04,8,2849,338.29,3,132.55,9,2850,458.4,3,177.14,9,2865,390.43,3,177.67,9,2868,289.64,3,251.0,9,2869,331.45,3,112.71,9,
1225,2323,133.59,3,222.56,8,2529,532.74,3,220.61,8,2537,293.58,3,239.79,9,2821,302.57,3,86.68,8,2833,368.13,3,93.88,8,2849,334.0,3,135.1,9,2850,439.36,3,148.92,9,2865,375.24,3,173.27,9,2868,289.46,3,257.49,9,2869,329.82,3,121.96,9,
1226,2323,128.13,3,233.23,8,2529,545.42,3,232.5,8,2537,294.55,3,232.67,9,2821,305.37,3,62.97,8,2833,380.57,3,113.98,8,2849,328.71,3,140.39,9,2850,420.86,3,119.9,9,2865,359.25,3,170.0,9,2868,289.44,3,265.6,9,2869,328.82,3,126.73,9,
1227,2323,123.49,3,243.53,8,2529,554.75,3,241.35,8,2537,296.43,3,223.96,9,2821,312.08,3,39.06,8,2833,393.87,3,136.63,8,2849,322.78,3,148.35,9,2850,404.08,3,91.75,9,2865,344.9,3,168.31,9,2868,290.01,3,276.14,9,2869,327.24,3,132.65,9,
1228,2529,560.93,3,247.25,8,2537,299.16,3,213.28,9,2821,319.56,3,16.86,8,2833,412.32,3,161.12,8,2849,317.5,3,159.6,9,2850,388.38,3,63.65,9,2865,334.6,3,167.85,9,2868,291.33,3,288.76,9,2869,324.8,3,139.97,9,
1229,2537,303.54,3,200.49,9,2821,328.79,3,14.49,8,2833,434.34,3,187.93,8,2849,312.04,3,173.1,9,2850,373.63,3,35.29,9,2865,328.28,3,167.89,9,2869,321.47,3,149.35,9,
1230,2537,309.43,3,186.37,9,2821,339.78,3,36.9,8,2833,458.48,3,217.16,8,2849,305.03,3,188.43,9,2850,360.26,3,6.4,9,2865,324.93,3,168.01,9,2869,317.3,3,160.1,9,
1231,2338,473.2,3,240.6,8,2537,315.37,3,173.48,9,2821,351.84,3,60.58,8,2833,482.64,3,245.99,8,2849,297.88,3,206.31,9,2850,349.61,3,22.12,9,2865,324.44,3,168.02,9,2869,312.19,3,172.75,9,
1232,2338,453.79,3,217.15,8,2537,319.54,3,163.16,9,2821,364.97,3,84.31,8,2849,292.46,3,226.73,9,2850,341.32,3,50.09,9,2865,322.44,3,168.26,9,2869,305.63,3,187.04,9,
1233,2338,433.94,3,194.27,8,2537,321.96,3,156.96,9,2821,379.05,3,107.97,8,2849,289.71,3,249.34,9,2850,336.25,3,73.63,9,2865,322.25,3,168.29,9,2869,298.78,3,203.91,9,
1234,2338,414.56,3,172.15,8,2537,324.81,3,149.48,9,2821,395.22,3,132.11,8,2849,289.82,3,273.49,9,2850,333.35,3,92.67,9,2865,319.7,3,168.66,9,2869,293.3,3,223.11,9,2903,360.17,3,119.51,8,
1235,2338,395.53,3,149.9,8,2537,328.05,3,140.15,9,2821,413.3,3,156.89,8,2849,292.81,3,299.96,9,2850,331.8,3,107.83,9,2865,315.11,3,170.65,9,2869,289.96,3,244.72,9,2903,358.99,3,119.82,8,
1236,2338,377.81,3,126.99,8,2537,331.6,3,128.94,9,2821,432.86,3,181.11,8,2838,543.4,3,290.98,9,2850,330.6,3,118.45,9,2865,310.7,3,175.97,9,2869,289.51,3,268.65,9,2903,356.25,3,120.59,8,
1237,2338,362.22,3,104.37,8,2537,334.48,3,115.72,9,2821,452.79,3,205.48,8,2838,534.5,3,279.72,9,2850,329.05,3,125.55,9,2865,307.09,3,183.74,9,2869,292.18,3,295.2,9,2903,351.9,3,122.05,8,
1238,2338,348.42,3,81.3,8,2537,335.72,3,99.82,9,2821,472.76,3,229.78,8,2838,524.13,3,266.41,9,2850,326.57,3,134.78,9,2865,302.89,3,193.47,9,2903,345.94,3,124.52,8,
1239,2338,335.48,3,57.99,8,2537,338.04,3,81.8,9,2838,512.13,3,250.82,9,2850,322.65,3,146.05,9,2865,298.55,3,204.52,9,2903,338.66,3,128.24,8,
1240,2338,323.89,3,35.19,8,2537,341.67,3,61.94,9,2838,498.85,3,233.23,9,2850,317.52,3,159.54,9,2865,294.65,3,217.62,9,2880,144.31,3,287.88,9,2903,330.05,3,133.66,8,
1241,2338,313.93,3,13.95,8,2537,346.67,3,41.71,9,2838,484.85,3,214.3,9,2850,311.59,3,174.08,9,2865,291.25,3,232.72,9,2880,150.66,3,269.46,9,2903,320.86,3,140.63,8,
1242,2338,305.75,3,12.45,8,2437,471.49,3,236.25,8,2537,351.39,3,26.0,9,2838,470.22,3,194.0,9,2850,304.23,3,190.28,9,2865,289.7,3,249.79,9,2880,158.92,3,251.02,9,2903,311.39,3,149.09,8,
1243,2338,299.43,3,33.45,8,2437,450.79,3,211.02,8,2537,355.15,3,14.82,9,2838,454.98,3,172.17,9,2850,297.15,3,208.52,9,2865,289.54,3,269.23,9,2880,168.14,3,233.72,9,2903,302.91,3,157.78,8,2916,460.04,3,220.74,9,
1244,2338,293.04,3,55.92,8,2437,429.07,3,186.24,8,2537,357.77,3,7.61,9,2838,439.05,3,148.43,9,2850,291.9,3,229.3,9,2865,291.63,3,291.09,9,2880,179.02,3,215.69,9,2883,363.72,3,249.01,8,2903,294.17,3,167.56,8,2916,460.75,3,222.34,9,
1245,2338,289.75,3,78.39,8,2437,407.02,3,160.75,8,2537,358.27,3,0.92,9,2838,422.96,3,123.29,9,2850,289.59,3,252.37,9,2880,190.74,3,198.03,9,2883,344.33,3,247.54,8,2903,285.76,3,177.4,8,2916,462.4,3,226.1,9,
1246,2323,179.29,3,298.64,9,2338,288.22,3,100.65,8,2437,386.62,3,135.25,8,2536,465.39,3,228.87,8,2537,354.47,3,5.31,9,2838,406.29,3,95.57,9,2850,290.13,3,277.43,9,2880,203.29,3,180.41,9,2883,324.1,3,247.41,8,2903,277.47,3,188.21,8,2916,466.28,3,232.37,9,
1247,2323,188.36,3,291.71,9,2338,288.43,3,123.41,8,2437,368.28,3,109.93,8,2508,477.25,3,243.18,8,2536,446.88,3,206.58,8,2537,348.64,3,11.7,9,2838,391.52,3,69.37,9,2880,216.95,3,162.3,9,2883,304.27,3,249.2,8,2903,270.01,3,199.04,8,2916,472.65,3,240.84,9,
1248,2323,197.62,3,284.89,9,2338,290.45,3,146.22,8,2437,352.65,3,83.9,8,2508,458.67,3,220.69,8,2536,428.19,3,185.24,8,2537,340.38,3,20.69,9,2838,376.62,3,41.29,9,2880,231.59,3,143.86,9,2903,262.85,3,210.64,8,2916,482.46,3,251.1,9,
1249,2323,206.82,3,278.53,9,2338,294.23,3,169.03,8,2437,339.45,3,60.07,8,2508,439.86,3,198.6,8,2536,409.76,3,163.94,8,2537,330.03,3,32.05,9,2566,466.12,3,232.11,8,2838,362.28,3,11.02,9,2880,246.22,3,126.06,9,2895,647.41,3,299.28,9,2903,256.53,3,222.15,8,2916,495.9,3,259.55,9,
1250,2323,216.24,3,272.4,9,2338,299.6,3,191.46,8,2437,329.63,3,40.76,8,2508,421.05,3,177.02,8,2536,392.42,3,142.8,8,2537,318.0,3,45.37,9,2566,447.16,3,209.22,8,2838,350.52,3,19.44,9,2880,261.01,3,108.51,9,2895,645.95,3,298.83,9,2903,250.75,3,234.09,8,2916,509.22,3,268.19,9,
1251,2323,225.96,3,266.47,9,2338,306.47,3,213.74,8,2437,322.66,3,25.97,8,2508,402.23,3,155.17,8,2536,375.6,3,120.69,8,2537,304.28,3,60.7,9,2566,427.61,3,187.07,8,2838,341.99,3,47.55,9,2880,276.65,3,90.37,9,2895,643.83,3,297.91,9,2903,245.75,3,246.0,8,2916,523.06,3,277.55,9,
1252,2323,236.01,3,260.77,9,2338,315.02,3,236.62,8,2437,318.11,3,15.75,8,2508,385.04,3,133.18,8,2536,361.49,3,98.86,8,2537,288.66,3,78.4,9,2566,408.18,3,164.81,8,2838,336.67,3,71.3,9,2880,292.76,3,72.03,9,2895,638.87,3,293.48,9,2916,537.06,3,287.4,9,
1253,2323,245.21,3,255.93,9,2437,317.49,3,9.8,8,2508,369.47,3,111.79,8,2536,348.84,3,77.22,8,2537,272.64,3,96.87,9,2566,389.85,3,142.62,8,2838,333.54,3,91.16,9,2880,308.24,3,54.66,9,2895,633.67,3,288.19,9,2916,550.16,3,296.92,9,
1254,2323,254.59,3,251.37,9,2437,322.91,3,8.17,8,2508,356.07,3,89.76,8,2536,337.77,3,56.86,8,2537,257.24,3,114.97,9,2566,373.09,3,120.77,8,2815,462.99,3,230.7,8,2838,331.9,3,106.72,9,2880,324.45,3,36.72,9,2895,626.19,3,280.53,9,
1255,2323,264.73,3,246.88,9,2437,330.31,3,14.77,8,2508,343.94,3,68.41,8,2536,328.56,3,38.56,8,2537,241.32,3,134.19,9,2566,358.63,3,98.53,8,2815,440.48,3,204.09,8,2838,330.76,3,117.75,9,2880,337.15,3,22.8,9,2895,616.82,3,270.94,9,
1256,2323,274.9,3,242.81,9,2437,338.92,3,23.65,8,2508,334.48,3,50.49,8,2536,321.96,3,24.41,8,2537,225.92,3,153.38,9,2566,345.96,3,77.02,8,2815,417.38,3,177.99,8,2838,329.19,3,124.91,9,2880,345.82,3,13.39,9,2895,606.11,3,259.97,9,
1257,2437,348.9,3,34.11,8,2508,326.97,3,35.23,8,2536,317.73,3,14.86,8,2537,212.04,3,171.45,9,2566,336.01,3,58.99,8,2815,395.3,3,152.67,8,2838,326.67,3,134.49,9,2880,350.4,3,8.47,9,2895,593.44,3,246.98,9,2936,405.02,3,88.87,9,
1258,2437,360.87,3,46.71,8,2508,322.0,3,24.51,8,2536,317.71,3,9.46,8,2537,198.67,3,189.91,9,2566,328.07,3,43.65,8,2815,375.17,3,126.91,8,2838,322.67,3,145.99,9,2880,356.93,3,2.09,9,2895,579.3,3,232.46,9,2936,406.27,3,91.06,9,
1259,2437,375.11,3,61.67,8,2508,319.23,3,18.29,8,2536,322.53,3,7.96,8,2537,185.98,3,208.65,9,2566,319.88,3,26.77,8,2815,356.93,3,100.15,8,2838,317.89,3,158.62,9,2880,365.33,3,8.12,9,2895,562.89,3,215.53,9,2936,408.67,3,95.26,9,
1260,2437,390.72,3,78.04,8,2508,316.05,3,10.71,8,2536,328.9,3,13.37,8,2537,174.67,3,226.91,9,2566,314.33,3,14.84,8,2815,341.77,3,74.67,8,2838,311.99,3,173.19,9,2880,376.04,3,19.64,9,2895,544.3,3,196.24,9,2936,411.97,3,100.94,9,
1261,2437,407.96,3,95.89,8,2508,312.54,3,3.47,8,2536,336.29,3,20.91,8,2537,164.36,3,245.66,9,2566,308.88,3,6.75,8,2815,330.24,3,53.75,8,2838,304.85,3,188.83,9,2880,389.09,3,33.71,9,2883,143.63,3,290.31,9,2895,523.26,3,174.35,9,2936,416.14,3,108.02,9,
1262,2437,428.0,3,116.08,8,2508,308.75,3,11.18,8,2536,345.69,3,30.74,8,2537,155.68,3,264.3,9,2566,303.55,3,18.76,8,2815,321.56,3,36.94,8,2838,297.78,3,206.59,9,2880,403.96,3,49.65,9,2883,151.17,3,268.2,9,2895,499.98,3,150.04,9,2936,421.56,3,117.01,9,
1263,2437,447.79,3,136.02,8,2508,304.83,3,24.07,8,2536,356.77,3,42.39,8,2537,149.0,3,282.44,9,2566,298.73,3,36.25,8,2815,315.61,3,24.93,8,2838,292.4,3,226.99,9,2880,420.31,3,67.1,9,2883,161.38,3,246.14,9,2895,476.67,3,125.59,9,2936,428.1,3,127.6,9,
1264,2437,467.41,3,155.78,8,2508,301.07,3,39.13,8,2536,369.76,3,56.06,8,2566,293.09,3,55.65,8,2815,311.97,3,17.71,8,2838,289.71,3,249.56,9,2880,438.99,3,86.92,9,2883,173.71,3,224.24,9,2895,452.53,3,100.14,9,2936,436.25,3,140.46,9,
1265,2437,488.03,3,176.54,8,2508,296.08,3,56.14,8,2536,384.38,3,71.39,8,2566,289.88,3,77.19,8,2815,307.7,3,14.86,8,2838,289.86,3,274.11,9,2880,459.47,3,108.54,9,2883,187.57,3,202.68,9,2895,428.69,3,74.85,9,2936,446.08,3,155.51,9,
1266,2437,506.82,3,195.44,8,2508,293.24,3,75.32,8,2536,401.44,3,89.25,8,2566,288.19,3,101.31,8,2785,293.41,3,278.81,9,2815,301.89,3,19.04,8,2880,481.1,3,131.26,9,2883,202.83,3,181.04,9,2895,408.41,3,53.19,9,2916,595.27,3,299.34,9,2936,457.9,3,173.08,9,
1267,2437,521.15,3,209.86,8,2508,291.56,3,96.28,8,2536,418.62,3,106.63,8,2566,288.66,3,127.4,8,2785,292.71,3,255.95,9,2815,294.59,3,26.3,8,2880,502.47,3,153.62,9,2883,219.82,3,158.62,9,2895,392.03,3,35.58,9,2916,586.01,3,288.56,9,2936,471.6,3,192.8,9,
1268,2437,531.49,3,220.27,8,2508,291.44,3,118.79,8,2536,436.06,3,124.2,8,2566,291.72,3,155.16,8,2785,294.4,3,233.48,9,2815,285.76,3,35.43,8,2875,331.25,3,247.28,8,2880,524.22,3,176.27,9,2883,238.03,3,135.96,9,2895,379.9,3,22.48,9,2916,575.36,3,275.91,9,2936,487.23,3,214.61,9,
1269,2437,537.35,3,226.18,8,2508,293.28,3,143.34,8,2536,453.77,3,142.04,8,2566,297.59,3,183.83,8,2785,299.58,3,211.79,9,2815,276.62,3,45.09,8,2875,321.61,3,221.95,8,2880,541.76,3,194.49,9,2883,255.96,3,114.46,9,2895,371.58,3,13.47,9,2916,563.19,3,261.33,9,2936,504.65,3,238.19,9,
1270,2437,541.13,3,230.5,8,2508,297.3,3,168.59,8,2536,470.84,3,159.23,8,2566,306.14,3,212.73,8,2785,306.51,3,193.14,9,2815,267.53,3,54.8,8,2875,313.79,3,196.91,8,2880,555.0,3,208.21,9,2883,274.55,3,92.79,9,2895,367.31,3,8.85,9,2916,549.83,3,245.16,9,2936,520.93,3,259.66,9,
1271,2437,540.36,3,230.59,8,2508,303.48,3,194.24,8,2536,487.93,3,176.44,8,2566,316.97,3,241.36,8,2785,313.06,3,178.45,9,2815,257.58,3,65.56,8,2875,307.98,3,172.58,8,2880,563.91,3,217.44,9,2883,293.55,3,71.14,9,2895,360.71,3,2.18,9,2916,534.84,3,226.8,9,2936,534.12,3,276.71,9,2957,342.61,3,241.91,8,
1272,2437,538.86,3,230.49,8,2508,311.59,3,219.72,8,2536,505.82,3,194.44,8,2785,318.04,3,167.06,9,2815,248.66,3,75.29,8,2875,304.01,3,148.37,8,2880,567.84,3,221.85,9,2883,312.25,3,50.21,9,2895,355.51,3,6.01,9,2916,518.36,3,206.95,9,2936,543.96,3,289.25,9,2957,342.96,3,243.22,8,
1273,2437,537.19,3,230.72,8,2508,321.53,3,245.21,8,2536,519.73,3,208.44,8,2785,320.91,3,159.62,9,2815,239.67,3,85.2,8,2875,301.89,3,122.94,8,2880,567.34,3,222.35,9,2883,327.51,3,33.35,9,2895,352.85,3,12.76,9,2916,498.63,3,184.65,9,2936,550.72,3,297.8,9,2957,343.14,3,245.62,8,
1274,2437,535.32,3,231.55,8,2536,530.24,3,219.01,8,2785,322.71,3,155.11,9,2815,230.2,3,95.74,8,2875,301.91,3,97.52,8,2880,564.98,3,221.13,9,2883,338.79,3,21.01,9,2895,349.69,3,21.91,9,2916,474.53,3,161.44,9,2957,340.06,3,247.4,8,
1275,2437,533.7,3,232.98,8,2536,536.28,3,225.09,8,2785,325.16,3,148.48,9,2815,221.18,3,105.89,8,2875,304.07,3,72.15,8,2880,561.54,3,219.38,9,2883,346.46,3,12.7,9,2895,346.1,3,33.16,9,2916,447.7,3,141.51,9,2957,334.84,3,247.28,8,2961,475.08,3,163.96,9,
1276,2437,532.53,3,234.67,8,2536,540.17,3,229.18,8,2785,328.12,3,139.96,9,2815,212.4,3,115.9,8,2875,309.13,3,47.23,8,2880,556.97,3,217.28,9,2883,350.81,3,8.03,9,2895,342.16,3,46.93,9,2916,419.77,3,127.62,9,2957,327.78,3,247.3,8,2961,477.31,3,166.08,9,
1277,2437,531.96,3,235.78,8,2536,540.99,3,230.68,8,2785,331.36,3,129.76,9,2815,203.55,3,126.12,8,2875,317.16,3,23.07,8,2880,551.77,3,215.22,9,2883,355.1,3,4.05,9,2895,338.28,3,63.19,9,2912,536.31,3,243.15,8,2913,549.39,3,298.51,9,2916,394.55,3,122.15,9,2957,319.53,3,247.64,8,2961,480.88,3,169.47,9,
1278,2437,531.75,3,236.26,8,2536,540.12,3,230.56,8,2785,334.19,3,116.96,9,2815,194.61,3,136.62,8,2875,326.09,3,10.55,8,2880,545.49,3,213.26,9,2883,354.26,3,8.88,9,2895,334.93,3,81.48,9,2912,533.18,3,241.4,8,2913,542.19,3,289.46,9,2916,374.35,3,123.48,9,2957,309.24,3,248.56,8,2961,486.53,3,174.86,9,
1279,2437,531.74,3,236.31,8,2536,538.83,3,230.49,8,2785,335.53,3,101.73,9,2815,186.26,3,146.61,8,2875,336.69,3,30.51,8,2880,538.34,3,211.84,9,2883,351.27,3,17.25,9,2895,332.63,3,98.92,9,2912,530.44,3,241.1,8,2913,533.57,3,278.53,9,2916,358.28,3,127.0,9,2961,494.39,3,182.39,9,
1280,2437,531.5,3,236.81,8,2536,537.28,3,230.69,8,2729,295.5,3,296.75,9,2785,337.65,3,84.33,9,2815,177.75,3,157.14,8,2875,348.44,3,54.09,8,2880,531.94,3,211.38,9,2883,347.67,3,28.1,9,2895,331.49,3,112.21,9,2912,529.5,3,243.57,8,2913,524.02,3,266.27,9,2916,345.89,3,130.04,9,2932,322.76,3,225.23,8,2936,549.6,3,298.78,9,2961,503.91,3,192.32,9,
1281,2437,531.1,3,237.78,8,2536,535.59,3,231.36,8,2729,292.64,3,265.52,9,2785,341.0,3,65.21,9,2815,169.9,3,167.44,8,2875,361.45,3,78.14,8,2880,527.83,3,211.53,9,2883,343.95,3,40.41,9,2895,329.97,3,121.25,9,2912,528.91,3,247.37,8,2913,513.45,3,252.55,9,2916,337.42,3,132.86,9,2932,314.57,3,199.67,8,2936,545.58,3,293.74,9,2961,511.64,3,201.2,9,
1282,2437,530.53,3,239.47,8,2536,534.05,3,232.6,8,2729,293.99,3,236.28,9,2785,345.76,3,45.05,9,2815,162.32,3,177.72,8,2875,375.6,3,102.32,8,2880,525.86,3,211.76,9,2883,340.24,3,54.37,9,2895,328.93,3,126.18,9,2913,501.89,3,237.3,9,2916,333.63,3,135.39,9,2932,308.3,3,174.15,8,2936,540.4,3,287.2,9,2961,515.91,3,206.09,9,
1283,2437,529.92,3,241.79,8,2536,532.77,3,234.25,8,2729,299.48,3,212.1,9,2785,350.69,3,28.2,9,2815,155.3,3,187.66,8,2875,391.1,3,126.26,8,2880,524.19,3,213.49,9,2883,336.76,3,70.89,9,2895,328.61,3,127.71,9,2913,489.29,3,220.37,9,2916,328.76,3,140.34,9,2932,303.97,3,148.07,8,2936,533.8,3,278.82,9,2961,518.63,3,208.21,9,
1284,2437,529.28,3,244.76,8,2536,532.06,3,235.58,8,2729,306.89,3,192.22,9,2785,354.77,3,15.88,9,2815,148.35,3,197.99,8,2875,408.46,3,150.53,8,2880,526.9,3,218.88,9,2883,333.88,3,88.57,9,2895,327.78,3,130.76,9,2913,475.16,3,200.91,9,2916,323.02,3,147.99,9,2932,301.83,3,121.41,8,2936,525.28,3,267.91,9,2961,517.92,3,206.45,9,
1285,2437,528.76,3,248.86,8,2536,531.26,3,237.35,8,2729,313.82,3,176.85,9,2785,357.58,3,8.12,9,2815,142.0,3,208.01,8,2875,428.14,3,175.32,8,2880,532.24,3,225.62,9,2883,332.19,3,103.34,9,2895,326.08,3,136.17,9,2913,459.67,3,178.96,9,2916,317.79,3,158.87,9,2932,302.0,3,95.66,8,2936,515.77,3,255.57,9,2961,514.64,3,202.69,9,
1286,2536,530.4,3,239.9,8,2729,318.68,3,165.41,9,2785,358.36,3,1.44,9,2815,136.32,3,217.65,8,2875,448.59,3,200.3,8,2880,539.29,3,234.28,9,2883,331.19,3,115.89,9,2895,323.59,3,143.39,9,2913,443.76,3,155.58,9,2916,312.62,3,171.82,9,2932,304.46,3,69.11,8,2936,504.61,3,240.91,9,2961,509.78,3,197.09,9,
1287,2536,529.66,3,242.87,8,2729,321.55,3,157.98,9,2785,354.42,3,5.37,9,2815,130.83,3,227.8,8,2875,468.71,3,224.89,8,2880,547.75,3,244.58,9,2883,329.35,3,124.15,9,2895,320.28,3,152.52,9,2913,427.13,3,129.96,9,2916,306.24,3,185.66,9,2932,307.7,3,43.13,8,2936,492.01,3,224.04,9,2961,503.58,3,189.92,9,
1288,2536,529.03,3,246.42,8,2729,325.2,3,148.34,9,2785,349.02,3,11.29,9,2815,126.1,3,237.55,8,2875,489.41,3,249.68,8,2880,558.39,3,257.45,9,2883,326.72,3,134.34,9,2895,316.04,3,163.43,9,2913,409.95,3,101.83,9,2916,299.66,3,201.57,9,2932,315.74,3,17.39,8,2936,478.11,3,205.02,9,2961,495.41,3,181.53,9,
1289,2729,329.27,3,136.58,9,2785,342.01,3,18.91,9,2815,121.91,3,247.46,8,2880,571.29,3,272.91,9,2883,322.56,3,146.33,9,2895,310.61,3,176.17,9,2913,393.18,3,72.38,9,2916,294.17,3,219.5,9,2932,322.49,3,10.16,8,2936,463.27,3,184.14,9,2961,484.5,3,170.99,9,
1290,2729,332.9,3,122.69,9,2785,332.82,3,28.97,9,2880,584.26,3,288.31,9,2883,317.54,3,159.5,9,2895,303.97,3,190.9,9,2913,377.77,3,43.56,9,2916,290.3,3,240.21,9,2932,334.38,3,36.24,8,2936,447.75,3,161.53,9,2961,471.23,3,158.82,9,
1291,2729,335.08,3,106.85,9,2785,321.94,3,40.99,9,2880,593.68,3,299.23,9,2883,311.41,3,174.47,9,2895,297.53,3,207.3,9,2913,364.2,3,15.3,9,2916,289.43,3,263.27,9,2932,347.45,3,61.84,8,2936,432.82,3,138.87,9,2961,455.43,3,147.0,9,
1292,2729,337.0,3,89.0,9,2785,308.94,3,55.48,9,2883,304.11,3,190.56,9,2895,292.72,3,225.54,9,2913,352.72,3,13.12,9,2916,291.24,3,288.11,9,2932,362.26,3,88.15,8,2936,418.23,3,115.64,9,2961,438.31,3,135.21,9,
1293,2729,340.22,3,69.15,9,2785,294.79,3,71.42,9,2883,297.23,3,208.25,9,2895,289.91,3,245.58,9,2913,343.48,3,42.12,9,2932,378.12,3,113.89,8,2936,404.32,3,92.16,9,2961,419.47,3,127.51,9,
1294,2698,539.11,3,245.19,8,2729,344.99,3,47.89,9,2785,278.91,3,89.59,9,2883,292.12,3,228.27,9,2895,289.48,3,267.68,9,2913,337.39,3,67.57,9,2932,396.33,3,140.03,8,2936,391.2,3,68.79,9,2957,143.16,3,292.09,9,2961,399.32,3,122.64,9,
1295,2698,517.28,3,224.94,8,2729,349.77,3,31.15,9,2785,262.92,3,108.25,9,2883,289.66,3,250.64,9,2895,291.74,3,291.9,9,2913,333.87,3,88.68,9,2932,415.81,3,165.41,8,2936,378.64,3,45.27,9,2957,149.83,3,271.58,9,2961,378.51,3,122.81,9,
1296,2698,495.61,3,205.17,8,2729,353.76,3,18.82,9,2785,247.93,3,126.14,9,2883,289.91,3,274.76,9,2900,332.41,3,299.28,9,2913,332.02,3,105.29,9,2932,436.93,3,191.05,8,2936,367.72,3,22.98,9,2957,158.79,3,251.27,9,2961,362.17,3,126.32,9,
1297,2698,474.12,3,185.91,8,2729,356.76,3,10.29,9,2785,232.54,3,145.03,9,2900,342.91,3,299.02,9,2913,330.85,3,117.38,9,2932,458.36,3,217.03,8,2936,357.79,3,1.14,9,2957,169.99,3,230.51,9,2961,348.83,3,129.21,9,
1298,2698,452.79,3,167.34,8,2729,358.36,3,5.1,9,2785,218.46,3,162.96,9,2900,353.86,3,299.22,9,2913,329.19,3,124.91,9,2932,480.57,3,243.54,8,2936,349.24,3,23.23,9,2957,182.99,3,209.55,9,2961,339.66,3,132.06,9,
1299,2698,431.04,3,149.23,8,2729,357.05,3,1.99,9,2785,204.77,3,181.35,9,2900,365.1,3,299.89,9,2913,328.54,3,128.11,9,2936,342.32,3,46.33,9,2957,197.09,3,188.97,9,2961,334.59,3,134.68,9,
1300,2698,409.35,3,132.38,8,2729,350.49,3,9.7,9,2785,192.09,3,199.43,9,2913,328.52,3,128.2,9,2934,332.05,3,249.2,8,2936,337.07,3,69.23,9,2957,211.9,3,168.87,9,2961,328.78,3,140.32,9,
1301,2698,387.41,3,117.0,8,2729,341.27,3,19.71,9,2785,180.02,3,218.04,9,2913,328.52,3,128.22,9,2934,324.55,3,230.14,8,2936,333.93,3,88.26,9,2957,227.38,3,149.09,9,2961,322.78,3,148.33,9,
1302,2698,365.89,3,104.01,8,2729,330.54,3,31.49,9,2785,168.97,3,236.94,9,2913,328.51,3,128.23,9,2934,317.73,3,210.23,8,2936,332.24,3,102.81,9,2957,244.42,3,128.22,9,2961,317.77,3,158.91,9,
1303,2698,344.21,3,93.88,8,2712,560.03,3,248.5,8,2729,318.53,3,44.78,9,2785,159.91,3,254.76,9,2913,328.5,3,128.24,9,2934,312.22,3,191.0,8,2936,331.44,3,113.01,9,2957,261.61,3,107.81,9,2961,312.98,3,171.01,9,
1304,2698,321.96,3,87.54,8,2729,304.63,3,60.31,9,2785,152.4,3,272.6,9,2913,328.5,3,128.24,9,2934,307.78,3,171.61,8,2936,330.55,3,118.66,9,2957,279.42,3,87.2,9,2961,306.57,3,184.89,9,3004,385.02,3,75.69,9,
1305,2698,300.73,3,85.72,8,2729,288.77,3,78.27,9,2785,146.54,3,290.92,9,2913,328.5,3,128.24,9,2934,304.46,3,151.81,8,2936,330.1,3,120.7,9,2957,297.31,3,66.9,9,2961,300.22,3,200.12,9,3004,383.25,3,75.6,9,
1306,2698,279.49,3,89.08,8,2729,271.49,3,98.2,9,2913,328.5,3,128.24,9,2934,302.44,3,132.57,8,2936,330.07,3,120.79,9,2957,315.57,3,46.52,9,2961,294.64,3,217.67,9,2972,543.13,3,248.97,8,3004,381.44,3,75.57,9,
1307,2698,258.14,3,96.43,8,2729,252.67,3,120.43,9,2913,328.5,3,128.24,9,2934,301.65,3,113.36,8,2936,330.07,3,120.82,9,2957,329.99,3,30.63,9,2961,290.53,3,238.01,9,2972,521.33,3,228.66,8,3004,379.46,3,75.59,9,
1308,2698,235.99,3,107.73,8,2729,232.69,3,144.85,9,2913,328.5,3,128.24,9,2934,302.05,3,94.52,8,2936,330.07,3,120.83,9,2957,340.4,3,19.26,9,2961,289.43,3,260.56,9,2972,499.49,3,208.69,8,3004,377.82,3,75.66,9,
1309,2698,214.89,3,120.87,8,2729,213.62,3,169.33,9,2815,182.29,3,296.4,9,2913,327.86,3,130.49,9,2934,303.74,3,74.87,8,2936,330.07,3,120.83,9,2957,347.93,3,11.11,9,2961,290.86,3,284.83,9,2972,477.53,3,188.93,8,3004,375.58,3,75.82,9,
1310,2698,193.64,3,136.26,8,2729,195.69,3,194.18,9,2815,190.21,3,290.31,9,2843,293.38,3,278.49,9,2913,326.73,3,134.32,9,2934,306.58,3,55.83,8,2936,329.63,3,122.82,9,2957,352.63,3,6.09,9,2972,456.08,3,170.16,8,3004,373.4,3,76.05,9,
1311,2698,171.38,3,153.96,8,2729,179.75,3,218.49,9,2815,198.32,3,284.4,9,2843,292.81,3,252.51,9,2913,324.84,3,139.84,9,2934,312.44,3,37.79,8,2936,328.86,3,126.49,9,2957,355.31,3,4.69,9,2972,435.08,3,152.5,8,3004,372.01,3,76.23,9,
1312,2698,149.52,3,172.39,8,2729,165.82,3,242.82,9,2815,206.72,3,278.6,9,2843,295.9,3,226.24,9,2913,322.11,3,147.61,9,2934,318.52,3,19.41,8,2936,327.5,3,131.72,9,2957,353.94,3,9.75,9,2972,414.13,3,135.98,8,3004,369.93,3,76.56,9,
1313,2698,128.25,3,191.11,8,2729,154.27,3,267.75,9,2815,215.36,3,272.95,9,2843,302.3,3,203.72,9,2913,318.64,3,156.69,9,2934,325.49,3,10.07,8,2936,325.34,3,138.33,9,2957,351.26,3,17.28,9,2972,392.2,3,120.18,8,3004,368.41,3,76.84,9,
1314,2698,106.92,3,210.53,8,2729,146.08,3,292.74,9,2815,224.77,3,267.18,9,2843,309.57,3,186.04,9,2913,314.35,3,167.74,9,2934,333.43,3,23.74,8,2936,322.46,3,146.61,9,2957,347.9,3,27.39,9,2972,371.15,3,106.99,8,3004,367.09,3,77.12,9,
1315,2698,86.15,3,230.01,8,2815,233.61,3,262.1,9,2843,315.74,3,172.68,9,2913,308.43,3,180.8,9,2934,342.06,3,41.53,8,2936,318.44,3,157.2,9,2957,344.31,3,39.19,9,2972,349.25,3,95.9,8,3004,365.23,3,77.55,9,
1316,2815,242.55,3,257.29,9,2843,319.66,3,162.86,9,2913,301.8,3,196.16,9,2934,351.45,3,59.83,8,2936,313.81,3,169.05,9,2957,340.48,3,53.4,9,2972,327.93,3,88.96,8,3004,363.2,3,78.07,9,
1317,2536,428.58,3,242.06,8,2815,251.5,3,252.83,9,2843,321.87,3,157.17,9,2913,295.58,3,214.1,9,2934,362.17,3,79.42,8,2936,307.53,3,182.77,9,2957,337.07,3,69.19,9,2972,306.6,3,85.7,8,3004,361.24,3,78.64,9,
1318,2536,422.6,3,230.96,8,2815,261.18,3,248.39,9,2843,324.63,3,149.96,9,2913,290.97,3,234.56,9,2934,373.51,3,98.85,8,2936,300.93,3,198.32,9,2956,532.21,3,249.59,8,2957,334.07,3,87.26,9,2972,285.78,3,87.56,8,3004,359.91,3,79.06,9,
1319,2536,417.03,3,220.23,8,2815,270.68,3,244.44,9,2843,327.69,3,141.22,9,2913,289.46,3,258.0,9,2934,385.41,3,117.77,8,2936,294.94,3,216.54,9,2956,532.71,3,246.61,8,2957,332.19,3,103.42,9,2972,264.77,3,93.75,8,3004,357.55,3,79.86,9,
1320,2536,406.88,3,215.39,8,2815,280.59,3,240.74,9,2843,331.15,3,130.49,9,2913,290.7,3,283.31,9,2934,398.8,3,137.15,8,2936,290.6,3,237.39,9,2956,533.11,3,244.86,8,2957,331.31,3,115.13,9,2972,243.79,3,103.45,8,3004,355.34,3,80.68,9,
1321,2536,396.32,3,211.73,8,2843,333.91,3,118.18,9,2934,412.97,3,156.46,8,2936,289.44,3,259.81,9,2956,534.03,3,244.08,8,2957,329.44,3,123.7,9,2972,222.48,3,115.87,8,3004,353.58,3,81.38,9,
1322,2536,385.86,3,208.62,8,2843,335.36,3,103.64,9,2934,428.82,3,176.15,8,2936,290.59,3,282.3,9,2956,537.67,3,246.43,8,2957,328.59,3,127.82,9,2972,201.09,3,130.66,8,3004,351.3,3,82.34,9,
1323,2536,376.12,3,206.21,8,2698,93.81,3,291.44,9,2843,337.18,3,87.64,9,2934,444.68,3,195.48,8,2957,327.06,3,133.29,9,2972,180.24,3,146.77,8,3004,349.88,3,82.98,9,
1324,2536,366.66,3,204.35,8,2698,115.73,3,275.08,9,2843,340.07,3,69.97,9,2934,460.15,3,214.5,8,2957,324.58,3,140.63,9,2972,158.6,3,164.63,8,3004,347.82,3,83.94,9,
1325,2536,357.07,3,202.96,8,2698,137.61,3,260.38,9,2843,344.3,3,50.57,9,2934,476.62,3,234.42,8,2957,321.17,3,150.12,9,2972,137.63,3,182.77,8,3004,345.99,3,84.84,9,
1326,2536,346.96,3,202.06,8,2698,159.64,3,247.53,9,2843,350.32,3,29.36,9,2957,316.91,3,161.15,9,2972,116.95,3,201.32,8,3004,343.63,3,86.05,9,3020,595.43,3,299.52,9,
1327,2536,337.62,3,201.75,8,2698,181.56,3,237.04,9,2843,358.41,3,6.03,9,2957,311.93,3,173.32,9,2972,96.01,3,220.69,8,3004,342.19,3,86.83,9,3020,588.12,3,291.04,9,
1328,2536,330.13,3,203.62,8,2698,202.77,3,226.51,9,2843,368.12,3,17.73,9,2957,305.45,3,187.44,9,2972,74.78,3,240.94,8,3004,340.65,3,87.69,9,3020,578.81,3,280.02,9,
1329,2536,332.98,3,213.65,8,2698,223.88,3,215.83,9,2843,376.95,3,36.42,9,2957,299.04,3,203.21,9,3004,338.96,3,88.65,9,3020,568.0,3,267.11,9,
1330,2536,336.39,3,224.53,8,2698,244.46,3,202.85,9,2843,384.15,3,50.65,9,2957,293.83,3,220.91,9,3004,337.06,3,89.78,9,3020,555.57,3,252.12,9,
1331,2698,264.64,3,189.93,9,2843,389.65,3,61.06,9,2957,290.27,3,240.56,9,3004,335.51,3,90.72,9,3020,541.22,3,234.64,9,
1332,2698,284.17,3,176.39,9,2843,392.87,3,66.97,9,2957,289.43,3,262.19,9,3004,333.56,3,91.94,9,3020,525.73,3,215.6,9,
1333,2698,302.83,3,161.68,9,2843,393.04,3,69.47,9,2957,290.97,3,285.81,9,3004,331.3,3,93.4,9,3020,507.63,3,194.61,9,
1334,2698,320.22,3,147.13,9,2843,390.66,3,67.8,9,3004,329.19,3,94.81,9,3020,485.93,3,172.37,9,3046,535.39,3,238.39,8,
1335,2698,338.35,3,135.98,9,2843,388.03,3,63.01,9,3004,327.32,3,96.09,9,3020,461.18,3,151.22,9,3046,535.65,3,237.92,8,
1336,2698,358.37,3,130.35,9,2785,431.71,3,247.73,8,2843,384.64,3,56.73,9,2972,101.75,3,285.39,9,3004,325.79,3,97.16,9,3020,435.51,3,133.92,9,3046,536.06,3,237.22,8,
1337,2698,378.36,3,126.21,9,2785,425.4,3,236.21,8,2843,380.53,3,48.93,9,2972,122.72,3,270.23,9,3004,323.96,3,98.46,9,3020,410.44,3,124.75,9,3046,536.77,3,236.27,8,
1338,2698,398.08,3,125.55,9,2785,419.37,3,224.78,8,2843,375.25,3,38.56,9,2972,144.18,3,256.35,9,3004,321.9,3,99.96,9,3020,387.12,3,121.98,9,3046,537.86,3,235.18,8,
1339,2698,418.65,3,129.96,9,2785,411.04,3,216.97,8,2843,369.36,3,26.47,9,2972,166.13,3,244.47,9,3004,319.63,3,101.66,9,3020,368.64,3,124.66,9,3046,539.41,3,234.23,8,
1340,2698,439.33,3,138.13,9,2785,400.71,3,213.19,8,2843,362.85,3,12.3,9,2972,187.46,3,234.03,9,3004,317.74,3,103.09,9,3020,353.65,3,127.98,9,3046,541.44,3,233.71,8,
1341,2698,461.33,3,153.4,9,2785,390.62,3,209.97,8,2972,208.22,3,223.93,9,3004,316.25,3,104.25,9,3020,342.62,3,131.07,9,3046,542.95,3,233.72,8,
1342,2698,483.44,3,171.91,9,2785,380.63,3,207.27,8,2950,294.71,3,290.78,9,2972,229.61,3,212.49,9,3004,314.0,3,106.02,9,3020,335.87,3,133.74,9,3046,543.78,3,233.84,8,
1343,2698,504.64,3,193.16,9,2785,370.0,3,204.95,8,2950,292.7,3,268.87,9,2972,250.16,3,199.12,9,3004,312.2,3,107.46,9,3020,329.16,3,139.89,9,3046,544.19,3,233.26,8,
1344,2698,523.39,3,214.8,9,2785,359.25,3,203.24,8,2950,293.07,3,246.86,9,2972,270.29,3,185.85,9,3004,309.9,3,109.33,9,3020,322.6,3,148.64,9,3046,539.03,3,227.43,8,
1345,2559,467.45,3,231.36,8,2698,540.84,3,236.17,9,2785,349.1,3,202.2,8,2911,294.56,3,289.55,9,2950,296.26,3,224.67,9,2972,287.47,3,173.64,9,3004,308.18,3,110.76,9,3020,317.08,3,160.72,9,3046,530.87,3,219.16,8,
1346,2559,444.43,3,203.8,8,2698,558.58,3,257.69,9,2785,338.96,3,201.76,8,2911,292.63,3,261.66,9,2950,302.61,3,202.9,9,2972,300.15,3,163.67,9,3004,305.91,3,112.66,9,3020,311.36,3,174.6,9,3046,520.28,3,208.5,8,
1347,2559,420.82,3,176.75,8,2698,572.97,3,274.91,9,2785,329.86,3,202.59,8,2911,294.18,3,234.94,9,2950,309.88,3,185.35,9,2972,309.27,3,156.68,9,3004,304.05,3,114.26,9,3020,304.12,3,190.54,9,3046,508.32,3,196.45,8,3065,299.05,3,21.81,8,
1348,2559,397.44,3,149.29,8,2698,585.16,3,289.37,9,2785,333.0,3,213.69,8,2911,299.47,3,212.16,9,2950,316.0,3,172.05,9,2972,315.71,3,150.81,9,3004,301.84,3,116.17,9,3020,297.17,3,208.43,9,3046,494.63,3,182.65,8,3065,296.96,3,23.9,8,
1349,2559,376.6,3,122.03,8,2698,593.8,3,299.36,9,2785,336.45,3,224.71,8,2911,306.04,3,194.26,9,2914,295.56,3,297.18,9,2950,319.76,3,162.59,9,2972,318.88,3,148.37,9,3004,299.86,3,117.9,9,3020,291.98,3,228.9,9,3046,478.87,3,166.77,8,3065,293.06,3,27.87,8,
1350,2559,358.95,3,94.64,8,2911,311.96,3,180.78,9,2914,292.76,3,269.93,9,2950,322.0,3,156.88,9,2972,321.14,3,148.64,9,3004,297.86,3,119.68,9,3020,289.61,3,251.92,9,3046,461.8,3,149.55,8,3065,286.86,3,34.29,8,
1351,2559,344.41,3,69.25,8,2911,316.38,3,171.16,9,2914,293.35,3,242.49,9,2950,325.95,3,149.1,9,2972,320.43,3,151.97,9,3004,296.33,3,121.05,9,3020,290.06,3,276.66,9,3046,442.82,3,130.39,8,3065,278.68,3,42.9,8,
1352,2559,333.41,3,48.38,8,2911,319.93,3,162.17,9,2914,297.41,3,219.93,9,2950,332.3,3,140.81,9,2972,318.87,3,156.11,9,3004,294.55,3,122.66,9,3046,422.48,3,109.85,8,3065,269.7,3,52.48,8,
1353,2559,325.19,3,31.46,8,2911,321.81,3,157.35,9,2914,303.42,3,200.8,9,2950,342.37,3,134.59,9,2972,316.45,3,162.34,9,3004,292.28,3,124.75,9,3040,323.25,3,226.6,8,3046,400.19,3,87.19,8,3065,261.2,3,61.64,8,
1354,2559,319.45,3,18.77,8,2911,324.33,3,150.73,9,2914,309.8,3,185.54,9,2950,355.73,3,130.9,9,2972,313.22,3,170.44,9,3004,290.44,3,126.45,9,3040,314.34,3,198.85,8,3046,378.76,3,64.76,8,3065,252.45,3,71.15,8,
1355,2559,317.1,3,10.54,8,2911,327.53,3,141.73,9,2914,315.97,3,172.13,9,2950,370.34,3,127.74,9,2972,308.47,3,180.71,9,3004,288.89,3,127.9,9,3040,307.33,3,169.33,8,3046,361.69,3,46.9,8,3065,243.98,3,80.44,8,
1356,2559,322.96,3,8.2,8,2911,331.11,3,130.63,9,2914,319.83,3,162.42,9,2950,386.27,3,125.32,9,2972,303.36,3,192.34,9,3004,287.51,3,129.2,9,3040,299.7,3,137.92,8,3046,348.41,3,33.08,8,3065,234.75,3,90.66,8,
1357,2559,332.05,3,16.54,8,2911,334.06,3,117.5,9,2914,322.12,3,156.58,9,2950,404.49,3,126.39,9,2972,298.12,3,205.68,9,3004,285.46,3,131.15,9,3040,298.47,3,105.86,8,3046,339.4,3,23.86,8,3065,225.77,3,100.7,8,
1358,2559,343.02,3,27.93,8,2911,335.5,3,102.13,9,2914,325.57,3,149.66,9,2950,425.64,3,132.38,9,2972,293.62,3,221.76,9,3004,283.24,3,133.29,9,3040,300.7,3,73.49,8,3046,334.24,3,18.75,8,3065,216.63,3,111.06,8,
1359,2559,356.26,3,41.85,8,2911,337.61,3,84.59,9,2914,331.64,3,141.54,9,2950,448.21,3,144.08,9,2972,290.35,3,239.65,9,3004,281.41,3,135.06,9,3040,308.26,3,41.06,8,3046,333.28,3,17.83,8,3065,208.47,3,120.41,8,
1360,2559,371.99,3,58.4,8,2874,530.77,3,237.42,8,2911,340.9,3,65.7,9,2914,340.78,3,135.13,9,2950,471.26,3,160.81,9,2972,289.43,3,260.16,9,3004,279.2,3,137.22,9,3040,318.46,3,10.65,8,3046,333.24,3,17.8,8,3065,199.96,3,130.32,8,
1361,2559,390.15,3,77.44,8,2874,505.31,3,213.99,8,2911,345.82,3,44.78,9,2914,353.04,3,131.52,9,2950,493.98,3,181.99,9,2972,290.48,3,281.21,9,3004,277.52,3,138.89,9,3040,331.71,3,25.1,8,3046,331.93,3,16.59,8,3065,192.02,3,139.7,8,
1362,2559,411.06,3,99.01,8,2874,480.88,3,191.92,8,2911,350.8,3,27.85,9,2914,367.38,3,128.46,9,2950,514.45,3,204.41,9,3004,275.87,3,140.54,9,3040,347.22,3,56.53,8,3046,329.69,3,15.06,8,3065,184.09,3,149.23,8,
1363,2559,432.47,3,120.58,8,2874,456.24,3,170.3,8,2911,354.92,3,15.46,9,2914,383.12,3,125.61,9,2950,532.96,3,226.5,9,3004,274.3,3,142.1,9,3040,364.94,3,88.46,8,3046,331.01,3,18.76,8,3065,175.99,3,159.42,8,
1364,2559,454.68,3,142.96,8,2874,431.08,3,149.25,8,2911,357.75,3,7.64,9,2914,401.33,3,125.94,9,2950,551.29,3,248.88,9,3004,272.78,3,143.63,9,3040,385.19,3,120.95,8,3046,334.43,3,25.83,8,3065,168.08,3,169.86,8,
1365,2559,476.35,3,164.78,8,2874,406.79,3,130.49,8,2911,361.81,3,5.08,9,2914,422.17,3,131.13,9,2950,567.9,3,268.87,9,3004,271.22,3,145.22,9,3040,408.37,3,153.41,8,3046,339.01,3,35.33,8,3065,160.84,3,179.78,8,
1366,2559,497.67,3,186.23,8,2874,382.12,3,113.61,8,2911,367.63,3,10.58,9,2914,445.62,3,142.31,9,2950,581.74,3,285.32,9,3004,269.54,3,146.94,9,3040,434.89,3,186.08,8,3046,344.5,3,46.39,8,3065,154.37,3,189.01,8,
1367,2559,514.73,3,203.4,8,2874,357.7,3,99.75,8,2911,375.1,3,18.62,9,2914,472.45,3,161.72,9,2950,592.02,3,297.31,9,3004,268.23,3,148.28,9,3040,461.05,3,217.92,8,3046,351.03,3,59.07,8,3065,147.96,3,198.59,8,
1368,2559,527.75,3,216.5,8,2874,333.46,3,90.39,8,2911,384.14,3,28.38,9,2914,498.76,3,186.59,9,3004,266.04,3,150.55,9,3046,358.91,3,73.6,8,3065,141.97,3,208.07,8,
1369,2559,536.31,3,225.12,8,2874,309.04,3,85.82,8,2911,394.77,3,39.8,9,2914,522.7,3,213.97,9,3004,264.42,3,152.25,9,3046,368.02,3,89.58,8,3065,135.83,3,218.5,8,3096,517.47,3,239.63,8,
1370,2559,540.76,3,229.92,8,2874,283.57,3,88.05,8,2911,407.5,3,53.44,9,2914,543.97,3,240.0,9,3004,262.82,3,153.92,9,3046,378.58,3,107.2,8,3065,130.57,3,228.29,8,3096,515.03,3,237.51,8,3098,309.07,3,179.43,9,
1371,2559,540.54,3,230.62,8,2798,293.42,3,278.95,9,2874,259.25,3,95.95,8,2911,422.52,3,69.45,9,2914,561.96,3,261.74,9,3004,261.28,3,155.56,9,3046,391.23,3,126.44,8,3065,125.77,3,238.28,8,3096,511.04,3,234.04,8,3098,308.05,3,181.63,9,
1372,2559,539.01,3,230.48,8,2798,292.69,3,256.35,9,2874,234.54,3,108.55,8,2911,439.64,3,87.61,9,2914,576.42,3,279.01,9,3004,260.02,3,156.89,9,3046,406.44,3,147.75,8,3065,121.45,3,248.65,8,3096,504.6,3,228.5,8,3098,306.22,3,185.71,9,
1373,2559,537.3,3,230.68,8,2798,294.26,3,234.32,9,2874,210.01,3,124.23,8,2911,459.0,3,108.05,9,2914,587.68,3,292.28,9,2965,293.68,3,281.74,9,3004,258.27,3,158.77,9,3046,425.02,3,171.47,8,3096,496.2,3,221.34,8,3098,303.46,3,192.11,9,
1374,2559,535.38,3,231.51,8,2798,299.2,3,213.12,9,2874,185.14,3,142.87,8,2911,480.67,3,130.82,9,2965,292.67,3,257.5,9,3004,256.59,3,160.57,9,3046,446.4,3,197.6,8,3096,485.66,3,212.49,8,3098,300.08,3,200.48,9,
1375,2559,533.54,3,233.16,8,2798,306.33,3,193.58,9,2874,160.89,3,162.7,8,2911,504.15,3,155.36,9,2965,294.31,3,234.04,9,3004,254.57,3,162.76,9,3046,469.77,3,226.18,8,3096,472.95,3,202.03,8,3098,296.51,3,210.74,9,3104,289.73,3,249.01,9,
1376,2559,532.47,3,234.77,8,2798,313.01,3,178.54,9,2874,135.95,3,184.25,8,2911,529.97,3,182.25,9,2965,299.58,3,211.79,9,3004,253.46,3,163.97,9,3096,459.01,3,190.88,8,3098,293.94,3,220.46,9,3100,329.6,3,243.24,8,3104,289.65,3,251.04,9,
1377,2559,531.91,3,235.89,8,2798,318.16,3,166.76,9,2874,111.88,3,205.96,8,2911,557.83,3,211.14,9,2965,305.99,3,194.38,9,3004,251.68,3,165.92,9,3096,445.3,3,180.31,8,3098,291.4,3,231.87,9,3100,325.69,3,233.23,8,3104,289.53,3,254.43,9,
1378,2559,531.19,3,237.54,8,2798,321.18,3,158.93,9,2874,87.24,3,228.98,8,2911,585.0,3,239.14,9,2965,311.68,3,181.38,9,3004,250.18,3,167.59,9,3096,432.13,3,171.69,8,3098,290.27,3,240.54,9,3100,321.16,3,220.67,8,3104,289.44,3,259.87,9,
1379,2559,530.37,3,240.02,8,2798,322.76,3,154.98,9,2911,612.88,3,267.68,9,2965,316.14,3,171.74,9,3004,248.69,3,169.22,9,3096,419.19,3,164.02,8,3098,289.78,3,248.15,9,3100,316.35,3,205.75,8,3104,289.47,3,267.57,9,
1380,2559,529.52,3,243.53,8,2798,326.0,3,149.02,9,2911,641.18,3,296.61,9,2965,318.84,3,164.99,9,3004,246.64,3,171.52,9,3096,406.26,3,157.1,8,3098,289.47,3,257.21,9,3100,311.56,3,188.43,8,3104,290.07,3,276.66,9,
1381,2559,528.85,3,247.89,8,2798,331.25,3,141.99,9,2965,321.29,3,158.65,9,3004,245.32,3,173.02,9,3096,393.11,3,150.96,8,3098,289.46,3,266.15,9,3100,307.2,3,168.63,8,3104,291.17,3,287.44,9,3111,563.29,3,248.2,8,
1382,2798,339.18,3,135.68,9,2965,324.64,3,149.92,9,3004,243.82,3,174.71,9,3096,380.3,3,145.96,8,3098,290.05,3,276.49,9,3100,303.84,3,146.95,8,3104,292.78,3,299.73,9,3111,561.01,3,245.66,8,
1383,2798,350.28,3,132.22,9,2965,328.28,3,139.45,9,3004,242.39,3,176.33,9,3096,366.83,3,141.02,8,3098,291.28,3,288.32,9,3100,301.93,3,123.83,8,3111,558.24,3,242.72,8,
1384,2798,363.41,3,129.46,9,2965,332.08,3,126.59,9,3004,241.08,3,177.84,9,3096,353.62,3,136.62,8,3100,301.87,3,98.47,8,3111,555.03,3,239.53,8,
1385,2798,377.61,3,126.32,9,2874,91.57,3,293.22,9,2914,551.8,3,296.21,9,2965,334.78,3,110.86,9,3004,239.94,3,179.15,9,3096,340.55,3,133.47,8,3100,304.26,3,70.68,8,3111,551.45,3,236.34,8,
1386,2798,393.32,3,125.17,9,2874,115.9,3,274.95,9,2914,538.68,3,286.57,9,2965,336.44,3,93.41,9,3004,238.13,3,181.24,9,3096,327.28,3,129.64,8,3100,310.88,3,43.39,8,3111,548.38,3,234.01,8,3116,482.89,3,249.92,8,
1387,2798,411.32,3,127.82,9,2874,140.96,3,258.31,9,2914,525.91,3,277.47,9,2965,339.43,3,73.47,9,3004,236.08,3,183.63,9,3096,322.87,3,118.71,8,3100,319.52,3,16.95,8,3111,545.95,3,232.51,8,3116,477.08,3,242.97,8,
1388,2798,431.46,3,134.66,9,2874,165.5,3,244.77,9,2914,512.2,3,268.03,9,2965,343.89,3,52.2,9,3004,234.47,3,185.52,9,3096,322.69,3,111.14,8,3100,330.37,3,17.49,8,3111,544.64,3,231.87,8,3116,469.71,3,234.1,8,3124,294.49,3,289.04,9,
1389,2798,453.65,3,147.87,9,2874,190.96,3,232.31,9,2914,499.17,3,259.42,9,2965,349.13,3,33.23,9,3004,232.83,3,187.45,9,3096,322.68,3,107.36,8,3100,343.1,3,43.61,8,3111,543.17,3,231.08,8,3116,460.84,3,223.34,8,3124,294.33,3,287.67,9,
1390,2874,215.92,3,219.94,9,2914,486.31,3,251.3,9,2965,353.77,3,18.77,9,3004,230.98,3,189.65,9,3096,323.35,3,102.55,8,3100,357.3,3,70.68,8,3111,538.57,3,226.89,8,3116,450.26,3,210.41,8,3124,293.9,3,283.88,9,
1391,2874,240.05,3,205.64,9,2914,474.12,3,239.62,9,2965,357.56,3,8.15,9,3004,228.96,3,192.08,9,3096,329.26,3,100.62,8,3100,373.24,3,98.41,8,3111,532.87,3,221.18,8,3116,437.15,3,195.5,8,3124,293.33,3,278.01,9,
1392,2874,263.13,3,191.04,9,2914,464.89,3,226.04,9,2965,361.97,3,5.16,9,3004,227.92,3,193.33,9,3096,337.89,3,102.45,8,3100,390.58,3,125.5,8,3111,524.77,3,213.02,8,3116,422.37,3,178.54,8,3124,292.73,3,269.61,9,
1393,2874,284.75,3,175.9,9,2965,367.94,3,10.92,9,3004,226.05,3,195.6,9,3065,185.76,3,293.7,9,3096,348.24,3,105.55,8,3100,410.9,3,153.86,8,3111,514.29,3,202.46,8,3116,406.15,3,159.75,8,3124,292.65,3,259.28,9,
1394,2874,306.05,3,159.36,9,2965,375.4,3,18.95,9,3004,224.29,3,197.75,9,3065,193.97,3,287.54,9,3096,360.98,3,110.6,8,3100,433.62,3,182.04,8,3111,502.25,3,190.33,8,3116,393.44,3,144.12,8,3124,292.89,3,250.29,9,
1395,2965,384.25,3,28.5,9,3004,223.18,3,199.12,9,3065,202.3,3,281.62,9,3096,375.52,3,117.8,8,3100,456.96,3,210.59,8,3111,487.82,3,175.79,8,3116,384.8,3,132.85,8,3119,547.38,3,235.78,8,3124,293.17,3,244.96,9,
1396,2965,394.5,3,39.52,9,3004,221.68,3,200.98,9,3065,210.65,3,275.99,9,3096,392.03,3,127.43,8,3100,480.68,3,239.29,8,3111,470.89,3,158.72,8,3116,379.63,3,126.04,8,3119,526.14,3,214.4,8,3124,291.32,3,242.8,9,
1397,2965,406.09,3,51.93,9,3004,219.76,3,203.37,9,3065,219.17,3,270.57,9,3096,410.75,3,139.63,8,3111,451.53,3,139.18,8,3116,378.94,3,122.29,8,3119,503.65,3,191.75,8,3124,289.92,3,245.32,9,
1398,2965,419.7,3,66.45,9,3004,217.97,3,205.64,9,3065,227.34,3,265.67,9,3096,431.16,3,154.46,8,3111,430.33,3,117.78,8,3116,381.88,3,122.14,8,3119,480.88,3,168.8,8,3124,289.66,3,250.74,9,
1399,2965,435.71,3,83.45,9,3004,216.49,3,207.53,9,3065,235.53,3,261.04,9,3096,453.34,3,171.91,8,3111,409.95,3,97.18,8,3116,386.31,3,126.06,8,3119,458.7,3,146.42,8,3124,289.45,3,258.58,9,
1400,2965,453.08,3,101.81,9,3004,214.77,3,209.73,9,3065,244.91,3,256.08,9,3096,477.77,3,192.54,8,3111,389.4,3,75.9,8,3116,391.49,3,133.32,8,3119,436.21,3,123.71,8,3124,289.52,3,268.96,9,
1401,2965,472.26,3,121.99,9,3004,213.49,3,211.37,9,3065,254.42,3,251.45,9,3096,497.75,3,210.1,8,3111,370.13,3,55.74,8,3116,398.39,3,142.85,8,3119,413.88,3,101.16,8,3124,290.53,3,281.74,9,
1402,2965,493.32,3,144.05,9,3004,211.87,3,213.49,9,3065,263.76,3,247.29,9,3096,513.24,3,223.99,8,3111,354.69,3,39.6,8,3116,406.63,3,154.06,8,3119,392.01,3,78.63,8,3124,292.39,3,296.87,9,
1403,2965,515.92,3,167.64,9,3004,210.08,3,215.85,9,3065,273.25,3,243.45,9,3096,524.26,3,234.0,8,3111,343.55,3,28.08,8,3116,417.4,3,167.36,8,3119,374.32,3,60.12,8,
1404,2965,540.46,3,193.15,9,3004,208.22,3,218.32,9,3065,280.24,3,240.87,9,3096,530.04,3,238.19,8,3111,336.32,3,20.79,8,3116,430.26,3,183.01,8,3119,360.1,3,45.24,8,3147,365.75,3,12.45,9,
1405,2559,361.0,3,248.72,8,2965,566.71,3,220.32,9,3004,206.72,3,220.32,9,3065,284.8,3,239.38,9,3067,326.04,3,234.14,8,3096,534.17,3,239.63,8,3111,331.55,3,16.24,8,3116,444.49,3,200.17,8,3119,350.09,3,34.81,8,3147,366.68,3,14.54,9,
1406,2559,341.44,3,247.45,8,2965,594.33,3,248.69,9,3004,205.27,3,222.28,9,3065,288.85,3,239.62,9,3067,315.53,3,203.0,8,3096,535.46,3,238.25,8,3111,329.68,3,15.85,8,3116,460.37,3,219.44,8,3119,341.84,3,26.33,8,3147,368.34,3,18.22,9,
1407,2559,321.78,3,247.51,8,2965,622.22,3,277.24,9,3004,204.16,3,223.78,9,3065,289.98,3,244.42,9,3067,307.93,3,172.36,8,3096,536.65,3,236.4,8,3111,331.9,3,20.58,8,3116,477.79,3,240.24,8,3119,336.03,3,20.51,8,3147,371.06,3,24.11,9,
1408,2559,302.56,3,249.45,8,3004,202.38,3,226.23,9,3065,289.63,3,251.23,9,3067,303.16,3,140.81,8,3096,538.28,3,234.85,8,3111,335.45,3,27.95,8,3119,330.93,3,15.7,8,3147,374.55,3,31.47,9,
1409,3004,200.71,3,228.54,9,3065,289.43,3,260.23,9,3067,301.63,3,110.24,8,3096,540.43,3,233.88,8,3111,340.24,3,37.84,8,3119,330.15,3,17.02,8,3147,378.98,3,40.5,9,
1410,3004,199.45,3,230.32,9,3065,289.62,3,270.56,9,3067,303.12,3,80.49,8,3096,542.17,3,233.68,8,3111,346.03,3,49.41,8,3119,332.97,3,22.77,8,3147,384.6,3,51.53,9,
1411,3004,197.75,3,232.72,9,3065,290.62,3,282.67,9,3067,306.82,3,54.47,8,3096,543.48,3,233.79,8,3111,353.0,3,62.75,8,3119,336.57,3,30.28,8,3147,389.58,3,60.93,9,
1412,3004,196.27,3,234.85,9,3065,292.43,3,297.16,9,3067,314.16,3,32.09,8,3096,544.27,3,233.38,8,3111,361.13,3,77.56,8,3119,341.05,3,39.49,8,3147,392.43,3,66.17,9,3158,393.9,3,130.25,8,
1413,3004,195.14,3,236.47,9,3067,321.46,3,12.85,8,3096,539.59,3,228.0,8,3111,366.22,3,90.64,8,3119,346.75,3,50.82,8,3147,393.42,3,69.03,9,3158,394.98,3,131.77,8,
1414,3004,193.81,3,238.42,9,3067,329.35,3,15.52,8,3096,531.94,3,220.24,8,3111,375.78,3,106.52,8,3119,351.36,3,64.33,8,3147,391.1,3,68.27,9,3158,397.1,3,134.76,8,
1415,3004,192.49,3,240.37,9,3067,338.59,3,34.45,8,3096,522.65,3,210.89,8,3111,387.25,3,124.02,8,3119,360.25,3,80.34,8,3147,389.66,3,65.98,9,3148,332.4,3,21.6,8,3158,400.86,3,140.03,8,3162,591.03,3,294.42,9,
1416,3004,191.0,3,242.59,9,3067,348.95,3,55.08,8,3096,511.82,3,199.97,8,3111,401.29,3,143.72,8,3119,370.46,3,97.77,8,3147,387.17,3,61.44,9,3148,330.63,3,22.78,8,3158,406.48,3,147.82,8,3162,589.13,3,292.21,9,
1417,3004,189.96,3,244.16,9,3067,360.31,3,76.11,8,3096,498.69,3,186.75,8,3111,418.08,3,165.53,8,3119,382.86,3,117.45,8,3147,383.68,3,54.93,9,3148,329.7,3,26.31,8,3158,413.83,3,157.56,8,3162,585.75,3,288.26,9,
1418,2831,540.67,3,246.65,8,3004,188.89,3,245.79,9,3067,373.35,3,98.58,8,3096,483.44,3,171.37,8,3111,437.28,3,188.98,8,3119,397.47,3,138.44,8,3147,379.05,3,46.06,9,3148,332.84,3,33.01,8,3158,423.13,3,169.13,8,3162,581.03,3,282.66,9,
1419,2831,534.99,3,242.36,8,3004,187.49,3,247.96,9,3067,387.44,3,120.84,8,3096,466.01,3,153.8,8,3111,458.68,3,215.05,8,3119,413.08,3,162.05,8,3147,373.91,3,35.87,9,3148,336.71,3,41.01,8,3158,433.71,3,182.15,8,3162,574.48,3,274.86,9,
1420,2831,530.98,3,240.86,8,3004,186.51,3,249.48,9,3067,402.34,3,142.09,8,3096,447.28,3,134.9,8,3111,480.83,3,241.65,8,3119,434.06,3,187.59,8,3147,367.94,3,23.45,9,3148,341.51,3,50.53,8,3158,445.74,3,196.78,8,3162,566.37,3,265.15,9,
1421,2831,529.74,3,242.54,8,3004,185.18,3,251.57,9,3067,418.93,3,163.91,8,3096,426.67,3,114.08,8,3119,456.7,3,215.02,8,3147,361.35,3,8.92,9,3148,347.52,3,61.97,8,3158,459.44,3,213.63,8,3162,556.72,3,253.53,9,
1422,2831,529.12,3,245.79,8,3004,183.89,3,253.63,9,3067,436.26,3,185.27,8,3096,404.87,3,92.05,8,3119,480.1,3,242.98,8,3147,354.56,3,8.07,9,3148,355.12,3,75.75,8,3158,474.69,3,232.1,8,3162,545.37,3,239.72,9,
1423,2831,528.68,3,249.9,8,3004,183.02,3,255.04,9,3067,454.1,3,207.1,8,3096,383.88,3,70.12,8,3147,348.09,3,26.77,9,3148,364.01,3,91.09,8,3162,532.28,3,223.64,9,
1424,3004,181.63,3,257.31,9,3067,472.49,3,229.46,8,3096,365.6,3,50.99,8,3147,341.91,3,47.84,9,3148,370.55,3,101.95,8,3162,516.94,3,205.33,9,
1425,3004,180.73,3,258.8,9,3096,351.67,3,36.46,8,3121,532.43,3,248.04,8,3147,336.78,3,70.76,9,3148,374.47,3,108.32,8,3162,499.15,3,185.16,9,
1426,3004,179.85,3,260.27,9,3096,342.01,3,26.51,8,3121,532.86,3,245.86,8,3147,333.54,3,91.18,9,3148,374.92,3,112.5,8,3162,477.98,3,164.75,9,
1427,3004,178.69,3,262.25,9,3096,336.59,3,21.06,8,3121,533.2,3,244.51,8,3147,331.86,3,107.09,9,3148,371.45,3,112.15,8,3162,454.77,3,146.53,9,
1428,3004,177.85,3,263.68,9,3096,333.05,3,17.6,8,3121,533.63,3,242.84,8,3138,327.79,3,238.69,8,3147,330.59,3,118.47,9,3148,364.47,3,107.99,8,3162,429.74,3,131.4,9,
1429,3004,176.98,3,265.2,9,3096,331.31,3,15.77,8,3121,534.29,3,240.89,8,3138,317.53,3,209.61,8,3147,329.11,3,125.32,9,3148,357.3,3,100.76,8,3162,405.32,3,123.57,9,
1430,2968,295.68,3,298.12,9,3004,176.05,3,266.83,9,3096,333.79,3,18.33,8,3121,535.21,3,238.77,8,3138,309.71,3,180.69,8,3147,328.61,3,127.71,9,3148,351.85,3,91.83,8,3162,381.5,3,122.44,9,
1431,2968,293.12,3,275.34,9,3004,174.81,3,269.04,9,3096,338.61,3,23.33,8,3121,536.42,3,236.72,8,3138,304.47,3,151.89,8,3147,328.55,3,127.99,9,3148,345.14,3,80.5,8,3162,357.49,3,127.15,9,
1432,2968,292.81,3,252.3,9,3004,173.9,3,270.69,9,3096,345.83,3,30.89,8,3121,538.18,3,234.93,8,3138,301.9,3,122.87,8,3147,328.52,3,128.15,9,3148,337.51,3,67.12,8,3162,332.73,3,134.84,9,3186,543.3,3,289.94,9,
1433,2968,295.04,3,230.07,9,3004,172.6,3,273.1,9,3096,355.48,3,41.04,8,3121,540.3,3,233.92,8,3138,302.09,3,94.01,8,3147,327.89,3,130.37,9,3148,328.99,3,51.4,8,3162,309.51,3,148.3,9,3186,541.65,3,288.73,9,
1434,2968,300.41,3,208.87,9,3004,171.46,3,275.24,9,3096,366.94,3,53.09,8,3121,542.13,3,233.68,8,3138,304.9,3,66.05,8,3147,326.89,3,133.86,9,3148,320.86,3,35.52,8,3162,287.22,3,165.14,9,3186,537.86,3,285.98,9,
1435,2968,307.64,3,190.46,9,3004,170.21,3,277.65,9,3096,379.89,3,66.69,8,3121,543.48,3,233.79,8,3138,312.11,3,38.95,8,3147,325.09,3,139.12,9,3148,315.36,3,24.41,8,3162,264.62,3,182.85,9,3186,532.15,3,281.88,9,
1436,2968,314.32,3,175.8,9,3004,169.46,3,279.11,9,3096,394.77,3,82.28,8,3121,544.17,3,233.24,8,3138,321.1,3,13.54,8,3147,322.48,3,146.53,9,3148,312.08,3,17.92,8,3162,239.97,3,199.7,9,3186,524.95,3,276.8,9,
1437,2968,318.82,3,165.04,9,3004,168.55,3,280.93,9,3096,412.5,3,100.46,8,3121,539.56,3,227.98,8,3138,332.35,3,21.48,8,3147,318.95,3,155.93,9,3148,307.41,3,14.94,8,3162,215.24,3,214.63,9,3186,515.23,3,270.08,9,
1438,2955,463.91,3,231.81,8,2968,321.57,3,157.94,9,3004,167.51,3,283.04,9,3096,432.97,3,121.08,8,3121,531.94,3,220.24,8,3138,346.03,3,49.41,8,3147,314.67,3,166.91,9,3148,300.99,3,19.9,8,3162,188.96,3,228.09,9,3186,503.67,3,262.35,9,
1439,2955,443.69,3,207.69,8,2968,325.17,3,148.45,9,3004,166.85,3,284.41,9,3096,455.24,3,143.52,8,3121,522.31,3,210.55,8,3138,361.07,3,77.45,8,3147,308.95,3,179.68,9,3148,292.58,3,28.35,8,3162,162.94,3,241.24,9,3186,490.89,3,254.14,9,
1440,2955,423.41,3,184.83,8,2968,329.07,3,137.13,9,3004,166.19,3,285.82,9,3096,477.01,3,165.44,8,3121,510.48,3,198.63,8,3138,377.56,3,105.55,8,3147,302.76,3,193.79,9,3148,282.04,3,39.34,8,3162,137.0,3,255.86,9,3186,477.98,3,244.09,9,
1441,2955,405.77,3,164.77,8,2968,332.66,3,123.83,9,3004,165.52,3,287.24,9,3096,499.5,3,188.08,8,3121,496.71,3,184.75,8,3138,396.33,3,133.68,8,3147,296.62,3,210.36,9,3148,271.94,3,50.07,8,3162,110.5,3,273.76,9,3186,467.6,3,230.9,9,
1442,2955,391.94,3,148.42,8,2968,334.94,3,108.5,9,3004,164.56,3,289.3,9,3096,522.03,3,210.75,8,3121,481.41,3,169.33,8,3138,417.55,3,162.19,8,3147,291.81,3,229.69,9,3148,261.21,3,61.62,8,3162,84.98,3,293.35,9,3186,462.65,3,220.93,9,
1443,2955,382.45,3,136.31,8,2968,336.8,3,90.5,9,3004,163.65,3,291.34,9,3121,463.7,3,151.47,8,3138,440.62,3,190.57,8,3147,289.62,3,251.72,9,3148,251.5,3,72.19,8,3186,459.95,3,215.07,9,
1444,2955,375.97,3,127.95,8,2968,339.94,3,70.67,9,3004,162.81,3,293.25,9,3121,444.72,3,132.3,8,3138,464.0,3,219.19,8,3147,289.85,3,273.91,9,3148,241.06,3,83.66,8,3186,453.29,3,207.37,9,
1445,2955,371.15,3,122.35,8,2968,344.87,3,48.35,9,3004,161.85,3,295.53,9,3121,423.64,3,111.01,8,3138,487.59,3,247.52,8,3147,292.34,3,296.43,9,3148,231.11,3,94.72,8,3186,444.65,3,202.14,9,
1446,2955,365.01,3,118.77,8,2968,351.31,3,26.24,9,3004,160.87,3,297.89,9,3121,401.2,3,88.24,8,3148,221.57,3,105.45,8,3186,434.31,3,196.55,9,
1447,2955,360.1,3,119.52,8,2968,359.22,3,4.11,9,3004,160.13,3,299.73,9,3121,379.45,3,65.48,8,3148,212.32,3,115.99,8,3186,421.38,3,190.13,9,
1448,2955,354.33,3,121.2,8,2968,368.91,3,19.48,9,3121,362.08,3,47.3,8,3148,202.18,3,127.72,8,3162,75.47,3,241.37,8,3186,408.04,3,184.23,9,
1449,2955,347.35,3,123.88,8,2968,379.7,3,41.94,9,3121,349.03,3,33.72,8,3148,192.55,3,139.07,8,3162,100.92,3,218.04,8,3186,395.28,3,179.33,9,
1450,2955,339.19,3,127.94,8,2968,391.77,3,64.95,9,3121,339.97,3,24.44,8,3148,183.4,3,150.07,8,3162,126.3,3,195.54,8,3179,540.67,3,246.65,8,3186,382.15,3,175.13,9,
1451,2955,330.92,3,133.08,8,2968,404.51,3,87.96,9,3121,335.14,3,19.63,8,3148,175.08,3,160.61,8,3162,151.97,3,173.65,8,3179,536.98,3,244.17,8,3186,369.56,3,171.95,9,
1452,2955,322.96,3,138.93,8,2968,417.6,3,110.45,9,3121,330.03,3,15.11,8,3148,167.12,3,171.15,8,3162,178.49,3,152.38,8,3179,540.19,3,248.53,8,3186,356.65,3,169.6,9,
1453,2955,315.62,3,145.14,8,2968,431.74,3,133.38,9,3121,330.81,3,18.36,8,3148,159.23,3,182.05,8,3162,205.02,3,133.19,8,3186,343.38,3,168.2,9,3197,364.53,3,249.1,8,
1454,2955,307.93,3,152.5,8,2968,446.7,3,156.45,9,3121,334.54,3,26.04,8,3148,151.79,3,192.79,8,3162,230.69,3,117.51,8,3186,332.9,3,167.84,9,3197,344.89,3,247.57,8,3218,519.07,3,226.58,8,
1455,2955,301.16,3,159.7,8,2968,462.39,3,179.61,9,3121,339.09,3,35.48,8,3148,144.56,3,203.9,8,3162,256.14,3,106.06,8,3186,326.91,3,167.93,9,3197,325.0,3,247.38,8,3218,517.35,3,225.0,8,
1456,2955,293.81,3,167.96,8,2968,478.84,3,202.97,9,3121,344.7,3,46.8,8,3148,138.01,3,214.7,8,3162,282.06,3,98.78,8,3186,319.2,3,168.81,9,3197,305.59,3,249.02,8,3218,513.97,3,221.91,8,
1457,2955,287.0,3,175.88,8,2968,495.78,3,226.26,9,3121,351.78,3,60.45,8,3148,131.81,3,225.9,8,3162,307.65,3,97.95,8,3186,311.45,3,174.54,9,3218,508.53,3,216.92,8,
1458,2955,280.28,3,184.42,8,2968,512.96,3,249.21,9,3121,360.67,3,76.75,8,3148,126.25,3,237.21,8,3162,334.16,3,101.57,8,3186,307.45,3,182.95,9,3218,501.12,3,210.17,8,
1459,2955,273.96,3,193.18,8,2968,528.42,3,269.37,9,3121,371.31,3,95.16,8,3148,121.72,3,247.94,8,3162,360.1,3,110.2,8,3186,302.85,3,193.6,9,3218,492.03,3,201.93,8,
1460,2955,268.03,3,202.12,8,2968,540.73,3,285.15,9,3121,384.0,3,115.62,8,3162,386.47,3,124.09,8,3186,297.85,3,206.41,9,3218,481.38,3,192.36,8,
1461,2955,262.64,3,211.0,8,2968,549.64,3,296.43,9,3121,398.99,3,137.41,8,3162,412.66,3,140.95,8,3186,293.73,3,221.31,9,3218,468.16,3,180.66,8,
1462,2955,257.35,3,220.57,8,3121,416.86,3,161.33,8,3162,438.11,3,159.8,8,3186,290.52,3,238.18,9,3218,453.23,3,167.71,8,
1463,2955,252.78,3,229.7,8,3121,437.56,3,186.85,8,3162,463.47,3,180.29,8,3186,289.48,3,256.9,9,3218,435.8,3,153.08,8,
1464,2955,248.19,3,239.98,8,3121,460.52,3,214.95,8,3162,489.26,3,202.57,8,3186,290.11,3,277.19,9,3218,416.65,3,137.9,8,
1465,3121,482.46,3,241.41,8,3162,514.78,3,225.38,8,3218,396.19,3,122.91,8,
1466,3162,540.38,3,248.81,8,3218,373.81,3,108.56,8,
1467,3218,349.14,3,95.84,8,
1468,3218,323.12,3,87.78,8,
1469,3218,295.28,3,86.1,8,3240,319.49,3,109.83,8,
1470,3218,267.47,3,92.77,8,3240,319.51,3,111.14,8,
1471,3171,548.71,3,297.66,9,3197,146.95,3,279.52,9,3218,238.6,3,106.28,8,3240,319.57,3,114.18,8,
1472,3171,542.08,3,289.32,9,3197,155.73,3,257.69,9,3218,209.64,3,124.49,8,3240,319.72,3,119.16,8,
1473,3171,534.45,3,279.64,9,3197,166.49,3,236.64,9,3218,181.37,3,145.86,8,3240,321.57,3,126.16,8,
1474,3171,525.53,3,268.22,9,3197,179.48,3,214.98,9,3218,153.38,3,169.07,8,3240,327.71,3,133.75,8,
1475,3171,514.74,3,254.23,9,3174,458.01,3,219.88,8,3197,193.72,3,193.75,9,3218,125.04,3,194.0,8,3240,338.86,3,136.19,8,
1476,3171,502.67,3,238.34,9,3174,432.34,3,189.99,8,3197,209.17,3,172.49,9,3218,96.76,3,219.99,8,3240,350.3,3,138.63,8,
1477,3148,179.65,3,298.37,9,3171,489.64,3,220.84,9,3174,405.99,3,159.56,8,3197,225.53,3,151.41,9,3218,69.28,3,246.32,8,3240,361.86,3,142.04,8,
1478,3041,536.91,3,243.53,8,3148,188.9,3,291.3,9,3171,475.37,3,201.21,9,3174,381.67,3,128.74,8,3197,243.45,3,129.38,9,3240,373.48,3,146.33,8,
1479,3041,533.35,3,241.46,8,3148,198.58,3,284.22,9,3171,459.72,3,179.04,9,3174,361.34,3,98.63,8,3197,261.87,3,107.51,9,3240,384.58,3,150.16,8,
1480,3041,530.67,3,241.0,8,3148,208.62,3,277.34,9,3171,443.65,3,155.4,9,3174,343.47,3,67.55,8,3197,280.16,3,86.35,9,3240,395.4,3,154.46,8,
1481,3041,529.63,3,243.01,8,3148,218.49,3,270.99,9,3171,426.63,3,129.16,9,3174,327.55,3,36.46,8,3197,299.03,3,64.96,9,3240,406.4,3,159.54,8,
1482,3041,529.16,3,245.5,8,3148,228.69,3,264.88,9,3171,410.33,3,102.49,9,3174,314.22,3,6.26,8,3197,316.37,3,45.63,9,3209,560.36,3,248.82,8,3240,417.86,3,165.49,8,
1483,3041,528.93,3,247.13,8,3148,239.04,3,259.15,9,3171,395.18,3,76.01,9,3174,304.29,3,26.07,8,3197,330.22,3,30.38,9,3209,541.06,3,229.43,8,3218,108.05,3,280.69,9,3240,429.7,3,172.28,8,
1484,3041,529.74,3,248.81,8,3148,249.16,3,253.96,9,3171,380.73,3,49.32,9,3174,296.08,3,56.15,8,3185,468.41,3,232.53,8,3197,340.61,3,19.04,9,3209,521.85,3,210.08,8,3218,136.3,3,261.19,9,3240,441.03,3,179.32,8,
1485,3148,259.17,3,249.29,9,3171,367.49,3,22.5,9,3174,292.12,3,87.04,8,3185,445.11,3,204.57,8,3197,347.97,3,11.08,9,3209,502.07,3,190.15,8,3218,165.23,3,244.89,9,3222,556.47,3,243.34,8,3240,452.67,3,187.74,8,
1486,3041,532.38,3,248.4,8,3148,268.92,3,245.14,9,3171,356.06,3,4.24,9,3174,291.4,3,117.12,8,3185,421.28,3,177.28,8,3197,351.56,3,7.24,9,3209,482.33,3,170.25,8,3218,193.71,3,230.97,9,3222,545.4,3,232.89,8,3240,464.23,3,196.72,8,3264,360.17,3,119.51,8,
1487,3041,532.81,3,246.09,8,3148,279.15,3,241.26,9,3171,346.81,3,30.84,9,3174,293.9,3,148.22,8,3185,397.37,3,149.2,8,3197,352.68,3,6.09,9,3209,463.1,3,150.86,8,3218,221.92,3,216.83,9,3222,533.42,3,221.73,8,3240,476.16,3,206.25,8,3264,358.82,3,119.85,8,
1488,3171,339.54,3,57.44,9,3174,299.48,3,178.68,8,3185,375.88,3,121.07,8,3197,355.67,3,3.03,9,3209,443.7,3,131.28,8,3218,248.49,3,200.21,9,3222,522.07,3,211.31,8,3240,487.78,3,215.78,8,3264,356.42,3,120.53,8,
1489,3171,335.23,3,79.56,9,3174,307.9,3,208.86,8,3185,357.75,3,92.63,8,3197,360.4,3,2.44,9,3209,424.57,3,111.96,8,3218,270.35,3,185.82,9,3222,510.29,3,200.7,8,3240,499.41,3,225.51,8,3264,352.19,3,121.95,8,
1490,3171,332.71,3,98.22,9,3174,319.39,3,240.08,8,3185,341.91,3,64.66,8,3197,364.15,3,8.86,9,3209,405.61,3,92.8,8,3218,287.51,3,173.6,9,3222,498.19,3,190.06,8,3240,511.26,3,235.61,8,3264,346.27,3,124.37,8,
1491,3171,331.48,3,112.39,9,3185,327.71,3,36.79,8,3197,367.63,3,16.66,9,3209,387.28,3,73.68,8,3218,300.3,3,163.55,9,3222,486.82,3,180.34,8,3240,518.63,3,241.97,8,3264,339.5,3,127.77,8,
1492,3171,329.82,3,121.97,9,3185,315.43,3,9.17,8,3197,371.9,3,25.91,9,3209,368.95,3,54.49,8,3218,309.85,3,156.14,9,3222,474.99,3,170.6,8,3240,525.36,3,247.7,8,3264,331.83,3,132.46,8,
1493,3171,328.74,3,127.08,9,3185,305.92,3,20.24,8,3197,377.05,3,36.6,9,3209,354.81,3,39.72,8,3218,315.58,3,150.92,9,3222,463.63,3,161.67,8,3264,323.29,3,138.67,8,
1494,3171,328.6,3,127.76,9,3185,298.1,3,48.88,8,3197,383.39,3,49.18,9,3209,344.43,3,28.98,8,3218,319.38,3,148.03,9,3222,451.7,3,152.83,8,3240,532.18,3,249.77,8,3264,314.4,3,146.27,8,
1495,3171,327.92,3,130.26,9,3185,293.02,3,77.24,8,3197,391.4,3,64.29,9,3209,336.8,3,21.27,8,3218,320.81,3,150.82,9,3222,440.96,3,145.44,8,3240,532.69,3,246.68,8,3264,305.92,3,154.58,8,
1496,3171,326.72,3,134.31,9,3185,291.31,3,105.06,8,3197,400.49,3,80.82,9,3209,331.93,3,16.59,8,3218,319.04,3,155.69,9,3222,429.38,3,138.22,8,3240,533.09,3,244.94,8,3264,297.66,3,163.66,8,
1497,3171,324.77,3,140.06,9,3185,292.29,3,133.33,8,3197,411.05,3,99.39,9,3209,329.66,3,15.81,8,3218,316.3,3,162.73,9,3222,418.46,3,132.26,8,3240,533.67,3,242.74,8,3264,289.44,3,172.96,8,
1498,3171,322.29,3,147.08,9,3185,295.93,3,161.38,8,3197,423.35,3,119.94,9,3209,331.54,3,19.82,8,3218,312.68,3,171.7,9,3222,406.91,3,126.53,8,3240,534.48,3,240.39,8,3264,281.44,3,182.89,8,
1499,3171,318.81,3,156.26,9,3185,302.36,3,190.17,8,3197,437.22,3,141.97,9,3209,334.85,3,26.69,8,3218,307.96,3,181.83,9,3222,398.55,3,123.07,8,3240,535.6,3,237.99,8,3264,273.88,3,193.29,8,
1500,3171,314.53,3,167.31,9,3185,311.06,3,218.2,8,3197,453.47,3,166.56,9,3209,338.98,3,35.27,8,3218,302.95,3,193.36,9,3222,393.98,3,121.45,8,3240,536.97,3,236.02,8,3264,266.59,3,204.43,8,
1501,3171,309.08,3,179.41,9,3185,321.92,3,246.12,8,3197,472.14,3,193.57,9,3209,343.95,3,45.31,8,3218,297.84,3,206.43,9,3222,389.89,3,120.39,8,3240,538.59,3,234.65,8,3264,260.19,3,215.32,8,
1502,3171,302.95,3,193.33,9,3197,491.23,3,220.08,9,3209,349.94,3,56.97,8,3218,293.64,3,221.69,9,3222,388.99,3,122.91,8,3240,540.39,3,233.89,8,3264,253.98,3,227.22,8,
1503,3171,297.07,3,208.77,9,3197,509.75,3,244.96,9,3209,357.29,3,70.66,8,3218,290.42,3,239.01,9,3222,392.78,3,128.66,8,3240,542.27,3,233.68,8,3264,248.78,3,238.58,8,
1504,3151,293.22,3,276.6,9,3171,292.44,3,226.82,9,3197,525.31,3,265.36,9,3209,363.66,3,86.29,8,3218,289.44,3,259.18,9,3222,397.81,3,135.75,8,3240,543.46,3,233.78,8,
1505,3151,292.97,3,248.7,9,3171,289.82,3,247.19,9,3197,537.83,3,281.45,9,3209,374.37,3,104.21,8,3218,290.46,3,281.03,9,3222,404.56,3,145.17,8,3240,544.83,3,234.29,8,
1506,3151,296.79,3,222.43,9,3171,289.56,3,269.59,9,3197,548.21,3,294.62,9,3209,386.94,3,123.55,8,3222,412.86,3,156.32,8,3240,549.47,3,238.37,8,
1507,3151,303.53,3,200.52,9,3171,291.98,3,293.65,9,3209,400.7,3,142.91,8,3222,423.77,3,169.92,8,3240,555.48,3,244.36,8,
1508,3151,310.77,3,183.37,9,3209,415.41,3,162.21,8,3222,436.11,3,185.08,8,
1509,3151,316.68,3,170.45,9,3209,427.42,3,176.99,8,3222,448.18,3,202.23,8,
1510,3151,320.23,3,161.37,9,3209,441.58,3,194.16,8,3222,462.51,3,222.02,8,
1511,3151,322.23,3,156.29,9,3209,457.18,3,213.23,8,3222,480.72,3,243.72,8,
1512,3151,323.47,3,149.92,9,3209,475.15,3,234.89,8,
1513,3151,319.65,3,145.15,9,
1514,3151,312.91,3,145.97,9,3226,324.4,3,229.76,8,
1515,3151,304.8,3,151.65,9,3226,315.03,3,201.29,8,
1516,3151,295.44,3,158.7,9,3226,308.06,3,173.01,8,
1517,3151,284.04,3,167.55,9,3226,303.66,3,145.45,8,
1518,3151,271.28,3,177.75,9,3226,301.71,3,117.05,8,
1519,3151,256.52,3,188.73,9,3226,302.39,3,89.14,8,3281,532.38,3,248.38,8,
1520,3151,239.73,3,199.85,9,3226,305.7,3,60.89,8,3281,532.88,3,245.77,8,
1521,3004,532.24,3,249.39,8,3093,244.23,3,240.7,8,3151,221.2,3,211.22,9,3185,334.22,3,242.69,8,3226,313.78,3,33.3,8,3281,533.18,3,244.6,8,3314,335.27,3,247.29,8,
1522,3004,532.56,3,247.36,8,3093,249.96,3,227.81,8,3151,199.9,3,222.81,9,3226,323.21,3,10.4,8,3281,534.95,3,244.51,8,3314,333.38,3,247.26,8,
1523,3004,532.93,3,245.58,8,3093,256.33,3,215.35,8,3151,176.68,3,234.16,9,3226,334.86,3,26.71,8,3281,540.71,3,249.11,8,3314,329.86,3,247.27,8,
1524,3004,533.37,3,243.83,8,3093,263.18,3,203.54,8,3151,151.38,3,247.36,9,3226,348.38,3,53.99,8,3313,481.44,3,248.21,8,3314,324.77,3,247.38,8,
1525,3004,534.02,3,241.6,8,3093,270.78,3,191.85,8,3151,124.06,3,264.34,9,3226,363.31,3,81.4,8,3313,475.79,3,241.43,8,3314,317.51,3,247.78,8,
1526,3004,534.98,3,239.27,8,3093,278.5,3,181.17,8,3151,94.34,3,285.95,9,3226,379.86,3,109.28,8,3313,468.24,3,232.33,8,3314,308.76,3,248.62,8,
1527,3004,536.19,3,237.03,8,3093,287.13,3,170.43,8,3226,398.95,3,137.36,8,3313,458.77,3,220.81,8,
1528,3004,537.78,3,235.23,8,3088,478.08,3,244.17,8,3226,420.44,3,165.79,8,3313,447.17,3,206.91,8,
1529,3004,539.73,3,234.1,8,3088,464.11,3,227.32,8,3226,443.02,3,193.47,8,3252,328.71,3,241.03,8,3313,432.91,3,190.65,8,
1530,3004,541.7,3,233.7,8,3088,448.11,3,207.97,8,3226,466.15,3,221.79,8,3252,318.44,3,212.47,8,3313,416.62,3,171.91,8,
1531,3004,543.19,3,233.74,8,3088,430.59,3,187.99,8,3226,489.42,3,249.71,8,3252,310.45,3,183.86,8,3313,401.54,3,154.37,8,3328,308.68,3,148.88,9,
1532,3004,544.04,3,233.88,8,3088,413.98,3,168.85,8,3151,91.03,3,227.01,8,3252,304.97,3,155.43,8,3302,538.48,3,244.81,8,3313,390.32,3,140.08,8,3328,307.23,3,149.91,9,
1533,3004,545.34,3,234.16,8,3088,400.46,3,153.1,8,3151,121.19,3,200.01,8,3252,302.1,3,127.38,8,3302,533.83,3,241.67,8,3313,382.79,3,130.22,8,3328,304.61,3,151.78,9,
1534,3004,547.08,3,234.77,8,3054,541.51,3,247.44,8,3088,391.48,3,141.59,8,3151,150.61,3,174.78,8,3252,301.86,3,98.76,8,3302,530.44,3,241.11,8,3313,379.37,3,124.94,8,3328,300.37,3,154.91,9,
1535,3004,549.16,3,235.74,8,3054,535.41,3,242.61,8,3088,386.07,3,134.53,8,3151,181.34,3,150.19,8,3252,304.28,3,70.57,8,3302,529.47,3,243.77,8,3313,379.53,3,121.29,8,3328,294.66,3,159.3,9,
1536,3004,551.92,3,237.46,8,3054,531.04,3,240.85,8,3088,382.22,3,129.46,8,3151,211.57,3,128.87,8,3177,465.56,3,233.8,8,3252,311.1,3,42.59,8,3302,528.9,3,247.48,8,3313,384.32,3,124.12,8,3328,287.42,3,165.0,9,
1537,2832,465.78,3,229.34,8,3004,555.12,3,239.95,8,3054,529.67,3,242.81,8,3088,376.71,3,122.17,8,3151,240.92,3,112.36,8,3177,441.09,3,204.77,8,3252,319.94,3,15.98,8,3302,524.71,3,245.86,8,3313,388.6,3,129.28,8,3328,278.17,3,172.14,9,3332,312.17,3,38.72,8,
1538,2832,443.68,3,202.95,8,3004,558.51,3,243.01,8,3054,529.12,3,245.77,8,3088,370.07,3,112.75,8,3151,265.81,3,102.64,8,3177,415.38,3,175.72,8,3252,330.66,3,18.08,8,3302,517.37,3,239.54,8,3313,394.04,3,136.87,8,3328,267.14,3,181.07,9,3332,312.88,3,36.29,8,
1539,2832,421.51,3,177.55,8,3004,562.21,3,246.72,8,3054,528.6,3,247.84,8,3088,362.57,3,100.65,8,3151,286.24,3,98.2,8,3177,391.17,3,147.45,8,3252,343.26,3,43.94,8,3302,508.22,3,231.61,8,3313,401.1,3,146.56,8,3328,253.57,3,190.93,9,3332,314.25,3,31.79,8,
1540,2832,401.3,3,154.08,8,3054,523.66,3,244.98,8,3088,354.54,3,87.16,8,3151,302.18,3,97.62,8,3177,368.89,3,118.66,8,3252,357.73,3,71.47,8,3302,497.31,3,222.28,8,3313,409.59,3,157.74,8,3328,237.61,3,201.25,9,3332,316.38,3,25.29,8,
1541,2832,383.63,3,131.33,8,3054,517.09,3,239.3,8,3088,345.65,3,71.53,8,3151,313.6,3,98.44,8,3177,350.58,3,89.73,8,3252,373.87,3,99.44,8,3302,484.79,3,211.76,8,3313,420.05,3,170.6,8,3328,219.01,3,212.46,9,3332,319.18,3,17.77,8,
1542,2832,367.44,3,108.58,8,3054,508.36,3,231.74,8,3088,336.34,3,54.12,8,3105,480.95,3,247.62,8,3151,319.17,3,102.44,8,3177,333.9,3,60.55,8,3252,391.9,3,127.4,8,3302,469.98,3,199.63,8,3313,432.71,3,185.96,8,3328,197.73,3,223.96,9,3332,322.75,3,10.89,8,
1543,2832,353.83,3,85.95,8,3054,498.32,3,223.14,8,3088,327.56,3,36.47,8,3105,460.76,3,223.24,8,3151,319.48,3,108.62,8,3177,319.33,3,32.44,8,3252,411.94,3,155.17,8,3302,454.07,3,187.03,8,3313,449.19,3,203.47,8,3328,174.1,3,235.48,9,3332,327.24,3,11.94,8,
1544,2832,341.33,3,63.6,8,3054,486.29,3,213.01,8,3088,321.48,3,23.36,8,3105,440.01,3,198.76,8,3151,319.63,3,116.75,8,3177,306.58,3,12.61,8,3252,430.61,3,178.35,8,3302,439.1,3,176.11,8,3313,465.69,3,223.53,8,3328,147.98,3,249.3,9,3332,330.22,3,21.88,8,
1545,2832,332.09,3,45.76,8,3054,472.24,3,201.45,8,3088,317.56,3,13.94,8,3105,418.92,3,174.56,8,3151,322.0,3,127.38,8,3177,295.73,3,22.95,8,3252,449.73,3,201.72,8,3302,424.25,3,166.94,8,3313,484.03,3,245.46,8,3328,120.39,3,266.83,9,3332,337.54,3,37.38,8,
1546,2832,325.48,3,32.07,8,3054,458.3,3,190.33,8,3088,318.01,3,8.99,8,3105,398.24,3,150.32,8,3151,332.84,3,135.29,8,3177,289.27,3,43.73,8,3252,469.74,3,226.13,8,3302,409.71,3,158.87,8,3328,91.95,3,287.82,9,3332,346.32,3,54.84,8,
1547,2832,320.9,3,22.06,8,3054,445.27,3,180.29,8,3088,323.2,3,8.34,8,3105,379.9,3,126.39,8,3151,347.03,3,137.85,8,3177,284.65,3,66.39,8,3302,394.35,3,151.5,8,3332,356.97,3,74.53,8,
1548,2832,317.52,3,13.66,8,3054,431.42,3,171.25,8,3088,331.08,3,15.55,8,3105,363.4,3,102.01,8,3151,361.13,3,141.79,8,3177,281.98,3,89.2,8,3302,379.07,3,145.53,8,3332,369.15,3,95.59,8,
1549,2832,317.81,3,9.3,8,3054,417.9,3,163.29,8,3088,340.05,3,24.83,8,3105,349.01,3,77.53,8,3151,376.12,3,147.29,8,3177,280.93,3,112.34,8,3302,364.36,3,140.1,8,3332,380.83,3,117.96,8,
1550,2832,321.76,3,7.62,8,3054,404.82,3,156.39,8,3088,351.41,3,36.75,8,3105,337.49,3,56.33,8,3151,389.93,3,152.2,8,3177,281.82,3,135.67,8,3302,348.91,3,135.34,8,3332,396.73,3,140.57,8,
1551,2832,328.67,3,13.13,8,3054,391.52,3,150.29,8,3088,364.96,3,51.01,8,3105,328.53,3,38.49,8,3151,403.7,3,158.23,8,3177,284.7,3,159.29,8,3302,334.36,3,132.42,8,3332,413.2,3,162.2,8,
1552,2832,337.61,3,22.28,8,3054,377.97,3,145.17,8,3088,380.05,3,66.86,8,3105,322.22,3,25.0,8,3151,417.61,3,165.35,8,3177,289.54,3,183.07,8,3296,647.53,3,299.32,9,3302,323.81,3,123.64,8,3328,85.69,3,231.91,8,3332,431.11,3,184.03,8,
1553,2832,348.53,3,33.72,8,3054,363.99,3,139.97,8,3088,397.32,3,84.94,8,3105,318.2,3,15.94,8,3151,431.23,3,173.2,8,3177,296.21,3,206.86,8,3296,645.69,3,298.76,9,3302,322.73,3,113.31,8,3328,114.46,3,205.95,8,3332,449.84,3,206.7,8,
1554,2832,361.12,3,46.96,8,3054,350.98,3,135.89,8,3088,417.3,3,105.3,8,3105,317.42,3,9.91,8,3151,445.98,3,182.67,8,3177,304.53,3,230.44,8,3296,643.56,3,297.71,9,3302,322.68,3,107.42,8,3328,142.8,3,181.34,8,3332,468.11,3,228.72,8,
1555,2832,375.14,3,61.71,8,3054,337.64,3,132.94,8,3088,438.0,3,126.16,8,3105,322.57,3,7.98,8,3151,460.7,3,193.94,8,3296,638.59,3,293.2,9,3302,321.61,3,103.99,8,3328,172.05,3,157.39,8,
1556,2832,391.61,3,78.97,8,3054,325.29,3,127.75,8,3088,458.72,3,147.03,8,3105,330.07,3,14.53,8,3151,475.99,3,206.12,8,3296,633.25,3,287.76,9,3302,319.48,3,105.38,8,3328,200.32,3,136.41,8,
1557,2832,410.79,3,98.74,8,3054,322.85,3,117.75,8,3088,479.24,3,167.69,8,3105,338.35,3,23.05,8,3151,490.82,3,218.3,8,3296,625.46,3,279.78,9,3302,319.5,3,110.64,8,3328,229.68,3,118.05,8,
1558,2832,431.6,3,119.71,8,3054,322.69,3,109.74,8,3088,500.36,3,188.95,8,3105,348.8,3,34.01,8,3151,505.48,3,230.67,8,3296,615.43,3,269.52,9,3302,319.66,3,117.47,8,3328,258.34,3,105.21,8,3351,594.79,3,298.77,9,
1559,2832,452.02,3,140.27,8,3054,322.69,3,106.08,8,3088,517.12,3,205.81,8,3105,361.5,3,47.37,8,3151,520.65,3,243.73,8,3296,602.93,3,256.71,9,3302,321.64,3,126.37,8,3328,286.59,3,98.17,8,3351,585.9,3,288.44,9,
1560,2832,472.16,3,160.56,8,3054,320.32,3,103.84,8,3088,529.4,3,218.16,8,3105,376.19,3,62.81,8,3110,295.63,3,297.73,9,3296,590.31,3,243.77,9,3302,329.36,3,134.89,8,3328,315.47,3,98.65,8,3351,575.74,3,276.37,9,
1561,2832,492.71,3,181.25,8,3054,319.47,3,106.86,8,3088,537.22,3,226.01,8,3105,393.15,3,80.58,8,3110,293.33,3,278.05,9,3296,581.63,3,234.86,9,3302,341.6,3,136.69,8,3324,532.44,3,248.04,8,3328,344.35,3,104.28,8,3351,563.55,3,261.76,9,
1562,2832,508.79,3,197.43,8,3054,319.51,3,111.9,8,3088,544.14,3,232.57,8,3105,411.93,3,99.89,8,3110,292.63,3,262.87,9,3296,576.79,3,230.01,9,3302,355.95,3,140.18,8,3324,532.91,3,245.68,8,3328,373.68,3,116.81,8,3351,549.91,3,245.26,9,
1563,2832,522.15,3,210.87,8,3054,319.71,3,118.96,8,3088,547.26,3,234.85,8,3105,431.54,3,119.65,8,3110,292.82,3,252.19,9,3296,571.0,3,224.96,9,3302,371.09,3,145.38,8,3324,533.19,3,244.56,8,3328,402.19,3,133.86,8,3351,535.11,3,227.13,9,3358,319.49,3,109.83,8,
1564,2832,532.55,3,221.33,8,3054,322.05,3,127.5,8,3088,549.16,3,235.74,8,3105,450.89,3,139.14,8,3110,293.13,3,245.59,9,3296,565.86,3,221.61,9,3302,385.34,3,150.44,8,3324,535.65,3,244.91,8,3328,430.66,3,154.09,8,3351,518.79,3,207.45,9,3358,319.5,3,111.48,8,3375,332.65,3,123.83,9,
1565,2832,538.43,3,227.29,8,3054,329.77,3,134.94,8,3088,551.51,3,237.18,8,3105,469.4,3,157.78,8,3110,292.15,3,242.98,9,3242,295.47,3,296.53,9,3296,560.14,3,218.71,9,3302,399.96,3,156.48,8,3328,457.16,3,175.02,8,3351,499.38,3,185.38,9,3358,319.6,3,115.38,8,3375,333.05,3,122.02,9,
1566,2832,541.08,3,230.56,8,3054,341.95,3,136.76,8,3088,554.46,3,239.4,8,3105,488.96,3,177.47,8,3110,289.98,3,244.55,9,3242,293.36,3,278.3,9,3296,553.64,3,215.92,9,3302,414.98,3,163.93,8,3328,480.79,3,195.16,8,3351,476.25,3,163.09,9,3358,319.78,3,120.64,8,3375,334.01,3,117.75,9,3378,352.96,3,12.47,9,
1567,2832,540.11,3,230.55,8,3054,355.55,3,140.07,8,3088,557.94,3,242.47,8,3105,507.43,3,196.06,8,3110,289.67,3,250.31,9,3242,292.63,3,263.7,9,3296,546.21,3,213.45,9,3302,429.63,3,172.25,8,3328,502.31,3,214.17,8,3351,450.6,3,143.55,9,3358,322.25,3,128.1,8,3375,334.7,3,111.87,9,3378,352.18,3,14.66,9,
1568,2832,538.67,3,230.5,8,3054,369.03,3,144.59,8,3088,561.8,3,246.29,8,3105,526.29,3,215.04,8,3110,289.46,3,257.7,9,3242,293.04,3,247.37,9,3296,538.13,3,211.8,9,3302,444.93,3,181.9,8,3328,523.72,3,233.51,8,3351,423.98,3,129.13,9,3358,329.61,3,134.92,8,3375,335.28,3,104.41,9,3378,350.68,3,18.95,9,
1569,2832,537.04,3,230.76,8,3054,382.13,3,149.28,8,3105,545.25,3,234.09,8,3110,289.46,3,266.7,9,3242,295.14,3,229.63,9,3296,531.86,3,211.37,9,3302,460.04,3,193.43,8,3351,398.82,3,122.59,9,3358,339.42,3,136.29,8,3375,336.2,3,95.36,9,3378,348.55,3,25.36,9,
1570,2832,535.24,3,231.59,8,3054,394.9,3,154.25,8,3110,290.15,3,277.7,9,3242,300.09,3,209.98,9,3296,527.86,3,211.53,9,3302,475.29,3,205.55,8,3351,378.46,3,122.81,9,3358,350.12,3,138.59,8,3375,337.63,3,84.5,9,3378,345.73,3,34.35,9,
1571,2832,533.56,3,233.14,8,3054,408.44,3,160.55,8,3110,291.55,3,290.54,9,3242,306.35,3,193.52,9,3296,525.99,3,211.73,9,3302,490.21,3,217.79,8,3351,361.53,3,126.42,9,3358,360.56,3,141.61,8,3375,339.7,3,71.98,9,3378,342.6,3,45.29,9,
1572,2832,532.53,3,234.68,8,3054,421.89,3,167.73,8,3242,311.67,3,181.41,9,3296,524.2,3,213.31,9,3302,505.42,3,230.61,8,3351,348.11,3,129.4,9,3358,371.32,3,145.47,8,3375,342.59,3,57.71,9,3378,339.37,3,58.18,9,
1573,2832,532.0,3,235.69,8,3054,435.59,3,175.88,8,3242,316.06,3,173.89,9,3296,526.78,3,218.7,9,3302,520.69,3,243.77,8,3351,338.94,3,132.31,9,3358,381.56,3,149.08,8,3375,346.71,3,41.58,9,3378,336.29,3,73.44,9,
1574,2832,531.35,3,237.16,8,3054,449.32,3,185.19,8,3242,324.44,3,171.24,9,3296,532.01,3,225.33,9,3351,334.36,3,134.85,9,3358,391.65,3,152.89,8,3375,351.01,3,27.18,9,3378,333.64,3,90.41,9,
1575,2832,530.56,3,239.35,8,3054,463.55,3,196.18,8,3242,335.31,3,171.06,9,3296,539.08,3,234.03,9,3351,329.13,3,139.92,9,3358,401.61,3,157.25,8,3375,354.75,3,15.97,9,3378,331.96,3,105.99,9,
1576,2832,529.76,3,242.45,8,3054,477.51,3,207.35,8,3242,347.9,3,171.73,9,3296,547.89,3,244.75,9,3351,323.69,3,147.05,9,3358,411.3,3,162.01,8,3375,357.16,3,9.26,9,3378,330.81,3,117.53,9,
1577,2832,529.05,3,246.28,8,3054,491.23,3,218.65,8,3242,361.35,3,173.45,9,3296,558.23,3,257.27,9,3351,318.78,3,156.34,9,3358,420.88,3,167.17,8,3375,356.94,3,5.77,9,3378,329.16,3,125.04,9,
1578,3054,505.01,3,230.27,8,3242,375.2,3,176.3,9,3296,570.39,3,271.83,9,3351,314.41,3,167.6,9,3358,430.17,3,172.56,8,3375,354.34,3,8.66,9,3378,326.86,3,133.91,9,
1579,3054,518.6,3,241.94,8,3242,388.55,3,180.02,9,3296,583.56,3,287.48,9,3351,308.53,3,180.59,9,3358,439.67,3,178.45,8,3360,532.57,3,247.31,8,3375,352.45,3,13.87,9,3378,323.43,3,143.85,9,
1580,3242,401.61,3,184.52,9,3296,593.69,3,299.24,9,3351,302.33,3,194.84,9,3358,449.6,3,185.4,8,3360,533.03,3,245.22,8,3375,349.81,3,21.55,9,3378,319.16,3,155.39,9,
1581,3242,415.15,3,190.04,9,3351,296.46,3,210.92,9,3358,459.5,3,193.01,8,3360,532.35,3,241.75,8,3375,346.66,3,31.29,9,3378,313.97,3,168.69,9,
1582,3242,428.25,3,196.13,9,3351,291.95,3,229.04,9,3358,470.28,3,201.52,8,3360,527.64,3,234.95,8,3375,343.13,3,43.35,9,3378,307.14,3,183.64,9,
1583,3242,439.61,3,201.95,9,3351,289.73,3,248.99,9,3358,480.8,3,210.03,8,3360,519.79,3,227.25,8,3375,339.5,3,57.58,9,3378,299.86,3,201.06,9,
1584,3242,446.48,3,205.69,9,3351,289.69,3,271.66,9,3358,491.58,3,218.94,8,3360,509.81,3,218.1,8,3375,336.31,3,73.32,9,3378,293.72,3,221.34,9,
1585,3242,454.2,3,209.53,9,3351,292.3,3,296.12,9,3358,502.45,3,228.09,8,3360,497.54,3,206.92,8,3375,333.49,3,91.55,9,3378,290.02,3,243.74,9,
1586,3242,458.18,3,207.59,9,3358,512.93,3,237.04,8,3360,483.17,3,193.96,8,3375,331.88,3,106.94,9,3378,289.49,3,268.46,9,
1587,3242,458.46,3,202.59,9,3358,518.93,3,242.24,8,3360,466.97,3,179.61,8,3375,330.58,3,118.51,9,3378,292.22,3,295.55,9,
1588,3242,458.61,3,196.29,9,3358,521.79,3,244.72,8,3360,448.63,3,163.8,8,3375,329.05,3,125.54,9,
1589,3242,458.97,3,189.23,9,3358,522.28,3,245.15,8,3360,428.1,3,146.87,8,3375,326.55,3,134.83,9,3382,586.06,3,288.62,9,
1590,3242,459.7,3,180.97,9,3358,522.57,3,245.4,8,3360,405.48,3,129.53,8,3375,322.74,3,145.8,9,3382,564.91,3,263.39,9,
1591,3136,536.59,3,243.31,8,3242,460.82,3,172.62,9,3358,522.66,3,245.47,8,3360,380.82,3,112.8,8,3375,317.9,3,158.58,9,3382,544.92,3,239.17,9,3386,323.49,3,227.27,8,
1592,3136,533.44,3,241.49,8,3242,462.36,3,164.64,9,3358,522.7,3,245.51,8,3360,354.67,3,98.3,8,3375,311.94,3,173.3,9,3382,524.97,3,214.69,9,3386,314.67,3,200.0,8,
1593,3136,530.74,3,240.97,8,3358,522.75,3,245.55,8,3360,326.96,3,88.71,8,3375,304.65,3,189.29,9,3382,503.35,3,189.67,9,3386,308.04,3,172.88,8,3416,278.46,3,238.06,9,
1594,3136,529.63,3,243.01,8,3357,532.36,3,248.53,8,3358,522.75,3,245.55,8,3360,298.1,3,85.86,8,3375,297.52,3,207.32,9,3382,479.07,3,165.79,9,3386,303.64,3,145.3,8,3416,277.21,3,238.5,9,
1595,3136,529.02,3,246.49,8,3357,532.83,3,246.03,8,3358,522.75,3,245.55,8,3360,269.08,3,92.22,8,3375,292.28,3,227.54,9,3382,454.16,3,146.09,9,3386,301.72,3,117.85,8,3416,274.21,3,239.62,9,
1596,3357,533.11,3,244.86,8,3358,522.75,3,245.55,8,3360,240.79,3,105.11,8,3375,289.7,3,249.62,9,3382,429.9,3,131.47,9,3386,302.28,3,90.88,8,3416,269.28,3,241.52,9,3419,296.12,3,225.26,9,
1597,3357,534.5,3,244.3,8,3358,523.94,3,246.53,8,3360,211.68,3,123.07,8,3375,289.81,3,273.41,9,3382,406.26,3,123.74,9,3386,304.94,3,65.79,8,3416,262.12,3,244.49,9,3419,296.69,3,222.9,9,
1598,3357,539.96,3,248.45,8,3358,527.4,3,249.28,8,3360,183.43,3,144.22,8,3375,292.64,3,298.68,9,3382,383.67,3,122.22,9,3386,310.01,3,45.78,8,3416,253.81,3,248.23,9,3419,297.76,3,218.53,9,
1599,3360,155.55,3,167.22,8,3382,365.77,3,125.39,9,3386,314.82,3,29.99,8,3416,244.68,3,252.66,9,3419,299.4,3,212.42,9,
1600,3358,532.2,3,249.61,8,3360,126.68,3,192.52,8,3382,351.46,3,128.52,9,3386,318.7,3,18.96,8,3416,235.35,3,257.56,9,3419,301.82,3,204.98,9,3427,564.07,3,220.66,9,
1601,3358,532.64,3,246.96,8,3360,97.92,3,218.91,8,3382,341.25,3,131.52,9,3386,322.57,3,11.97,8,3416,226.6,3,262.49,9,3419,305.19,3,196.32,9,3427,563.15,3,220.19,9,
1602,3314,329.32,3,249.57,8,3358,532.99,3,245.35,8,3360,70.0,3,245.62,8,3382,335.47,3,134.04,9,3386,328.46,3,13.06,8,3416,218.17,3,267.55,9,3419,309.73,3,185.7,9,3427,560.94,3,219.09,9,
1603,3314,319.34,3,223.96,8,3358,532.88,3,243.0,8,3382,329.45,3,139.56,9,3386,337.21,3,21.87,8,3416,209.33,3,273.17,9,3419,312.68,3,179.24,9,3427,557.93,3,217.69,9,3431,407.76,3,77.94,9,
1604,3314,310.7,3,196.77,8,3358,530.7,3,238.94,8,3382,322.95,3,148.1,9,3386,348.16,3,33.34,8,3416,200.27,3,279.29,9,3419,313.81,3,176.87,9,3427,553.76,3,215.96,9,3431,409.27,3,78.53,9,
1605,3314,304.28,3,169.71,8,3358,525.89,3,233.1,8,3361,545.55,3,293.7,9,3382,317.53,3,159.55,9,3386,361.43,3,47.29,8,3416,192.21,3,285.03,9,3419,314.05,3,175.53,9,3427,548.49,3,214.12,9,3431,410.93,3,79.22,9,3433,584.02,3,238.13,9,
1606,3314,300.19,3,142.75,8,3358,520.52,3,227.92,8,3361,537.46,3,283.48,9,3382,312.07,3,173.02,9,3386,376.48,3,63.12,8,3416,183.65,3,291.44,9,3419,313.97,3,175.01,9,3427,542.66,3,212.59,9,3431,412.4,3,79.85,9,3433,585.99,3,240.15,9,
1607,3314,298.5,3,116.12,8,3358,512.96,3,220.97,8,3361,527.77,3,271.11,9,3382,305.01,3,188.49,9,3386,393.84,3,81.31,8,3416,175.03,3,298.01,9,3419,313.95,3,174.88,9,3427,536.14,3,211.59,9,3431,413.57,3,80.37,9,3433,590.44,3,244.71,9,
1608,3314,299.2,3,89.0,8,3358,503.32,3,212.18,8,3360,109.95,3,279.29,9,3361,516.39,3,256.38,9,3382,297.98,3,206.05,9,3386,413.0,3,100.97,8,3419,312.28,3,174.19,9,3427,530.51,3,211.39,9,3431,415.53,3,81.29,9,3433,596.28,3,250.7,9,
1609,3314,302.26,3,62.43,8,3358,492.24,3,202.12,8,3360,138.06,3,260.1,9,3361,503.22,3,239.07,9,3382,292.52,3,226.45,9,3386,434.01,3,122.14,8,3419,310.59,3,176.18,9,3427,527.11,3,211.6,9,3431,417.63,3,82.31,9,3433,604.4,3,259.01,9,
1610,3314,306.42,3,36.26,8,3358,478.86,3,190.11,8,3360,166.74,3,244.19,9,3361,488.69,3,219.55,9,3382,289.75,3,248.58,9,3386,455.71,3,143.99,8,3419,308.5,3,180.65,9,3427,524.13,3,211.63,9,3431,419.37,3,83.2,9,3433,614.02,3,268.84,9,
1611,3314,315.17,3,9.8,8,3358,463.15,3,176.28,8,3360,195.28,3,230.22,9,3361,473.1,3,198.05,9,3382,289.81,3,273.45,9,3386,477.73,3,166.17,8,3419,305.72,3,186.81,9,3427,518.38,3,206.94,9,3431,421.49,3,84.32,9,3433,625.63,3,280.72,9,3442,535.39,3,238.39,8,
1612,3314,325.84,3,17.78,8,3358,445.39,3,161.06,8,3360,223.62,3,215.97,9,3361,456.3,3,174.09,9,3382,292.49,3,297.66,9,3386,497.96,3,186.53,8,3419,302.38,3,194.73,9,3427,513.47,3,201.34,9,3431,422.82,3,85.05,9,3433,633.75,3,289.01,9,3442,535.58,3,238.04,8,
1613,3314,338.34,3,44.27,8,3358,425.88,3,145.1,8,3360,250.06,3,199.19,9,3361,439.23,3,148.72,9,3386,514.51,3,203.18,8,3419,298.51,3,204.6,9,3427,507.37,3,194.31,9,3431,424.24,3,85.85,9,3433,637.45,3,292.79,9,3442,536.04,3,237.26,8,
1614,3314,349.93,3,66.41,8,3358,404.94,3,129.14,8,3360,272.25,3,184.47,9,3361,422.44,3,122.45,9,3386,527.21,3,215.96,8,3419,294.96,3,216.47,9,3427,499.24,3,185.24,9,3431,425.69,3,86.68,9,3433,639.27,3,294.2,9,3442,536.79,3,236.23,8,3447,329.46,3,171.07,9,
1615,3314,359.93,3,84.15,8,3358,383.72,3,114.62,8,3360,289.51,3,171.96,9,3361,406.67,3,96.24,9,3386,536.01,3,224.81,8,3419,291.64,3,230.61,9,3427,488.13,3,174.49,9,3431,427.8,3,87.93,9,3433,637.23,3,291.83,9,3442,537.88,3,235.16,8,3447,331.17,3,171.05,9,
1616,3314,367.88,3,97.56,8,3358,363.1,3,102.51,8,3360,302.36,3,162.02,9,3361,391.76,3,69.81,9,3386,540.63,3,229.75,8,3419,289.84,3,246.94,9,3427,475.63,3,162.5,9,3431,429.91,3,89.21,9,3433,632.04,3,286.52,9,3442,539.36,3,234.24,8,3447,334.71,3,171.05,9,
1617,3314,373.34,3,106.49,8,3358,342.4,3,93.21,8,3360,311.12,3,154.96,9,3361,377.53,3,43.08,9,3386,540.61,3,230.63,8,3419,289.45,3,265.65,9,3427,461.02,3,151.1,9,3431,431.18,3,90.01,9,3433,625.46,3,279.78,9,3442,541.27,3,233.74,8,3447,339.88,3,171.2,9,
1618,3314,374.99,3,110.54,8,3358,321.41,3,87.42,8,3360,315.95,3,150.59,9,3361,364.51,3,16.0,9,3386,539.16,3,230.49,8,3419,290.98,3,285.89,9,3427,444.16,3,139.07,9,3431,433.19,3,91.29,9,3433,617.38,3,271.52,9,3442,542.92,3,233.72,8,3447,347.41,3,171.68,9,
1619,3136,429.34,3,243.45,8,3314,373.81,3,113.26,8,3358,300.67,3,85.73,8,3360,320.27,3,147.88,9,3361,353.66,3,10.5,9,3386,537.47,3,230.65,8,3427,425.53,3,129.72,9,3431,435.32,3,92.68,9,3433,607.71,3,261.61,9,3442,543.79,3,233.83,8,3447,356.96,3,172.78,9,3454,292.18,3,169.8,8,
1620,3136,422.49,3,230.74,8,3314,369.1,3,110.13,8,3358,279.06,3,89.2,8,3360,320.37,3,152.18,9,3361,344.74,3,37.69,9,3386,535.67,3,231.33,8,3405,326.27,3,234.77,8,3427,405.05,3,123.52,9,3431,437.44,3,94.1,9,3433,595.81,3,249.41,9,3442,543.41,3,232.97,8,3447,367.85,3,174.66,9,3454,290.61,3,171.59,8,
1621,3136,415.24,3,218.65,8,3314,365.74,3,105.84,8,3358,258.26,3,96.38,8,3360,318.41,3,157.28,9,3361,338.19,3,63.64,9,3386,533.86,3,232.79,8,3405,316.99,3,207.86,8,3427,383.19,3,122.27,9,3431,439.17,3,95.29,9,3433,582.44,3,235.69,9,3442,541.02,3,230.74,8,3447,380.1,3,177.56,9,3454,288.01,3,174.67,8,
1622,3136,402.04,3,213.65,8,3314,361.35,3,98.65,8,3358,237.02,3,107.15,8,3360,315.66,3,164.42,9,3361,334.37,3,85.16,9,3386,532.62,3,234.51,8,3405,309.27,3,178.69,8,3427,365.67,3,125.42,9,3431,440.34,3,96.1,9,3433,566.81,3,219.58,9,3442,540.38,3,230.59,8,3447,394.21,3,181.87,9,3454,284.0,3,179.61,8,
1623,3136,388.62,3,209.38,8,3314,355.66,3,89.06,8,3358,215.3,3,120.6,8,3360,311.91,3,173.37,9,3361,332.27,3,102.52,9,3386,531.99,3,235.71,8,3405,304.03,3,148.56,8,3427,351.77,3,128.44,9,3431,442.62,3,97.71,9,3433,549.54,3,201.68,9,3442,539.49,3,230.5,8,3447,409.03,3,187.45,9,3454,279.19,3,185.86,8,
1624,3136,375.43,3,206.05,8,3314,349.16,3,77.8,8,3358,193.91,3,136.05,8,3360,307.01,3,183.92,9,3361,331.3,3,115.37,9,3386,530.35,3,236.18,8,3405,301.75,3,118.73,8,3427,341.43,3,131.45,9,3431,444.82,3,99.29,9,3433,529.88,3,181.24,9,3442,538.32,3,230.52,8,3447,423.93,3,194.04,9,3454,273.38,3,194.02,8,
1625,3136,362.44,3,203.67,8,3314,342.01,3,64.86,8,3358,172.32,3,153.19,8,3360,301.74,3,196.3,9,3361,329.45,3,123.64,9,3386,524.48,3,231.56,8,3405,302.35,3,89.61,8,3427,335.51,3,134.0,9,3431,446.05,3,100.18,9,3433,507.85,3,158.27,9,3442,536.99,3,230.77,8,3447,436.06,3,200.08,9,3454,267.61,3,202.78,8,
1626,3136,350.25,3,202.29,8,3314,333.96,3,49.46,8,3358,151.17,3,170.97,8,3360,296.49,3,210.82,9,3361,328.66,3,127.45,9,3386,516.98,3,224.66,8,3405,305.85,3,59.96,8,3427,329.53,3,139.47,9,3431,448.0,3,101.62,9,3433,484.11,3,133.41,9,3442,535.39,3,231.5,8,3447,444.14,3,204.4,9,3454,262.32,3,211.56,8,
1627,3136,338.0,3,201.76,8,3314,325.74,3,32.63,8,3358,130.25,3,189.33,8,3360,292.34,3,227.26,9,3361,327.46,3,131.88,9,3386,507.38,3,215.88,8,3405,314.2,3,31.95,8,3416,120.81,3,243.03,8,3427,323.41,3,147.44,9,3431,449.76,3,102.93,9,3433,458.99,3,106.97,9,3442,533.79,3,232.88,8,3447,449.1,3,207.16,9,3454,257.14,3,220.96,8,
1628,3136,330.98,3,206.7,8,3358,109.68,3,207.99,8,3360,289.88,3,246.13,9,3361,325.47,3,137.97,9,3386,495.91,3,205.44,8,3405,324.25,3,9.81,8,3416,125.61,3,232.67,8,3427,318.1,3,158.06,9,3431,451.79,3,104.49,9,3433,433.64,3,80.11,9,3442,532.58,3,234.59,8,3447,451.66,3,207.44,9,3454,252.44,3,230.43,8,3467,299.05,3,21.81,8,
1629,3136,335.13,3,220.6,8,3358,89.09,3,227.22,8,3360,289.46,3,266.88,9,3361,322.5,3,146.47,9,3386,482.3,3,193.18,8,3405,336.6,3,30.35,8,3416,130.92,3,222.57,8,3427,312.91,3,171.19,9,3431,454.0,3,106.19,9,3433,411.83,3,56.85,9,3442,531.97,3,235.77,8,3447,449.22,3,204.72,9,3454,248.31,3,239.68,8,3467,297.6,3,23.26,8,
1630,3358,68.92,3,246.68,8,3360,291.39,3,289.27,9,3361,318.51,3,157.01,9,3386,466.86,3,179.52,8,3405,351.15,3,59.28,8,3416,136.38,3,213.11,8,3427,306.35,3,185.39,9,3431,455.2,3,107.11,9,3433,394.36,3,38.09,9,3442,532.53,3,238.74,8,3447,443.53,3,201.52,9,3454,244.79,3,248.54,8,3467,294.9,3,25.99,8,
1631,3361,313.49,3,169.8,9,3386,448.89,3,164.02,8,3405,367.19,3,88.16,8,3416,142.2,3,203.74,8,3427,299.86,3,201.05,9,3431,456.42,3,108.07,9,3433,381.15,3,23.83,9,3442,536.63,3,244.7,8,3447,435.87,3,197.37,9,3467,290.25,3,30.76,8,
1632,3361,306.75,3,184.5,9,3386,428.43,3,147.13,8,3405,385.16,3,117.39,8,3416,149.09,3,193.33,8,3427,294.33,3,218.92,9,3431,458.39,3,109.63,9,3433,372.16,3,14.09,9,3447,426.52,3,192.6,9,3467,284.0,3,37.28,8,
1633,3361,299.59,3,201.75,9,3386,406.44,3,130.23,8,3405,405.8,3,146.87,8,3416,156.38,3,182.91,8,3427,290.36,3,239.58,9,3431,460.08,3,110.98,9,3433,367.32,3,8.87,9,3447,414.73,3,187.09,9,3467,275.39,3,46.39,8,
1634,3361,293.72,3,221.35,9,3386,382.03,3,113.56,8,3405,429.03,3,176.42,8,3416,163.77,3,172.81,8,3427,289.43,3,262.19,9,3431,461.66,3,112.25,9,3433,360.06,3,1.64,9,3447,400.42,3,181.21,9,3467,265.84,3,56.62,8,
1635,3361,290.05,3,243.49,9,3386,355.11,3,98.51,8,3405,453.04,3,205.79,8,3416,171.4,3,162.75,8,3427,291.11,3,286.97,9,3431,463.48,3,113.73,9,3433,355.06,3,6.92,9,3447,385.0,3,175.96,9,3467,256.22,3,67.04,8,
1636,3361,289.49,3,267.99,9,3386,328.18,3,89.03,8,3405,477.36,3,235.31,8,3416,179.32,3,152.68,8,3431,464.75,3,114.77,9,3433,352.24,3,14.47,9,3447,370.1,3,172.06,9,3467,247.56,3,76.5,8,
1637,3358,86.63,3,297.16,9,3361,292.03,3,294.02,9,3386,300.84,3,85.71,8,3416,187.73,3,142.58,8,3431,465.9,3,115.71,9,3433,348.87,3,24.38,9,3447,354.62,3,169.33,9,3467,238.0,3,87.04,8,
1638,3358,107.68,3,280.97,9,3386,273.09,3,90.96,8,3416,195.81,3,133.06,8,3431,468.19,3,117.61,9,3433,345.08,3,36.52,9,3447,340.58,3,168.05,9,3467,228.83,3,97.27,8,
1639,3358,128.39,3,266.39,9,3386,245.51,3,102.53,8,3416,204.44,3,123.04,8,3431,469.49,3,118.7,9,3433,341.12,3,50.88,9,3447,331.03,3,167.84,9,3467,219.92,3,107.32,8,
1640,3358,149.44,3,253.21,9,3386,218.06,3,118.75,8,3416,212.64,3,113.66,8,3431,471.22,3,120.15,9,3433,337.39,3,67.54,9,3447,325.97,3,167.96,9,3467,211.68,3,116.73,8,
1641,3358,171.27,3,242.14,9,3386,191.26,3,138.09,8,3397,584.92,3,287.28,9,3416,221.66,3,103.47,8,3431,472.95,3,121.62,9,3433,334.14,3,86.72,9,3447,318.44,3,169.09,9,3467,203.28,3,126.43,8,
1642,3358,191.93,3,231.84,9,3386,164.7,3,159.51,8,3397,563.03,3,261.14,9,3416,230.05,3,94.08,8,3431,474.36,3,122.82,9,3433,332.15,3,103.75,9,3447,311.41,3,174.6,9,3467,194.98,3,136.18,8,
1643,3358,212.69,3,221.66,9,3386,138.07,3,182.38,8,3397,540.85,3,234.19,9,3416,239.28,3,83.86,8,3431,475.88,3,124.12,9,3433,331.11,3,116.27,9,3447,306.62,3,184.78,9,3467,186.39,3,146.45,8,
1644,3125,476.73,3,242.55,8,3358,233.32,3,210.01,9,3386,111.33,3,206.47,8,3397,518.84,3,207.51,9,3399,588.24,3,291.17,9,3416,248.93,3,73.26,8,3431,477.22,3,125.27,9,3433,329.33,3,124.19,9,3447,301.51,3,196.87,9,3467,178.61,3,156.05,8,
1645,3125,465.34,3,228.81,8,3358,252.71,3,197.48,9,3386,85.15,3,230.96,8,3397,495.64,3,181.75,9,3399,578.95,3,280.18,9,3416,258.4,3,62.96,8,3431,479.15,3,126.94,9,3433,327.01,3,133.48,9,3447,296.31,3,211.45,9,3467,170.61,3,166.49,8,
1646,3125,452.06,3,212.58,8,3358,272.32,3,184.42,9,3397,470.06,3,157.92,9,3399,567.61,3,266.64,9,3416,267.18,3,53.46,8,3431,480.33,3,127.97,9,3433,323.29,3,144.25,9,3447,292.21,3,227.88,9,3467,163.13,3,176.61,8,
1647,3108,482.33,3,249.26,8,3125,436.72,3,195.0,8,3358,289.1,3,172.31,9,3397,443.19,3,138.4,9,3399,554.47,3,250.79,9,3416,276.31,3,43.67,8,3431,481.78,3,129.23,9,3433,318.59,3,156.82,9,3447,289.85,3,246.55,9,3467,156.48,3,185.95,8,
1648,3108,464.89,3,228.26,8,3125,420.25,3,176.1,8,3358,301.44,3,162.71,9,3397,417.81,3,126.96,9,3399,541.86,3,235.43,9,3416,285.87,3,33.5,8,3431,483.34,3,130.57,9,3433,312.74,3,171.57,9,3447,289.48,3,267.93,9,3467,149.43,3,196.33,8,
1649,3108,445.92,3,205.48,8,3125,401.89,3,154.76,8,3358,310.37,3,155.65,9,3397,393.98,3,122.1,9,3399,533.02,3,224.55,9,3416,295.5,3,23.38,8,3431,484.64,3,131.69,9,3433,305.48,3,187.38,9,3447,291.59,3,290.78,9,3467,143.3,3,205.9,8,
1650,3108,424.17,3,180.62,8,3125,383.13,3,130.66,8,3358,315.94,3,150.6,9,3397,374.28,3,123.49,9,3399,528.18,3,218.26,9,3416,300.95,3,17.76,8,3431,486.1,3,132.94,9,3433,298.4,3,204.92,9,3467,137.64,3,215.34,8,
1651,3108,402.27,3,155.21,8,3125,365.66,3,105.71,8,3358,318.97,3,148.3,9,3386,85.34,3,298.21,9,3397,358.63,3,126.92,9,3399,528.01,3,215.19,9,3416,308.23,3,11.09,8,3431,487.87,3,134.47,9,3433,292.76,3,225.39,9,3441,558.14,3,246.59,8,3467,132.45,3,224.68,8,
1652,2541,294.54,3,289.4,9,3108,381.52,3,128.54,8,3125,350.57,3,80.28,8,3358,321.24,3,149.41,9,3386,112.6,3,277.34,9,3397,346.32,3,129.91,9,3399,530.61,3,214.74,9,3416,317.14,3,8.58,8,3431,489.79,3,136.13,9,3433,289.8,3,247.62,9,3441,538.78,3,227.13,8,3467,127.21,3,235.16,8,
1653,2541,292.63,3,260.43,9,3108,364.14,3,103.22,8,3125,338.65,3,58.56,8,3358,320.07,3,153.08,9,3386,139.45,3,259.24,9,3397,338.11,3,132.62,9,3399,534.16,3,214.58,9,3416,324.86,3,15.56,8,3431,491.16,3,137.33,9,3433,289.7,3,271.91,9,3441,519.83,3,208.05,8,3467,122.94,3,244.88,8,
1654,2541,294.57,3,232.56,9,3108,350.28,3,79.77,8,3125,328.97,3,39.41,8,3358,318.8,3,156.29,9,3386,166.02,3,244.53,9,3397,334.08,3,135.05,9,3399,538.65,3,214.76,9,3416,329.51,3,25.9,8,3431,493.2,3,139.13,9,3433,292.65,3,298.79,9,3441,500.38,3,188.45,8,
1655,2541,300.28,3,209.32,9,2624,293.15,3,275.69,9,3108,338.73,3,58.7,8,3125,322.13,3,24.79,8,3358,317.06,3,160.74,9,3386,193.82,3,230.92,9,3397,329.67,3,139.33,9,3399,544.16,3,215.51,9,3416,335.53,3,38.59,8,3431,494.83,3,140.57,9,3441,481.4,3,169.32,8,
1656,2541,307.79,3,190.11,9,2624,292.94,3,249.44,9,3108,329.85,3,41.22,8,3125,317.69,3,14.79,8,3358,314.72,3,166.81,9,3386,220.45,3,217.58,9,3397,324.49,3,145.91,9,3399,550.93,3,217.19,9,3416,342.71,3,52.86,8,3431,496.16,3,141.75,9,3441,462.51,3,150.26,8,
1657,2541,314.53,3,175.31,9,2624,296.41,3,224.07,9,3108,323.72,3,28.28,8,3125,317.75,3,9.4,8,3358,311.55,3,174.18,9,3386,246.37,3,201.61,9,3397,319.4,3,154.79,9,3399,558.66,3,219.97,9,3416,351.69,3,69.6,8,3431,497.81,3,143.21,9,3441,442.83,3,130.4,8,
1658,2541,319.07,3,164.41,9,2624,302.57,3,202.98,9,3108,319.92,3,19.86,8,3125,323.18,3,8.33,8,3358,307.45,3,182.95,9,3386,271.9,3,184.73,9,3397,316.06,3,163.36,9,3399,564.33,3,222.52,9,3416,362.03,3,87.75,8,3431,499.67,3,144.88,9,3441,423.41,3,110.79,8,
1659,2541,321.72,3,157.56,9,2624,309.29,3,186.67,9,3108,315.92,3,10.38,8,3125,331.09,3,15.56,8,3358,302.85,3,193.58,9,3386,295.2,3,167.45,9,3397,312.23,3,172.68,9,3399,567.75,3,224.25,9,3416,374.22,3,107.9,8,3431,501.43,3,146.46,9,3441,404.45,3,91.63,8,
1660,2541,325.17,3,148.41,9,2624,314.84,3,174.65,9,3108,311.78,3,3.77,8,3125,339.2,3,23.95,8,3358,297.81,3,206.54,9,3397,307.24,3,183.42,9,3399,571.62,3,226.51,9,3416,389.46,3,130.49,8,3431,502.93,3,147.82,9,3441,386.01,3,72.35,8,
1661,2541,328.87,3,137.71,9,2624,318.84,3,165.0,9,3108,307.31,3,15.6,8,3125,349.28,3,34.51,8,3358,293.53,3,222.14,9,3397,301.95,3,195.79,9,3399,577.9,3,231.9,9,3416,406.74,3,154.2,8,3431,504.76,3,149.47,9,3441,367.26,3,52.73,8,
1662,2541,332.55,3,124.34,9,2624,321.41,3,158.33,9,3108,303.04,3,30.9,8,3125,361.41,3,47.27,8,3358,290.29,3,240.37,9,3397,296.65,3,210.29,9,3399,584.65,3,238.77,9,3416,427.57,3,179.75,8,3431,506.21,3,150.79,9,3441,352.87,3,37.7,8,
1663,2541,334.92,3,108.9,9,2624,325.01,3,150.65,9,3108,298.58,3,47.97,8,3125,375.58,3,62.17,8,3358,289.43,3,260.59,9,3397,292.34,3,227.26,9,3399,592.65,3,246.98,9,3416,448.9,3,205.56,8,3431,508.47,3,152.86,9,3441,342.76,3,27.27,8,3443,327.26,3,237.33,8,
1664,2541,336.62,3,91.88,9,2624,330.67,3,142.66,9,3108,294.37,3,66.66,8,3125,391.72,3,79.09,8,3358,290.55,3,281.92,9,3397,289.84,3,246.79,9,3399,603.15,3,257.73,9,3416,470.46,3,231.54,8,3431,510.1,3,154.35,9,3441,336.88,3,21.34,8,3443,318.37,3,212.26,8,
1665,2541,339.46,3,73.28,9,2624,339.38,3,135.61,9,3108,292.05,3,87.98,8,3125,410.06,3,98.01,8,3397,289.49,3,268.35,9,3399,616.13,3,271.0,9,3431,511.61,3,155.74,9,3441,332.24,3,16.86,8,3443,311.32,3,187.44,8,
1666,2541,343.9,3,52.16,9,2624,352.36,3,131.69,9,3064,293.68,3,281.75,9,3108,291.29,3,110.8,8,3125,430.0,3,118.1,8,3397,291.48,3,289.99,9,3399,628.12,3,283.26,9,3431,513.72,3,157.68,9,3441,329.53,3,15.4,8,3443,306.11,3,162.56,8,
1667,2541,348.94,3,33.89,9,2624,366.86,3,128.6,9,3064,292.69,3,256.75,9,3108,292.52,3,136.01,8,3125,450.15,3,138.39,8,3399,636.11,3,291.42,9,3431,515.55,3,159.38,9,3441,331.18,3,19.11,8,3443,302.81,3,137.08,8,
1668,2541,353.73,3,18.9,9,2624,382.38,3,125.68,9,3064,294.68,3,231.97,9,3108,296.07,3,162.12,8,3125,470.3,3,158.69,8,3399,639.74,3,295.05,9,3431,517.38,3,161.08,9,3441,333.97,3,24.87,8,3443,301.64,3,111.67,8,
1669,2541,357.53,3,8.23,9,2624,400.16,3,125.78,9,3064,300.31,3,209.21,9,3108,301.99,3,188.77,8,3125,490.67,3,179.19,8,3399,644.85,3,299.7,9,3431,518.56,3,162.18,9,3441,337.51,3,32.23,8,3443,302.56,3,86.88,8,
1670,2541,361.74,3,5.04,9,2624,420.23,3,130.48,9,3064,307.54,3,190.7,9,3108,310.07,3,215.35,8,3125,509.6,3,198.25,8,3431,520.36,3,163.87,9,3441,342.41,3,42.23,8,3443,305.45,3,62.47,8,
1671,2541,367.41,3,10.34,9,2624,443.12,3,140.63,9,3064,314.1,3,176.27,9,3108,320.19,3,242.02,8,3125,524.1,3,212.83,8,3431,522.42,3,165.8,9,3441,348.75,3,54.69,8,3443,309.37,3,37.11,8,
1672,2541,374.78,3,18.28,9,2624,468.75,3,158.9,9,2987,482.88,3,249.91,8,3064,318.55,3,165.76,9,3125,534.12,3,222.91,8,3431,524.56,3,167.81,9,3441,356.3,3,68.86,8,3443,317.34,3,13.25,8,
1673,2541,384.33,3,28.58,9,2624,494.83,3,182.81,9,2987,458.8,3,220.84,8,3064,321.19,3,158.91,9,3125,539.45,3,228.38,8,3431,526.7,3,169.82,9,3441,365.46,3,85.17,8,3443,326.79,3,14.48,8,3454,294.44,3,288.57,9,
1674,2541,395.25,3,40.32,9,2624,518.89,3,209.51,9,2987,434.4,3,192.36,8,3064,322.62,3,155.32,9,3125,541.03,3,230.62,8,3431,528.79,3,171.8,9,3441,376.38,3,103.6,8,3443,335.54,3,38.61,8,3454,292.69,3,268.58,9,3467,183.3,3,295.62,9,
1675,2541,408.41,3,54.41,9,2624,540.1,3,235.27,9,2987,409.58,3,163.74,8,3064,324.55,3,150.16,9,3125,540.05,3,230.55,8,3431,530.56,3,173.48,9,3441,389.42,3,123.81,8,3443,348.73,3,64.2,8,3454,293.05,3,247.24,9,3467,190.99,3,289.74,9,3502,550.86,3,239.28,8,3523,321.69,3,157.63,9,
1676,2541,422.9,3,69.85,9,2624,557.61,3,256.51,9,2987,387.05,3,135.81,8,3064,327.08,3,142.98,9,3125,538.55,3,230.5,8,3431,532.76,3,175.57,9,3441,405.5,3,146.47,8,3443,363.18,3,89.7,8,3454,296.12,3,225.26,9,3467,198.87,3,284.02,9,3502,530.33,3,218.62,8,3523,322.25,3,156.24,9,
1677,2541,439.21,3,87.16,9,2624,571.79,3,273.51,9,2987,367.05,3,107.96,8,3064,330.16,3,133.94,9,3125,536.78,3,230.83,8,3431,534.44,3,177.16,9,3441,424.75,3,171.13,8,3443,378.31,3,114.18,8,3454,301.11,3,206.89,9,3467,207.63,3,277.98,9,3502,508.98,3,197.11,8,3523,322.44,3,152.93,9,
1678,2541,457.41,3,106.37,9,2624,582.33,3,286.02,9,2987,350.42,3,80.03,8,3064,333.01,3,122.17,9,3125,534.98,3,231.78,8,3431,535.73,3,178.4,9,3441,445.13,3,196.03,8,3443,395.91,3,139.44,8,3454,307.95,3,189.75,9,3467,216.65,3,272.14,9,3502,487.84,3,175.81,8,3523,320.3,3,153.16,9,
1679,2541,477.88,3,127.89,9,2624,589.2,3,294.05,9,2987,337.64,3,56.62,8,3064,334.93,3,108.66,9,3125,533.29,3,233.49,8,3431,537.48,3,180.07,9,3441,465.09,3,220.51,8,3443,415.14,3,164.58,8,3454,314.2,3,176.04,9,3467,225.78,3,266.57,9,3502,466.96,3,154.75,8,3523,318.83,3,156.21,9,
1680,2541,500.03,3,151.06,9,2624,593.35,3,298.85,9,2987,328.16,3,37.74,8,3064,336.48,3,93.06,9,3125,532.27,3,235.14,8,3431,539.17,3,181.69,9,3441,485.76,3,245.35,8,3443,435.14,3,188.89,8,3454,318.76,3,165.2,9,3467,234.24,3,261.75,9,3502,445.51,3,133.11,8,3523,316.67,3,161.76,9,
1681,2541,524.72,3,176.79,9,2987,321.45,3,23.29,8,3064,338.97,3,76.08,9,3125,531.81,3,236.13,8,3431,540.95,3,183.4,9,3443,455.43,3,213.48,8,3454,321.38,3,158.4,9,3467,243.67,3,256.71,9,3502,424.58,3,111.97,8,3523,313.75,3,169.19,9,
1682,2541,551.18,3,204.26,9,2624,594.58,3,298.53,9,2987,317.49,3,13.4,8,3064,342.58,3,57.73,9,3125,531.14,3,237.65,8,3431,542.84,3,185.21,9,3443,476.72,3,238.98,8,3454,324.89,3,149.25,9,3467,253.01,3,252.11,9,3502,404.06,3,91.22,8,3523,309.61,3,178.26,9,
1683,2541,579.04,3,233.02,9,2624,590.26,3,293.52,9,2987,318.34,3,8.51,8,3064,347.62,3,38.38,9,3125,530.42,3,239.86,8,3431,544.08,3,186.41,9,3454,328.87,3,137.71,9,3467,262.63,3,247.76,9,3502,384.04,3,70.3,8,3523,304.71,3,189.15,9,
1684,2541,607.6,3,262.28,9,2624,584.87,3,287.21,9,2987,323.66,3,8.64,8,3064,352.25,3,23.36,9,3125,529.68,3,242.77,8,3431,545.82,3,188.09,9,3454,332.73,3,123.53,9,3467,271.37,3,244.17,9,3502,366.19,3,51.6,8,3523,299.67,3,201.55,9,
1685,2541,636.04,3,291.35,9,2624,577.54,3,278.51,9,2987,331.87,3,16.35,8,3064,355.83,3,12.87,9,3125,528.97,3,246.81,8,3431,547.63,3,189.84,9,3454,335.07,3,106.91,9,3467,278.62,3,241.45,9,3502,352.1,3,36.91,8,3523,295.14,3,215.78,9,
1686,2624,568.47,3,267.68,9,2987,340.92,3,25.74,8,3064,358.1,3,6.98,9,3431,549.72,3,191.86,9,3454,337.1,3,88.24,9,3467,283.08,3,239.88,9,3502,341.65,3,26.14,8,3523,291.36,3,232.05,9,
1687,2624,557.52,3,254.48,9,2987,352.03,3,37.4,8,3064,362.37,3,5.38,9,3431,551.27,3,193.36,9,3454,340.47,3,67.87,9,3467,285.44,3,239.0,9,3502,335.43,3,19.92,8,3523,289.65,3,250.98,9,
1688,2624,544.69,3,238.9,9,2987,365.23,3,51.29,8,3064,367.53,3,10.48,9,3398,464.23,3,227.46,8,3431,552.87,3,194.91,9,3454,345.11,3,47.43,9,3467,289.16,3,237.31,9,3502,330.64,3,15.5,8,3523,289.69,3,271.76,9,
1689,2624,530.72,3,221.7,9,2987,379.73,3,66.52,8,3064,374.41,3,17.88,9,3331,540.51,3,246.5,8,3398,445.45,3,204.95,8,3431,554.07,3,196.08,9,3454,349.66,3,31.51,9,3467,293.67,3,233.33,9,3502,330.13,3,16.96,8,3523,292.04,3,294.15,9,
1690,2987,396.69,3,84.28,8,3064,383.61,3,27.8,9,3331,536.15,3,241.99,8,3398,425.06,3,181.65,8,3431,556.1,3,198.05,9,3454,353.55,3,19.44,9,3467,295.99,3,225.8,9,3502,332.71,3,22.24,8,
1691,2987,415.88,3,103.87,8,3064,395.02,3,40.07,9,3331,534.97,3,239.29,8,3398,407.47,3,161.28,8,3431,558.11,3,200.01,9,3454,356.19,3,11.9,9,3467,298.45,3,215.92,9,3502,336.35,3,29.82,8,
1692,2987,437.15,3,125.3,8,3064,408.66,3,54.68,9,3291,539.85,3,245.89,8,3331,535.65,3,237.9,8,3398,394.32,3,145.27,8,3431,559.65,3,201.51,9,3454,357.64,3,7.93,9,3467,302.01,3,204.48,9,3502,341.2,3,39.8,8,
1693,2987,459.39,3,147.7,8,3064,424.51,3,71.57,9,3291,532.03,3,238.59,8,3331,536.62,3,236.44,8,3398,385.36,3,133.59,8,3431,561.6,3,203.42,9,3454,357.41,3,6.17,9,3467,306.98,3,192.01,9,3502,344.82,3,51.93,8,3528,585.83,3,288.35,9,3559,318.05,3,158.18,9,
1694,2987,481.91,3,170.37,8,3064,442.76,3,90.91,9,3291,522.11,3,229.38,8,3331,538.07,3,235.02,8,3398,379.89,3,126.37,8,3431,562.95,3,204.73,9,3454,355.4,3,6.76,9,3467,313.11,3,178.33,9,3502,352.86,3,67.09,8,3528,567.01,3,265.92,9,3559,317.31,3,160.1,9,3561,535.39,3,238.39,8,
1695,2987,504.94,3,193.55,8,3064,463.43,3,112.71,9,3291,510.51,3,218.73,8,3331,539.83,3,234.05,8,3398,378.89,3,122.37,8,3431,564.49,3,206.24,9,3454,354.38,3,8.56,9,3467,318.02,3,167.1,9,3502,362.35,3,84.01,8,3528,548.42,3,243.44,9,3559,315.94,3,163.68,9,3561,535.57,3,238.04,8,
1696,2987,527.51,3,216.27,8,3064,486.37,3,136.78,9,3291,497.07,3,206.49,8,3331,541.95,3,233.69,8,3398,381.29,3,121.9,8,3431,566.69,3,208.4,9,3454,353.07,3,12.15,9,3467,321.23,3,158.8,9,3502,373.29,3,102.44,8,3528,530.57,3,221.52,9,3559,313.63,3,169.46,9,3561,535.91,3,237.46,8,
1697,2987,550.03,3,238.9,8,3064,511.17,3,162.69,9,3291,482.16,3,193.05,8,3331,543.43,3,233.78,8,3398,382.35,3,122.51,8,3431,568.83,3,210.5,9,3454,351.07,3,17.84,9,3467,322.86,3,154.72,9,3502,386.28,3,122.56,8,3528,511.76,3,199.37,9,3559,310.3,3,176.82,9,3561,536.48,3,236.63,8,
1698,3064,535.97,3,188.48,9,3291,464.65,3,177.58,8,3331,544.94,3,234.35,8,3398,384.88,3,124.57,8,3431,570.74,3,212.37,9,3454,348.65,3,25.05,9,3467,323.34,3,149.35,9,3502,400.23,3,145.37,8,3528,491.71,3,177.95,9,3559,306.05,3,186.09,9,3561,537.32,3,235.66,8,
1699,3064,559.96,3,213.35,9,3291,444.93,3,160.67,8,3331,549.97,3,238.87,8,3398,387.64,3,127.94,8,3431,572.03,3,213.64,9,3454,345.64,3,34.66,9,3467,319.25,3,144.98,9,3502,419.06,3,169.4,8,3528,469.56,3,157.54,9,3559,301.24,3,197.54,9,3561,538.57,3,234.66,8,
1700,3064,584.22,3,238.33,9,3291,423.56,3,143.27,8,3331,556.42,3,245.31,8,3398,391.4,3,133.19,8,3431,573.65,3,215.23,9,3454,342.43,3,45.92,9,3467,313.14,3,145.83,9,3502,440.42,3,195.23,8,3528,446.95,3,140.99,9,3559,296.32,3,211.43,9,3561,540.38,3,233.9,8,
1701,3064,608.69,3,263.39,9,3291,399.93,3,125.54,8,3398,396.97,3,140.91,8,3431,575.15,3,216.71,9,3454,339.18,3,59.03,9,3467,307.99,3,149.36,9,3502,462.21,3,221.66,8,3528,425.32,3,129.64,9,3559,292.24,3,227.75,9,3561,542.16,3,233.68,8,
1702,3064,633.73,3,288.99,9,3291,374.48,3,108.96,8,3398,404.2,3,150.78,8,3431,577.04,3,218.57,9,3454,336.17,3,74.06,9,3467,301.39,3,154.15,9,3502,484.28,3,247.92,8,3528,403.32,3,123.23,9,3559,289.85,3,246.72,9,3561,543.32,3,233.77,8,
1703,3291,347.6,3,95.21,8,3398,413.52,3,162.6,8,3431,578.92,3,220.43,9,3454,333.55,3,91.03,9,3467,293.07,3,160.57,9,3528,382.17,3,122.37,9,3559,289.48,3,267.69,9,3561,544.08,3,233.9,8,
1704,3291,318.16,3,86.84,8,3398,424.33,3,175.82,8,3431,580.59,3,222.08,9,3454,331.61,3,110.46,9,3467,283.48,3,167.98,9,3528,364.9,3,125.62,9,3559,291.57,3,290.6,9,3561,542.96,3,232.47,8,
1705,3291,286.88,3,87.34,8,3398,437.23,3,191.41,8,3431,582.61,3,224.08,9,3467,272.07,3,177.09,9,3528,351.19,3,128.58,9,3561,540.83,3,230.67,8,
1706,3291,255.26,3,97.71,8,3398,451.24,3,208.4,8,3431,584.78,3,226.23,9,3467,259.1,3,186.83,9,3528,341.64,3,131.39,9,3561,539.94,3,230.54,8,
1707,3291,224.06,3,114.86,8,3398,466.99,3,227.39,8,3431,586.34,3,227.77,9,3467,244.06,3,197.05,9,3528,336.13,3,133.56,9,3561,538.62,3,230.49,8,
1708,3291,192.49,3,137.14,8,3398,485.14,3,248.94,8,3431,587.85,3,229.26,9,3467,226.39,3,208.06,9,3528,330.16,3,138.78,9,3561,537.15,3,230.72,8,
1709,3291,160.66,3,162.89,8,3431,589.33,3,230.73,9,3467,206.81,3,219.25,9,3528,323.99,3,146.61,9,3561,535.54,3,231.41,8,
1710,3291,129.31,3,190.16,8,3391,295.08,3,293.52,9,3431,590.83,3,232.21,9,3467,185.38,3,229.85,9,3528,318.67,3,156.61,9,3561,533.82,3,232.84,8,
1711,3291,99.0,3,217.89,8,3391,292.65,3,265.95,9,3431,592.77,3,234.13,9,3467,162.45,3,241.49,9,3528,313.79,3,169.09,9,3561,532.61,3,234.52,8,
1712,3291,69.13,3,246.47,8,3391,293.73,3,238.4,9,3431,594.85,3,236.21,9,3467,137.5,3,255.55,9,3528,307.59,3,182.65,9,3558,647.29,3,299.25,9,3561,532.01,3,235.66,8,
1713,3391,298.92,3,214.15,9,3431,596.93,3,238.27,9,3467,111.58,3,273.0,9,3528,301.14,3,197.81,9,3558,645.66,3,298.75,9,3561,530.61,3,236.31,8,
1714,3391,306.12,3,194.08,9,3431,599.17,3,240.5,9,3467,85.74,3,292.74,9,3528,295.18,3,215.6,9,3558,643.04,3,297.31,9,3561,524.79,3,231.83,8,
1715,3391,313.0,3,178.56,9,3431,601.24,3,242.56,9,3528,290.8,3,235.75,9,3558,637.4,3,292.0,9,3561,517.96,3,225.56,8,
1716,3391,318.04,3,167.08,9,3431,602.63,3,243.95,9,3528,289.46,3,257.92,9,3558,629.46,3,283.88,9,3561,509.32,3,217.65,8,
1717,3291,94.79,3,290.67,9,3391,320.95,3,159.53,9,3431,604.8,3,246.11,9,3528,290.37,3,280.12,9,3558,619.87,3,274.06,9,3561,499.18,3,208.41,8,
1718,3291,125.39,3,268.42,9,3391,322.63,3,155.29,9,3431,607.01,3,248.32,9,3558,607.99,3,261.9,9,3561,487.32,3,197.68,8,
1719,3291,156.33,3,249.2,9,3391,325.33,3,150.04,9,3431,608.33,3,249.64,9,3558,594.45,3,248.02,9,3561,473.29,3,185.18,8,
1720,3249,294.66,3,290.34,9,3291,188.1,3,233.71,9,3391,329.72,3,143.75,9,3431,610.01,3,251.31,9,3467,72.84,3,243.83,8,3558,579.1,3,232.26,9,3561,457.23,3,171.15,8,
1721,3249,292.64,3,265.61,9,3291,219.62,3,218.0,9,3391,336.62,3,137.06,9,3431,611.33,3,252.63,9,3467,98.08,3,220.61,8,3558,561.67,3,214.26,9,3561,439.01,3,155.72,8,
1722,3249,293.46,3,241.18,9,3291,247.28,3,201.0,9,3391,346.76,3,133.21,9,3431,612.91,3,254.21,9,3467,124.29,3,197.29,8,3558,542.58,3,194.45,9,3561,418.35,3,139.21,8,
1723,3249,298.15,3,217.06,9,3291,269.92,3,186.12,9,3391,359.01,3,130.22,9,3431,614.36,3,255.66,9,3467,149.75,3,175.5,8,3558,521.98,3,173.01,9,3561,396.38,3,123.05,8,
1724,3249,305.29,3,196.1,9,3291,287.66,3,173.49,9,3391,372.77,3,127.21,9,3409,294.1,3,285.67,9,3431,616.12,3,257.42,9,3467,174.97,3,155.1,8,3558,499.75,3,149.8,9,3561,372.71,3,107.9,8,
1725,3249,312.44,3,179.76,9,3291,300.84,3,163.15,9,3391,387.78,3,125.22,9,3409,292.64,3,259.93,9,3431,617.68,3,258.99,9,3467,200.9,3,136.0,8,3558,475.57,3,124.43,9,3561,346.94,3,94.94,8,
1726,3249,317.87,3,167.51,9,3291,310.09,3,155.91,9,3391,404.64,3,126.41,9,3409,294.23,3,234.51,9,3431,618.86,3,260.17,9,3467,226.82,3,119.62,8,3558,451.0,3,98.52,9,3561,320.73,3,87.3,8,
1727,3249,321.08,3,159.17,9,3291,315.78,3,150.75,9,3391,423.6,3,131.64,9,3409,299.41,3,212.35,9,3431,621.12,3,262.43,9,3467,252.87,3,107.29,8,3558,426.93,3,72.97,9,3561,293.73,3,86.26,8,
1728,3249,322.73,3,155.05,9,3291,320.26,3,147.88,9,3391,444.58,3,141.61,9,3409,306.0,3,194.39,9,3431,622.3,3,263.62,9,3467,278.55,3,99.4,8,3558,406.86,3,51.53,9,3561,267.88,3,92.63,8,
1729,3249,325.39,3,149.93,9,3291,320.08,3,153.04,9,3391,468.42,3,158.66,9,3409,312.12,3,180.44,9,3431,624.46,3,265.79,9,3467,303.96,3,97.71,8,3558,390.47,3,33.9,9,3561,241.55,3,104.69,8,
1730,3249,329.58,3,143.91,9,3291,317.83,3,158.77,9,3391,493.27,3,181.31,9,3409,317.24,3,169.11,9,3431,626.48,3,267.81,9,3467,329.34,3,100.64,8,3558,378.34,3,20.79,9,3561,214.66,3,121.03,8,
1731,3249,335.57,3,137.81,9,3409,320.37,3,161.0,9,3431,628.14,3,269.48,9,3467,355.05,3,108.09,8,3558,370.39,3,12.18,9,3561,188.54,3,140.2,8,
1732,3249,344.91,3,133.78,9,3409,322.3,3,156.1,9,3431,630.22,3,271.57,9,3467,380.87,3,120.79,8,3558,363.71,3,5.1,9,3561,162.47,3,161.37,8,3594,555.46,3,242.38,8,
1733,3249,357.07,3,130.61,9,3409,325.69,3,149.49,9,3431,631.82,3,273.17,9,3467,406.8,3,136.93,8,3558,357.92,3,2.2,9,3561,136.08,3,184.14,8,3594,543.58,3,231.19,8,
1734,3249,370.32,3,127.74,9,3409,331.54,3,141.67,9,3431,633.75,3,275.12,9,3467,432.53,3,155.5,8,3558,354.28,3,8.82,9,3561,110.2,3,207.5,8,3594,530.84,3,219.35,8,
1735,3249,384.7,3,125.45,9,3409,341.14,3,135.0,9,3431,635.01,3,276.38,9,3467,457.74,3,175.5,8,3558,351.08,3,17.79,9,3561,84.36,3,231.72,8,3594,518.01,3,207.62,8,
1736,3249,401.47,3,125.95,9,3409,354.0,3,131.29,9,3431,636.63,3,278.01,9,3467,481.04,3,195.38,8,3558,347.29,3,29.28,9,3594,504.37,3,195.45,8,
1737,3249,419.99,3,130.39,9,3409,368.49,3,128.18,9,3431,638.1,3,279.49,9,3467,499.87,3,211.98,8,3558,343.28,3,42.82,9,3594,491.91,3,184.65,8,
1738,3249,440.09,3,138.63,9,3409,384.4,3,125.48,9,3431,639.68,3,281.09,9,3467,514.22,3,224.87,8,3558,339.26,3,58.66,9,3594,478.71,3,173.62,8,
1739,3249,463.61,3,155.07,9,3409,402.08,3,126.03,9,3431,641.91,3,283.33,9,3467,524.08,3,233.83,8,3558,335.68,3,76.91,9,3594,465.69,3,163.25,8,
1740,3249,488.68,3,176.91,9,3409,421.84,3,131.02,9,3431,643.82,3,285.25,9,3467,529.69,3,237.98,8,3558,332.95,3,95.98,9,3594,453.11,3,153.84,8,
1741,3249,511.7,3,201.26,9,3409,443.3,3,140.75,9,3431,645.13,3,286.57,9,3461,476.35,3,242.11,8,3467,533.98,3,239.68,8,3558,331.6,3,110.58,9,3594,440.06,3,144.85,8,
1742,3249,532.7,3,226.18,9,3409,466.68,3,157.36,9,3431,646.35,3,287.81,9,3461,452.25,3,212.81,8,3467,535.39,3,238.39,8,3558,330.11,3,120.6,9,3561,106.2,3,282.07,9,3594,427.08,3,136.9,8,
1743,3249,552.74,3,250.64,9,3409,486.17,3,174.51,9,3431,648.6,3,290.08,9,3461,427.45,3,184.39,8,3467,536.53,3,236.57,8,3558,328.91,3,126.22,9,3561,132.25,3,263.8,9,3594,414.96,3,130.42,8,
1744,3249,569.36,3,270.6,9,3409,500.97,3,188.93,9,3431,650.37,3,291.86,9,3461,402.7,3,155.72,8,3467,538.16,3,234.94,8,3558,326.99,3,133.53,9,3561,158.85,3,247.92,9,3594,403.8,3,125.16,8,
1745,3249,582.39,3,286.09,9,3259,471.11,3,235.79,8,3409,510.4,3,199.78,9,3431,651.71,3,293.21,9,3461,380.18,3,126.76,8,3467,540.12,3,233.97,8,3558,323.84,3,142.72,9,3561,185.73,3,234.9,9,3594,396.52,3,122.33,8,
1746,3249,593.04,3,298.5,9,3259,451.47,3,211.85,8,3409,515.95,3,206.14,9,3431,653.75,3,295.27,9,3461,361.0,3,98.05,8,3467,542.04,3,233.68,8,3558,319.71,3,154.02,9,3561,212.52,3,221.76,9,3594,392.65,3,121.02,8,
1747,3259,430.39,3,187.76,8,3409,518.66,3,207.93,9,3431,655.3,3,296.83,9,3451,466.02,3,229.63,8,3461,344.54,3,69.5,8,3467,543.3,3,233.76,8,3558,314.5,3,167.37,9,3561,238.03,3,206.92,9,3594,388.7,3,120.81,8,
1748,3259,410.33,3,164.6,8,3409,516.43,3,204.74,9,3431,656.76,3,298.31,9,3451,444.83,3,204.25,8,3461,329.56,3,40.61,8,3467,544.88,3,234.05,8,3558,307.72,3,182.37,9,3561,262.88,3,191.24,9,3594,390.78,3,125.8,8,3603,545.63,3,293.81,9,
1749,3259,390.73,3,140.6,8,3409,511.25,3,198.78,9,3451,423.63,3,179.99,8,3461,316.34,3,11.41,8,3467,546.83,3,234.67,8,3558,300.42,3,199.6,9,3561,282.65,3,177.48,9,3594,395.88,3,133.04,8,3603,537.39,3,283.38,9,
1750,3259,373.35,3,117.64,8,3409,503.84,3,190.22,9,3451,406.58,3,160.25,8,3461,306.41,3,18.52,8,3467,549.24,3,235.78,8,3558,294.4,3,218.64,9,3561,297.43,3,165.73,9,3594,402.15,3,141.83,8,3603,527.41,3,270.64,9,
1751,3259,358.57,3,94.0,8,3409,493.48,3,179.66,9,3451,394.0,3,144.85,8,3461,299.16,3,46.86,8,3467,552.11,3,237.59,8,3558,290.3,3,240.21,9,3561,308.47,3,157.43,9,3594,410.27,3,153.0,8,3603,516.03,3,255.91,9,
1752,3259,344.98,3,70.31,8,3388,474.16,3,239.47,8,3409,480.38,3,167.04,9,3451,385.51,3,133.8,8,3461,293.14,3,76.21,8,3467,555.39,3,240.18,8,3554,590.35,3,293.62,9,3558,289.43,3,263.57,9,3561,315.48,3,151.02,9,3594,420.61,3,166.0,8,3603,503.52,3,239.46,9,
1753,3259,332.63,3,46.84,8,3388,452.8,3,213.49,8,3451,379.93,3,126.43,8,3461,291.31,3,105.06,8,3465,295.62,3,297.61,9,3467,558.97,3,243.44,8,3554,580.58,3,282.12,9,3558,291.41,3,289.34,9,3561,319.98,3,147.93,9,3594,432.22,3,180.33,8,3603,489.73,3,220.95,9,3645,312.17,3,38.72,8,
1754,3259,321.57,3,23.57,8,3388,432.05,3,189.67,8,3451,379.04,3,122.11,8,3461,292.37,3,134.27,8,3465,292.99,3,273.6,9,3467,562.66,3,247.19,8,3554,569.86,3,269.34,9,3561,320.74,3,151.05,9,3594,445.67,3,196.69,8,3603,475.1,3,200.84,9,3645,312.85,3,36.38,8,
1755,3259,311.99,3,3.56,8,3388,414.61,3,169.58,8,3451,381.13,3,121.84,8,3461,296.21,3,162.91,8,3465,292.93,3,249.46,9,3554,557.38,3,254.32,9,3561,319.06,3,155.63,9,3594,460.1,3,214.43,8,3603,459.64,3,178.93,9,3645,314.31,3,31.56,8,
1756,3259,304.52,3,25.23,8,3388,399.57,3,152.02,8,3451,385.74,3,125.28,8,3461,302.88,3,192.08,8,3465,295.94,3,226.08,9,3554,543.48,3,237.41,9,3561,316.62,3,161.89,9,3594,475.93,3,233.6,8,3603,443.34,3,154.94,9,3645,313.34,3,24.25,8,
1757,3259,297.83,3,49.41,8,3388,384.03,3,131.84,8,3451,389.67,3,130.78,8,3461,311.92,3,220.63,8,3465,302.08,3,204.28,9,3554,533.18,3,224.75,9,3561,313.48,3,169.83,9,3603,428.17,3,131.6,9,3645,316.23,3,16.09,8,
1758,3249,552.31,3,296.6,9,3259,293.51,3,73.12,8,3388,368.27,3,109.9,8,3451,394.67,3,137.73,8,3461,323.3,3,249.33,8,3465,309.17,3,186.94,9,3554,527.57,3,216.97,9,3561,308.94,3,179.69,9,3603,413.43,3,107.7,9,3613,587.66,3,290.51,9,3645,317.26,3,4.93,8,
1759,3249,539.81,3,287.39,9,3259,291.55,3,96.64,8,3388,353.76,3,85.81,8,3451,400.97,3,146.38,8,3465,315.55,3,173.12,9,3554,529.6,3,214.83,9,3561,303.61,3,191.75,9,3603,399.29,3,83.3,9,3613,577.27,3,278.18,9,3645,322.62,3,10.43,8,
1760,3249,526.83,3,278.12,9,3259,291.51,3,120.59,8,3388,339.44,3,60.05,8,3451,408.94,3,156.94,8,3465,319.56,3,163.12,9,3554,534.48,3,214.57,9,3561,298.24,3,205.33,9,3603,386.33,3,59.87,9,3613,565.19,3,263.74,9,3645,329.01,3,24.81,8,3655,298.87,3,157.09,8,
1761,3249,514.44,3,269.55,9,3259,293.36,3,143.92,8,3388,326.15,3,33.51,8,3451,418.65,3,168.89,8,3465,321.85,3,157.26,9,3554,540.31,3,214.93,9,3561,293.87,3,220.74,9,3603,374.18,3,36.41,9,3613,551.13,3,246.74,9,3645,336.69,3,40.96,8,3655,300.45,3,155.34,8,
1762,3249,502.27,3,261.43,9,3259,297.05,3,167.33,8,3388,315.16,3,8.49,8,3451,429.66,3,182.28,8,3465,324.61,3,149.99,9,3554,547.14,3,216.15,9,3561,290.48,3,238.56,9,3603,362.83,3,12.26,9,3613,535.57,3,227.7,9,3645,346.28,3,59.66,8,3655,303.23,3,152.36,8,
1763,3249,489.62,3,253.35,9,3259,302.74,3,191.57,8,3388,306.5,3,18.21,8,3451,442.55,3,197.79,8,3465,327.71,3,141.18,9,3554,555.48,3,218.72,9,3561,289.44,3,259.17,9,3603,353.18,3,11.84,9,3613,517.65,3,206.14,9,3645,357.51,3,79.96,8,3655,307.32,3,148.18,8,
1764,3249,478.08,3,244.18,9,3259,310.26,3,215.91,8,3388,299.83,3,44.71,8,3451,457.19,3,215.61,8,3465,331.33,3,129.85,9,3554,562.01,3,221.43,9,3561,290.53,3,281.67,9,3603,345.49,3,35.17,9,3613,497.16,3,183.22,9,3645,370.56,3,101.97,8,3655,312.93,3,142.83,8,
1765,3249,468.34,3,231.89,9,3259,319.04,3,239.22,8,3388,293.76,3,71.09,8,3451,474.02,3,235.77,8,3465,334.29,3,116.55,9,3554,566.71,3,223.71,9,3603,339.31,3,58.44,9,3613,472.8,3,160.03,9,3645,386.9,3,126.9,8,3655,320.29,3,136.5,8,
1766,3249,462.1,3,219.67,9,3388,291.55,3,96.76,8,3465,335.63,3,100.73,9,3554,569.28,3,225.07,9,3603,335.1,3,80.36,9,3613,445.28,3,139.84,9,3645,406.29,3,153.6,8,3652,370.38,3,249.88,8,3655,328.88,3,130.07,8,
1767,3388,291.6,3,122.54,8,3431,646.79,3,299.08,9,3465,337.89,3,82.76,9,3554,573.79,3,228.17,9,3603,332.75,3,97.8,9,3613,419.01,3,127.36,9,3645,429.82,3,182.48,8,3652,360.61,3,248.68,8,3655,337.81,3,124.53,8,
1768,3388,293.96,3,148.69,8,3431,645.34,3,298.67,9,3465,341.61,3,62.22,9,3554,581.43,3,235.48,9,3603,331.55,3,111.38,9,3613,394.25,3,122.12,9,3620,532.21,3,249.59,8,3645,451.04,3,208.15,8,3652,354.94,3,248.2,8,3655,347.79,3,119.73,8,
1769,3388,298.64,3,174.99,8,3431,643.0,3,297.28,9,3465,347.33,3,39.4,9,3554,590.78,3,245.06,9,3603,330.02,3,121.03,9,3613,374.46,3,123.46,9,3620,532.75,3,246.4,8,3645,468.66,3,229.39,8,3652,352.21,3,248.76,8,3655,355.35,3,117.1,8,
1770,3388,305.51,3,201.21,8,3431,638.08,3,292.69,9,3465,354.97,3,15.31,9,3554,602.29,3,256.85,9,3603,328.92,3,126.2,9,3613,358.61,3,126.93,9,3620,533.13,3,244.79,8,3645,482.96,3,246.36,8,3655,359.61,3,115.99,8,
1771,3388,314.36,3,227.29,8,3431,630.55,3,284.99,9,3465,364.2,3,8.97,9,3554,616.31,3,271.19,9,3603,328.54,3,128.08,9,3613,346.29,3,129.93,9,3620,533.62,3,242.85,8,3655,365.56,3,115.28,8,
1772,3431,621.03,3,275.25,9,3465,375.05,3,32.52,9,3554,631.84,3,287.06,9,3603,328.52,3,128.18,9,3613,338.21,3,132.57,9,3620,534.42,3,240.53,8,3655,373.43,3,116.28,8,
1773,3431,609.98,3,263.94,9,3465,387.33,3,56.72,9,3603,328.52,3,128.22,9,3613,334.66,3,134.63,9,3620,535.53,3,238.12,8,3655,383.48,3,122.77,8,
1774,3431,596.94,3,250.57,9,3465,400.21,3,80.31,9,3603,328.51,3,128.23,9,3613,329.78,3,139.2,9,3620,536.97,3,236.04,8,3655,390.97,3,132.6,8,
1775,3431,585.91,3,239.25,9,3465,413.81,3,104.09,9,3603,327.84,3,130.55,9,3613,324.48,3,145.93,9,3620,538.75,3,234.56,8,3655,400.04,3,145.11,8,
1776,3431,578.95,3,232.13,9,3465,428.81,3,128.72,9,3603,326.38,3,135.33,9,3613,319.35,3,154.92,9,3620,540.96,3,233.78,8,3655,410.64,3,159.05,8,
1777,3431,571.34,3,225.24,9,3465,444.1,3,152.53,9,3603,324.19,3,141.74,9,3613,314.84,3,166.51,9,3620,542.6,3,233.69,8,3655,423.07,3,174.29,8,3662,363.94,3,296.69,9,
1778,3431,566.07,3,221.72,9,3465,460.34,3,176.63,9,3603,321.31,3,149.76,9,3613,308.71,3,180.21,9,3620,543.67,3,233.82,8,3655,437.25,3,191.42,8,3662,348.49,3,295.89,9,
1779,3431,560.63,3,218.94,9,3465,477.07,3,200.5,9,3603,317.65,3,159.21,9,3613,301.85,3,196.03,9,3620,543.96,3,232.94,8,3655,453.52,3,211.17,8,3662,332.71,3,296.03,9,
1780,3431,554.19,3,216.13,9,3465,494.31,3,224.28,9,3603,313.29,3,170.28,9,3613,295.53,3,214.31,9,3620,539.49,3,227.91,8,3655,471.18,3,232.38,8,3662,319.58,3,296.9,9,
1781,3431,546.78,3,213.61,9,3465,512.68,3,248.84,9,3603,307.3,3,183.29,9,3613,290.84,3,235.45,9,3620,531.92,3,220.22,8,3662,309.59,3,298.02,9,
1782,3431,538.86,3,211.91,9,3465,531.6,3,273.48,9,3603,300.98,3,198.2,9,3613,289.44,3,259.27,9,3620,521.83,3,210.06,8,3662,303.74,3,298.87,9,
1783,3431,532.53,3,211.38,9,3465,550.31,3,297.28,9,3603,295.12,3,215.85,9,3613,290.91,3,285.25,9,3620,509.86,3,198.0,8,3662,301.97,3,299.16,9,
1784,3431,528.25,3,211.51,9,3464,480.71,3,247.33,8,3603,290.81,3,235.65,9,3620,496.49,3,184.53,8,3662,301.72,3,299.19,9,
1785,3431,525.98,3,211.74,9,3464,463.88,3,227.04,8,3603,289.45,3,258.11,9,3620,481.53,3,169.45,8,3662,301.72,3,299.2,9,
1786,3259,322.33,3,232.11,8,3431,524.2,3,213.77,9,3464,445.24,3,204.72,8,3603,290.51,3,281.58,9,3620,464.99,3,152.76,8,3662,301.72,3,299.2,9,
1787,3259,314.09,3,208.27,8,3431,527.14,3,219.2,9,3464,425.8,3,182.49,8,3620,446.78,3,134.39,8,3662,301.72,3,299.2,9,
1788,3259,307.56,3,184.7,8,3431,532.12,3,225.47,9,3464,406.95,3,160.67,8,3620,426.43,3,113.84,8,3642,326.24,3,242.1,8,3662,300.37,3,299.58,9,
1789,3259,302.68,3,160.84,8,3431,538.57,3,233.4,9,3464,389.42,3,138.91,8,3620,405.74,3,92.93,8,3642,316.4,3,215.41,8,
1790,3259,299.59,3,136.5,8,3431,546.42,3,242.97,9,3464,372.91,3,117.0,8,3620,385.83,3,72.17,8,3642,308.62,3,188.97,8,
1791,3259,298.44,3,112.03,8,3431,556.41,3,255.07,9,3464,358.89,3,94.54,8,3620,367.94,3,53.44,8,3642,302.92,3,162.25,8,
1792,3259,299.3,3,87.57,8,3431,567.58,3,268.48,9,3464,346.29,3,72.68,8,3620,353.29,3,38.14,8,3642,299.46,3,135.11,8,
1793,3259,302.05,3,63.73,8,3431,580.77,3,284.17,9,3464,334.67,3,50.88,8,3620,342.93,3,27.45,8,3642,298.45,3,108.38,8,
1794,3431,591.07,3,296.22,9,3464,323.91,3,28.7,8,3620,336.32,3,20.79,8,3642,299.71,3,82.67,8,
1795,3464,314.71,3,7.4,8,3620,333.35,3,17.9,8,3642,303.58,3,54.75,8,
1796,3464,307.33,3,15.52,8,3620,333.27,3,17.82,8,3642,309.62,3,25.71,8,
1797,3464,301.45,3,37.44,8,3620,333.24,3,17.8,8,3642,320.18,3,5.14,8,
1798,3464,295.54,3,59.26,8,3620,331.98,3,16.63,8,3642,333.01,3,33.38,8,3652,532.28,3,249.02,8,
1799,3464,292.63,3,81.14,8,3620,329.83,3,15.0,8,3642,348.39,3,63.57,8,3652,532.8,3,246.14,8,
1800,3464,291.33,3,104.11,8,3620,330.14,3,17.01,8,3642,365.52,3,93.65,8,3652,533.13,3,244.79,8,
1801,3464,291.77,3,126.07,8,3620,329.82,3,21.01,8,3642,384.58,3,123.54,8,3652,534.86,3,244.47,8,
1802,3464,293.97,3,148.71,8,3620,330.39,3,27.81,8,3642,405.63,3,152.7,8,3652,541.24,3,249.6,8,
1803,3464,297.72,3,170.66,8,3620,334.68,3,36.85,8,3642,429.96,3,182.65,8,
1804,3464,303.18,3,193.16,8,3620,340.17,3,47.9,8,3642,454.61,3,212.5,8,
1805,3464,310.27,3,215.94,8,3509,293.63,3,281.33,9,3620,346.96,3,60.92,8,3642,479.17,3,241.89,8,
1806,3464,318.89,3,238.85,8,3509,292.82,3,252.13,9,3620,354.91,3,75.38,8,
1807,3509,296.21,3,224.87,9,3620,364.06,3,91.18,8,3714,656.07,3,297.52,9,3722,564.07,3,220.66,9,
1808,3509,302.75,3,202.5,9,3620,371.51,3,103.53,8,3714,653.57,3,295.01,9,3722,563.18,3,220.2,9,
1809,3509,310.05,3,184.96,9,3620,375.82,3,111.64,8,3714,650.81,3,292.23,9,3722,561.47,3,219.35,9,
1810,3509,316.2,3,171.6,9,3620,374.89,3,115.12,8,3714,648.36,3,289.76,9,3722,558.85,3,218.11,9,
1811,3509,319.97,3,162.05,9,3565,538.65,3,244.95,8,3620,370.33,3,117.25,8,3714,646.37,3,287.76,9,3722,555.51,3,216.66,9,
1812,3509,322.08,3,156.67,9,3565,534.67,3,242.17,8,3620,363.06,3,118.87,8,3714,643.69,3,285.06,9,3722,550.91,3,214.92,9,
1813,3509,324.61,3,150.02,9,3565,531.1,3,240.82,8,3620,353.93,3,121.34,8,3714,640.97,3,282.32,9,3722,545.4,3,213.24,9,
1814,3509,327.83,3,140.83,9,3565,529.76,3,242.44,8,3620,344.52,3,125.18,8,3714,638.73,3,280.07,9,3722,539.36,3,211.98,9,
1815,3509,331.29,3,130.02,9,3565,529.11,3,245.82,8,3620,335.19,3,130.3,8,3714,636.12,3,277.45,9,3722,533.18,3,211.4,9,
1816,3509,334.21,3,116.91,9,3620,326.53,3,136.18,8,3714,634.09,3,275.42,9,3722,529.02,3,211.45,9,
1817,3509,335.56,3,101.54,9,3620,317.61,3,143.38,8,3714,631.94,3,273.26,9,3722,526.28,3,211.7,9,
1818,3509,337.73,3,83.87,9,3620,309.17,3,151.26,8,3657,533.88,3,240.31,8,3714,629.94,3,271.26,9,3722,522.18,3,210.55,9,
1819,3509,341.2,3,64.2,9,3620,300.98,3,159.9,8,3657,509.06,3,217.41,8,3714,627.9,3,269.21,9,3722,516.17,3,204.44,9,
1820,3509,346.46,3,42.47,9,3657,483.72,3,194.45,8,3714,625.73,3,267.04,9,3722,509.22,3,196.44,9,
1821,3509,353.62,3,19.24,9,3657,458.57,3,172.31,8,3714,622.84,3,264.14,9,3722,501.09,3,187.05,9,3742,532.31,3,248.81,8,
1822,3509,363.29,3,6.91,9,3657,433.28,3,151.04,8,3714,620.5,3,261.8,9,3722,489.66,3,175.98,9,3742,532.43,3,248.1,8,
1823,3509,375.93,3,34.33,9,3657,408.71,3,131.91,8,3714,617.62,3,258.93,9,3722,476.43,3,163.27,9,3742,532.65,3,246.89,8,
1824,3509,390.89,3,63.36,9,3657,384.31,3,114.99,8,3714,615.41,3,256.72,9,3722,460.91,3,151.02,9,3742,533.0,3,245.3,8,
1825,3509,407.2,3,92.71,9,3657,359.74,3,100.77,8,3714,613.26,3,254.57,9,3722,442.92,3,138.22,9,3742,533.55,3,243.16,8,
1826,3509,425.09,3,122.76,9,3657,334.74,3,90.74,8,3714,611.4,3,252.71,9,3722,423.84,3,129.08,9,3742,534.29,3,240.87,8,
1827,3509,444.24,3,152.74,9,3657,310.56,3,85.92,8,3714,608.6,3,249.92,9,3722,403.42,3,123.24,9,3742,535.39,3,238.4,8,
1828,3509,464.0,3,181.94,9,3657,285.54,3,87.61,8,3714,606.8,3,248.14,9,3722,381.4,3,122.45,9,3742,536.6,3,236.47,8,
1829,3509,485.21,3,211.83,9,3657,260.49,3,95.44,8,3714,604.14,3,245.49,9,3722,363.98,3,125.87,9,3742,538.16,3,234.93,8,
1830,3509,504.81,3,238.41,9,3657,235.58,3,107.96,8,3714,602.08,3,243.44,9,3722,350.07,3,128.87,9,3742,539.96,3,234.02,8,3744,367.32,3,249.45,8,
1831,3509,521.65,3,260.6,9,3657,211.4,3,123.27,8,3714,599.44,3,240.83,9,3722,340.27,3,131.85,9,3742,541.96,3,233.68,8,3744,358.62,3,248.49,8,
1832,3509,535.81,3,278.87,9,3657,187.21,3,141.24,8,3714,597.15,3,238.55,9,3722,334.96,3,134.41,9,3742,543.38,3,233.77,8,3744,353.99,3,248.13,8,
1833,3509,546.63,3,292.63,9,3657,162.37,3,161.46,8,3714,594.38,3,235.81,9,3722,329.45,3,139.56,9,3742,544.31,3,233.61,8,3744,352.17,3,248.89,8,
1834,3657,137.77,3,182.65,8,3714,591.77,3,233.23,9,3722,323.91,3,146.72,9,3742,542.09,3,230.68,8,
1835,3657,112.8,3,205.12,8,3714,589.58,3,231.07,9,3722,318.5,3,157.06,9,3742,536.52,3,224.86,8,
1836,3657,88.74,3,227.55,8,3707,327.82,3,245.97,8,3714,587.21,3,228.73,9,3722,313.41,3,170.0,9,3742,528.72,3,217.0,8,
1837,3707,318.78,3,222.38,8,3714,585.35,3,226.89,9,3722,306.56,3,184.91,9,3742,519.35,3,207.57,8,
1838,3707,311.17,3,198.44,8,3714,582.43,3,224.02,9,3722,299.44,3,202.15,9,3742,508.64,3,196.77,8,
1839,3707,305.44,3,175.37,8,3714,580.32,3,221.94,9,3722,293.47,3,222.36,9,3742,496.14,3,184.18,8,
1840,3707,301.32,3,151.94,8,3714,577.56,3,219.22,9,3722,289.93,3,245.2,9,3742,481.73,3,169.66,8,
1841,3707,299.01,3,128.74,8,3714,575.34,3,217.05,9,3722,289.59,3,270.01,9,3742,465.22,3,153.0,8,
1842,3707,298.48,3,105.39,8,3714,572.98,3,214.73,9,3722,292.45,3,297.25,9,3742,447.36,3,134.97,8,
1843,3657,90.65,3,293.95,9,3707,299.79,3,81.88,8,3714,570.98,3,212.78,9,3742,429.06,3,116.5,8,
1844,3657,115.11,3,275.5,9,3707,302.81,3,59.12,8,3714,568.49,3,210.35,9,3742,410.14,3,97.37,8,
1845,3657,139.71,3,259.08,9,3707,306.69,3,35.3,8,3714,566.5,3,208.39,9,3742,391.85,3,78.47,8,
1846,3657,164.92,3,245.03,9,3707,314.13,3,12.56,8,3714,563.91,3,205.88,9,3742,374.47,3,60.28,8,
1847,3657,189.68,3,232.93,9,3707,323.04,3,11.4,8,3714,561.28,3,203.32,9,3742,358.71,3,43.79,8,3779,513.57,3,201.46,9,
1848,3657,214.4,3,220.74,9,3707,333.77,3,34.97,8,3714,558.94,3,201.05,9,3742,346.9,3,31.52,8,3779,512.2,3,199.87,9,
1849,3657,238.65,3,206.52,9,3707,345.48,3,58.13,8,3714,556.75,3,198.92,9,3742,338.93,3,23.39,8,3779,508.67,3,195.81,9,
1850,3657,261.86,3,191.84,9,3707,358.09,3,80.96,8,3714,554.34,3,196.59,9,3742,334.18,3,18.7,8,3779,502.95,3,189.2,9,
1851,3657,283.95,3,176.57,9,3707,371.65,3,103.74,8,3714,552.54,3,194.85,9,3742,330.58,3,15.46,8,3779,495.13,3,181.26,9,
1852,3657,304.79,3,160.25,9,3707,386.88,3,126.86,8,3714,549.92,3,192.33,9,3742,330.1,3,16.89,8,3779,485.1,3,171.57,9,
1853,3657,324.51,3,144.01,9,3707,403.75,3,150.17,8,3714,548.08,3,190.56,9,3742,331.93,3,20.63,8,3779,473.72,3,160.74,9,
1854,3657,345.85,3,133.49,9,3707,422.12,3,173.13,8,3714,545.59,3,188.17,9,3742,334.93,3,26.86,8,3779,459.57,3,150.03,9,
1855,3657,368.81,3,128.1,9,3707,441.36,3,196.35,8,3714,542.84,3,185.54,9,3742,339.17,3,35.66,8,3779,443.44,3,138.57,9,
1856,3657,390.66,3,125.09,9,3707,460.85,3,220.02,8,3714,540.5,3,183.31,9,3742,344.58,3,46.57,8,3779,426.51,3,130.1,9,
1857,3657,413.23,3,128.34,9,3707,480.17,3,243.07,8,3714,538.0,3,180.93,9,3742,351.47,3,59.87,8,3779,407.5,3,124.0,9,
1858,3657,436.49,3,136.82,9,3714,535.33,3,178.39,9,3742,360.01,3,75.58,8,3779,387.05,3,121.99,9,
1859,3657,461.49,3,153.52,9,3714,533.19,3,176.37,9,3742,370.09,3,93.11,8,3779,364.94,3,125.61,9,
1860,3657,485.65,3,174.02,9,3714,531.26,3,174.55,9,3742,381.79,3,112.25,8,3779,340.8,3,131.67,9,
1861,3657,508.81,3,197.95,9,3714,528.49,3,171.94,9,3742,396.08,3,133.33,8,3771,340.29,3,247.66,8,3779,316.17,3,143.88,9,
1862,3657,529.36,3,222.07,9,3714,526.45,3,170.03,9,3742,413.04,3,156.56,8,3771,336.89,3,247.32,8,3779,291.35,3,161.94,9,
1863,3657,549.16,3,246.31,9,3714,524.61,3,168.31,9,3742,431.35,3,179.26,8,3771,331.95,3,247.26,8,3779,265.76,3,182.05,9,
1864,3657,569.6,3,270.89,9,3714,522.16,3,166.03,9,3742,450.01,3,202.06,8,3771,325.86,3,247.35,8,3779,238.07,3,200.94,9,
1865,3657,590.54,3,295.6,9,3714,520.01,3,164.03,9,3742,469.55,3,225.91,8,3771,317.53,3,247.78,8,3779,209.17,3,218.06,9,
1866,3489,294.55,3,289.47,9,3714,517.8,3,161.99,9,3742,489.35,3,249.61,8,3744,532.38,3,248.41,8,3771,307.32,3,248.8,8,3779,179.39,3,232.79,9,
1867,3489,292.65,3,258.95,9,3714,515.46,3,159.84,9,3744,532.86,3,245.89,8,3779,149.24,3,248.57,9,
1868,3489,294.98,3,230.41,9,3714,513.51,3,158.05,9,3744,533.15,3,244.73,8,3779,118.45,3,268.18,9,
1869,3489,301.08,3,206.97,9,3585,294.5,3,289.1,9,3714,511.35,3,156.08,9,3744,533.54,3,243.16,8,3779,88.43,3,290.59,9,
1870,3489,308.58,3,188.3,9,3585,292.65,3,259.04,9,3714,508.93,3,153.89,9,3744,534.2,3,241.14,8,
1871,3489,315.14,3,173.98,9,3585,294.68,3,231.98,9,3714,506.19,3,151.41,9,3744,535.15,3,238.9,8,
1872,3489,319.4,3,163.53,9,3585,300.24,3,209.42,9,3714,503.75,3,149.22,9,3744,536.25,3,236.96,8,
1873,3489,321.88,3,157.17,9,3585,307.08,3,191.77,9,3714,501.37,3,147.1,9,3744,537.54,3,235.45,8,
1874,3489,323.39,3,150.54,9,3585,313.03,3,178.5,9,3714,498.48,3,144.53,9,3744,539.12,3,234.36,8,
1875,3489,319.19,3,144.96,9,3585,317.83,3,167.59,9,3714,496.25,3,142.58,9,3744,540.98,3,233.78,8,3779,95.79,3,222.69,8,
1876,3489,312.63,3,146.17,9,3585,320.94,3,159.55,9,3714,494.05,3,140.65,9,3744,542.56,3,233.69,8,3779,126.17,3,195.65,8,
1877,3489,305.48,3,151.16,9,3585,322.45,3,155.73,9,3714,492.06,3,138.93,9,3744,543.66,3,233.82,8,3779,155.6,3,170.65,8,
1878,3489,296.43,3,157.93,9,3585,324.76,3,149.62,9,3714,489.8,3,136.98,9,3744,545.27,3,234.14,8,3779,185.18,3,147.29,8,3823,312.17,3,38.72,8,
1879,3489,285.18,3,166.68,9,3585,327.38,3,142.13,9,3714,487.28,3,134.83,9,3744,547.26,3,234.84,8,3779,215.64,3,126.29,8,3823,312.55,3,37.43,8,
1880,3489,272.19,3,176.99,9,3585,330.39,3,133.12,9,3714,485.33,3,133.18,9,3744,549.66,3,236.01,8,3779,245.75,3,110.18,8,3823,313.65,3,33.74,8,
1881,3489,257.35,3,188.11,9,3503,540.68,3,246.67,8,3585,332.99,3,122.28,9,3714,482.81,3,131.04,9,3744,552.08,3,237.58,8,3771,144.25,3,288.11,9,3779,275.83,3,99.97,8,3823,315.5,3,27.9,8,
1882,3489,239.79,3,199.81,9,3503,534.91,3,242.31,8,3585,334.87,3,109.46,9,3714,479.82,3,128.47,9,3744,554.81,3,239.69,8,3771,151.99,3,266.21,9,3779,305.9,3,97.85,8,3823,318.12,3,20.47,8,
1883,3489,220.0,3,211.9,9,3503,530.84,3,240.93,8,3585,336.29,3,94.6,9,3714,477.1,3,126.15,9,3744,557.59,3,242.14,8,3771,162.62,3,243.77,9,3779,335.37,3,101.85,8,3823,321.38,3,13.0,8,
1884,2711,478.39,3,246.8,8,3489,198.13,3,223.74,9,3503,529.61,3,243.07,8,3585,338.75,3,77.41,9,3714,474.56,3,124.01,9,3744,560.68,3,245.14,8,3771,175.36,3,221.54,9,3779,365.78,3,112.82,8,3823,325.62,3,10.16,8,
1885,2711,454.18,3,217.63,8,3489,174.36,3,235.34,9,3503,528.99,3,246.68,8,3585,342.46,3,58.31,9,3714,471.55,3,121.5,9,3744,564.2,3,248.83,8,3771,189.92,3,199.23,9,3779,396.36,3,130.11,8,3823,328.26,3,17.62,8,
1886,2711,428.5,3,188.08,8,3440,541.23,3,247.19,8,3489,148.82,3,248.82,9,3585,347.88,3,37.43,9,3714,469.65,3,119.93,9,3771,206.06,3,176.66,9,3779,426.57,3,151.01,8,3823,334.99,3,32.08,8,
1887,2711,402.96,3,158.79,8,3440,535.09,3,242.42,8,3489,120.93,3,266.46,9,3585,355.31,3,14.35,9,3714,467.37,3,118.06,9,3771,222.54,3,155.17,9,3779,456.7,3,174.65,8,3823,343.44,3,49.23,8,
1888,2711,379.44,3,129.12,8,3440,533.35,3,241.46,8,3489,91.33,3,288.3,9,3585,365.29,3,11.43,9,3714,464.94,3,116.1,9,3771,240.09,3,133.45,9,3779,486.88,3,200.49,8,3823,353.79,3,68.8,8,
1889,2711,359.27,3,99.58,8,3440,533.12,3,241.38,8,3585,378.19,3,38.91,9,3714,462.46,3,114.12,9,3771,258.55,3,111.4,9,3779,517.46,3,227.81,8,3823,365.87,3,90.06,8,3839,360.17,3,119.51,8,
1890,2711,342.28,3,70.49,8,3440,532.95,3,241.33,8,3585,393.66,3,68.43,9,3714,459.77,3,111.99,9,3771,277.1,3,89.85,9,3823,377.32,3,112.68,8,3839,358.27,3,120.0,8,3840,385.02,3,75.69,9,
1891,2711,326.83,3,41.18,8,3440,532.11,3,241.06,8,3585,410.52,3,98.47,9,3714,456.82,3,109.7,9,3771,296.2,3,68.15,9,3823,394.38,3,137.34,8,3834,142.39,3,295.16,9,3839,355.32,3,120.87,8,3840,382.66,3,75.59,9,
1892,2711,313.41,3,12.79,8,3440,530.68,3,241.0,8,3585,429.01,3,129.05,9,3714,455.04,3,108.34,9,3771,314.06,3,48.19,9,3823,413.39,3,162.44,8,3834,146.07,3,282.14,9,3839,350.56,3,122.55,8,3840,380.22,3,75.58,9,
1893,2711,303.02,3,20.48,8,3440,529.81,3,242.26,8,3585,448.43,3,159.06,9,3714,452.71,3,106.58,9,3771,328.37,3,32.4,9,3812,570.99,3,270.69,9,3823,434.24,3,187.8,8,3834,151.65,3,267.01,9,3839,344.69,3,125.1,8,3840,377.85,3,75.66,9,
1894,2711,294.97,3,49.26,8,3440,529.31,3,244.62,8,3489,94.6,3,223.76,8,3585,469.3,3,189.53,9,3714,450.07,3,104.63,9,3771,339.93,3,19.77,9,3812,545.37,3,239.72,9,3813,544.61,3,292.51,9,3823,454.82,3,212.74,8,3834,159.37,3,250.1,9,3839,337.46,3,128.94,8,3840,375.52,3,75.82,9,
1895,2711,289.72,3,78.67,8,3163,477.19,3,245.37,8,3440,528.84,3,248.0,8,3489,124.91,3,196.75,8,3585,490.32,3,218.83,9,3714,447.42,3,102.7,9,3771,347.42,3,11.66,9,3812,519.3,3,208.04,9,3813,536.22,3,281.9,9,3823,476.05,3,238.19,8,3834,169.9,3,230.65,9,3839,329.09,3,134.33,8,3840,373.24,3,76.06,9,
1896,2711,288.08,3,108.89,8,3163,451.88,3,214.81,8,3489,154.91,3,171.22,8,3585,508.9,3,243.85,9,3714,445.42,3,101.27,9,3771,350.79,3,8.05,9,3812,491.66,3,177.9,9,3813,526.73,3,269.77,9,3834,183.14,3,209.32,9,3839,320.08,3,141.27,8,3840,371.54,3,76.3,9,
1897,2711,289.56,3,138.54,8,3163,425.2,3,184.33,8,3489,185.22,3,147.27,8,3585,524.53,3,264.35,9,3714,443.55,3,99.96,9,3771,355.17,3,4.2,9,3812,461.08,3,151.15,9,3813,515.51,3,255.24,9,3834,198.63,3,186.84,9,3839,311.26,3,149.22,8,3840,369.41,3,76.65,9,
1898,2711,294.19,3,168.83,8,3163,399.29,3,154.54,8,3489,215.11,3,126.62,8,3585,537.81,3,281.43,9,3714,441.47,3,98.53,9,3771,354.04,3,9.47,9,3812,430.77,3,131.84,9,3813,502.68,3,238.34,9,3834,215.9,3,163.64,9,3839,302.57,3,158.13,8,3840,367.05,3,77.12,9,
1899,2711,301.83,3,199.24,8,3489,245.57,3,110.26,8,3585,548.18,3,294.59,9,3714,439.09,3,96.93,9,3771,351.17,3,17.54,9,3812,404.29,3,123.38,9,3813,489.13,3,220.15,9,3834,233.77,3,141.17,9,3839,293.89,3,167.89,8,3840,365.43,3,77.5,9,
1900,2711,312.25,3,229.6,8,3489,275.95,3,99.94,8,3714,436.24,3,95.06,9,3771,347.86,3,27.5,9,3812,382.77,3,122.31,9,3813,474.88,3,200.53,9,3834,252.63,3,118.4,9,3839,285.71,3,177.47,8,3840,363.59,3,77.97,9,
1901,3489,306.12,3,97.87,8,3714,433.97,3,93.61,9,3771,344.31,3,39.21,9,3812,365.66,3,125.42,9,3813,459.23,3,178.33,9,3834,272.39,3,95.28,9,3839,277.61,3,188.03,8,3840,361.8,3,78.47,9,
1902,3489,337.09,3,102.25,8,3714,431.81,3,92.28,9,3771,340.53,3,53.19,9,3812,351.62,3,128.48,9,3813,442.82,3,154.15,9,3834,291.79,3,73.12,9,3839,270.11,3,198.87,8,3840,360.44,3,78.89,9,
1903,3489,367.57,3,113.68,8,3714,428.93,3,90.56,9,3771,337.07,3,69.25,9,3812,341.28,3,131.51,9,3813,425.93,3,128.05,9,3834,311.02,3,51.57,9,3839,263.49,3,209.56,8,3840,358.07,3,79.67,9,
1904,3489,398.4,3,131.4,8,3714,426.54,3,89.2,9,3771,334.07,3,87.17,9,3812,335.38,3,134.1,9,3813,409.22,3,100.6,9,3834,326.59,3,34.37,9,3839,256.87,3,221.48,8,3840,355.94,3,80.45,9,
1905,3489,428.54,3,152.49,8,3714,424.05,3,87.82,9,3771,332.15,3,103.86,9,3812,329.27,3,139.76,9,3813,392.52,3,71.19,9,3834,338.19,3,21.67,9,3839,251.2,3,233.11,8,3840,353.85,3,81.26,9,
1906,3489,456.05,3,174.12,8,3714,421.29,3,86.37,9,3771,331.16,3,116.04,9,3812,322.76,3,148.36,9,3813,376.71,3,41.47,9,3834,346.04,3,13.15,9,3839,246.07,3,245.19,8,3840,352.06,3,82.02,9,
1907,3489,479.17,3,193.75,8,3714,419.53,3,85.49,9,3771,329.32,3,124.26,9,3812,317.51,3,159.59,9,3813,362.75,3,12.08,9,3834,349.89,3,9.01,9,3840,350.12,3,82.86,9,
1908,3053,293.75,3,282.51,9,3489,497.89,3,210.22,8,3714,416.73,3,84.15,9,3771,326.79,3,134.11,9,3812,311.96,3,173.28,9,3813,351.25,3,17.3,9,3834,351.57,3,7.23,9,3840,348.17,3,83.77,9,
1909,3053,292.65,3,258.9,9,3489,512.51,3,223.33,8,3503,353.23,3,248.09,8,3714,414.11,3,82.98,9,3771,322.8,3,145.63,9,3812,304.86,3,188.81,9,3813,342.36,3,46.19,9,3834,354.69,3,4.2,9,3840,345.93,3,84.87,9,
1910,3053,293.99,3,236.23,9,3489,522.82,3,232.69,8,3503,333.51,3,247.27,8,3714,411.57,3,81.93,9,3771,317.6,3,159.37,9,3812,297.68,3,206.87,9,3813,336.8,3,70.61,9,3834,354.61,3,7.92,9,3840,344.55,3,85.57,9,
1911,3053,298.96,3,214.03,9,3489,529.1,3,239.02,8,3503,313.26,3,248.14,8,3714,408.87,3,80.89,9,3771,311.46,3,174.35,9,3812,292.19,3,227.91,9,3813,333.59,3,90.77,9,3834,351.83,3,15.66,9,3840,343.29,3,86.24,9,
1912,3053,305.9,3,194.61,9,3489,529.88,3,241.94,8,3714,406.51,3,80.06,9,3771,304.16,3,190.45,9,3812,289.65,3,250.81,9,3813,331.92,3,106.43,9,3834,348.47,3,25.62,9,3840,341.93,3,86.98,9,
1913,3053,312.92,3,178.75,9,3489,529.29,3,244.68,8,3714,403.86,3,79.16,9,3771,297.27,3,208.11,9,3812,290.03,3,276.34,9,3813,330.81,3,117.56,9,3834,344.88,3,37.22,9,3840,340.0,3,88.06,9,
1914,3053,318.09,3,166.91,9,3489,528.78,3,248.53,8,3714,399.35,3,77.08,9,3771,292.06,3,228.52,9,3813,329.34,3,124.17,9,3834,341.28,3,50.24,9,3840,338.71,3,88.8,9,
1915,3053,321.14,3,159.04,9,3714,393.29,3,71.76,9,3771,289.64,3,251.43,9,3813,327.26,3,132.57,9,3834,337.97,3,64.67,9,3840,337.24,3,89.66,9,
1916,3053,322.62,3,155.32,9,3714,388.33,3,63.56,9,3771,290.03,3,276.27,9,3813,324.0,3,142.28,9,3834,335.03,3,80.78,9,3840,335.27,3,90.87,9,
1917,3053,324.51,3,150.27,9,3714,382.61,3,52.9,9,3813,319.78,3,153.84,9,3834,332.6,3,99.28,9,3840,332.88,3,92.38,9,3880,407.76,3,77.94,9,
1918,3053,326.73,3,143.94,9,3714,376.23,3,40.51,9,3813,314.6,3,167.11,9,3834,331.42,3,113.31,9,3840,331.37,3,93.35,9,3880,409.68,3,78.69,9,
1919,3053,329.72,3,135.25,9,3714,369.26,3,26.25,9,3813,308.15,3,181.41,9,3834,329.65,3,122.74,9,3840,329.03,3,94.92,9,3880,411.45,3,79.44,9,
1920,3053,332.59,3,124.16,9,3440,365.41,3,249.21,8,3714,361.76,3,9.85,9,3813,301.09,3,197.92,9,3834,328.62,3,127.71,9,3840,326.65,3,96.56,9,3880,412.63,3,79.95,9,
1921,3053,334.76,3,111.05,9,3440,347.77,3,247.71,8,3714,354.12,3,9.25,9,3813,294.84,3,216.91,9,3834,326.75,3,134.23,9,3840,324.47,3,98.09,9,3880,414.08,3,80.61,9,
1922,3053,336.2,3,95.38,9,3440,329.88,3,247.27,8,3714,347.1,3,29.91,9,3813,290.54,3,237.93,9,3834,324.1,3,141.98,9,3840,323.08,3,99.1,9,3880,415.28,3,81.16,9,
1923,3053,338.6,3,78.28,9,3440,311.48,3,248.31,8,3714,340.85,3,51.91,9,3813,289.42,3,261.33,9,3834,320.73,3,151.3,9,3840,321.58,3,100.2,9,3880,416.5,3,81.75,9,
1924,3053,342.29,3,59.08,9,3714,335.89,3,75.68,9,3813,291.15,3,287.28,9,3834,316.33,3,162.65,9,3840,319.97,3,101.4,9,3880,418.07,3,82.53,9,
1925,3053,347.65,3,38.28,9,3714,333.08,3,94.97,9,3731,294.96,3,292.67,9,3834,310.81,3,175.74,9,3840,317.67,3,103.15,9,3880,419.63,3,83.33,9,3891,292.18,3,169.8,8,
1926,3053,354.84,3,15.69,9,3714,331.66,3,109.76,9,3731,292.63,3,264.31,9,3834,304.1,3,190.6,9,3840,315.66,3,104.71,9,3880,420.86,3,83.98,9,3891,291.3,3,170.8,8,
1927,3053,363.99,3,8.49,9,3714,330.25,3,120.0,9,3731,294.05,3,235.82,9,3834,297.44,3,207.54,9,3840,314.41,3,105.7,9,3880,421.97,3,84.59,9,3891,288.9,3,173.6,8,
1928,3053,374.56,3,31.49,9,3714,329.02,3,125.75,9,3731,299.49,3,212.08,9,3834,292.35,3,227.22,9,3840,312.52,3,107.2,9,3880,423.3,3,85.32,9,3891,285.76,3,177.4,8,
1929,3053,386.21,3,54.59,9,3714,326.96,3,133.66,9,3731,306.78,3,192.49,9,3834,289.69,3,249.77,9,3840,310.89,3,108.53,9,3880,424.94,3,86.24,9,3891,281.51,3,182.79,8,
1930,3053,398.49,3,77.24,9,3714,323.82,3,142.75,9,3731,313.67,3,177.16,9,3834,289.93,3,275.04,9,3840,309.31,3,109.82,9,3880,426.5,3,87.16,9,3891,276.25,3,189.91,8,
1931,3053,411.61,3,100.34,9,3714,319.78,3,153.86,9,3731,318.54,3,165.79,9,3840,307.04,3,111.71,9,3880,427.96,3,88.03,9,3891,270.06,3,198.98,8,
1932,3053,425.61,3,123.6,9,3714,314.91,3,166.32,9,3731,321.46,3,158.21,9,3840,305.17,3,113.3,9,3880,429.62,3,89.03,9,3891,264.26,3,208.25,8,
1933,3053,440.33,3,146.76,9,3714,308.7,3,180.23,9,3731,325.17,3,148.42,9,3840,303.06,3,115.12,9,3880,430.92,3,89.85,9,3891,258.91,3,217.66,8,
1934,3053,455.87,3,170.09,9,3714,302.07,3,195.49,9,3731,329.04,3,137.23,9,3840,301.12,3,116.8,9,3880,432.58,3,90.9,9,3891,254.08,3,227.02,8,3904,532.31,3,248.81,8,
1935,3053,472.14,3,193.57,9,3586,537.42,3,243.94,8,3714,295.79,3,213.35,9,3731,332.69,3,123.69,9,3840,299.91,3,117.86,9,3880,433.93,3,91.77,9,3891,249.76,3,236.32,8,3904,532.38,3,248.39,8,
1936,3053,489.24,3,217.36,9,3586,533.53,3,241.52,8,3714,291.16,3,233.19,9,3731,334.97,3,108.15,9,3840,298.2,3,119.37,9,3880,435.98,3,93.12,9,3891,245.74,3,246.03,8,3904,532.56,3,247.35,8,
1937,3053,506.76,3,241.0,9,3175,293.68,3,281.74,9,3586,530.74,3,240.98,8,3714,289.5,3,255.81,9,3731,336.74,3,90.97,9,3840,296.59,3,120.81,9,3852,594.51,3,298.45,9,3880,437.65,3,94.24,9,3890,371.03,3,249.97,8,3904,532.91,3,245.66,8,
1938,3053,523.35,3,262.81,9,3175,292.68,3,257.38,9,3586,529.65,3,242.92,8,3714,290.42,3,280.6,9,3731,339.69,3,71.97,9,3840,294.84,3,122.4,9,3852,584.75,3,287.08,9,3880,439.4,3,95.44,9,3890,352.28,3,248.02,8,3904,533.18,3,244.58,8,
1939,3053,536.77,3,280.1,9,3175,294.61,3,232.31,9,3586,529.06,3,246.18,8,3731,344.19,3,51.03,9,3840,293.44,3,123.68,9,3852,573.87,3,274.13,9,3880,440.84,3,96.44,9,3890,333.47,3,247.27,8,3904,535.1,3,244.58,8,
1940,3053,547.14,3,293.28,9,3175,300.25,3,209.43,9,3731,348.98,3,33.72,9,3840,291.96,3,125.05,9,3852,561.98,3,259.87,9,3880,442.73,3,97.78,9,3890,315.49,3,247.94,8,3904,541.3,3,249.65,8,
1941,3175,307.49,3,190.83,9,3731,353.13,3,20.68,9,3840,290.03,3,126.83,9,3852,548.97,3,244.12,9,3880,444.29,3,98.9,9,
1942,3175,314.13,3,176.21,9,3731,356.66,3,10.59,9,3840,288.28,3,128.48,9,3852,534.81,3,226.76,9,3880,445.68,3,99.91,9,
1943,3175,318.67,3,165.47,9,3731,358.38,3,5.02,9,3840,286.67,3,130.0,9,3852,518.51,3,207.13,9,3880,446.87,3,100.78,9,
1944,3175,321.25,3,158.75,9,3731,356.15,3,3.36,9,3840,285.38,3,131.23,9,3852,499.22,3,185.23,9,3880,448.48,3,101.98,9,
1945,3175,324.62,3,149.99,9,3731,349.24,3,11.05,9,3840,284.16,3,132.4,9,3852,475.94,3,162.8,9,3880,450.06,3,103.16,9,
1946,3175,328.31,3,139.38,9,3731,340.1,3,20.99,9,3840,282.51,3,133.99,9,3852,450.47,3,143.46,9,3880,451.9,3,104.57,9,
1947,3175,332.02,3,126.87,9,3731,329.77,3,32.34,9,3840,280.85,3,135.6,9,3852,424.14,3,129.19,9,3880,453.23,3,105.58,9,
1948,3175,334.73,3,111.49,9,3731,317.92,3,45.45,9,3840,278.87,3,137.55,9,3852,398.93,3,122.59,9,3859,549.8,3,299.03,9,3880,454.57,3,106.62,9,
1949,3175,336.3,3,94.57,9,3731,304.57,3,60.38,9,3840,277.44,3,138.97,9,3852,378.38,3,122.83,9,3859,542.16,3,289.43,9,3880,455.74,3,107.54,9,
1950,3175,339.13,3,75.12,9,3731,289.11,3,77.89,9,3840,275.75,3,140.65,9,3852,361.18,3,126.47,9,3859,532.65,3,277.36,9,3880,457.42,3,108.86,9,
1951,3175,343.49,3,53.79,9,3731,272.36,3,97.19,9,3840,274.36,3,142.04,9,3852,347.5,3,129.57,9,3859,521.9,3,263.53,9,3880,459.33,3,110.38,9,
1952,3175,348.38,3,35.76,9,3731,254.28,3,118.5,9,3840,272.85,3,143.56,9,3852,337.94,3,132.67,9,3859,509.46,3,247.31,9,3880,460.68,3,111.46,9,
1953,3175,352.61,3,22.24,9,3731,234.75,3,142.29,9,3840,271.62,3,144.81,9,3852,332.42,3,133.34,9,3859,496.04,3,229.48,9,3880,462.29,3,112.76,9,
1954,3175,355.7,3,13.25,9,3731,216.15,3,165.99,9,3840,269.89,3,146.57,9,3852,331.62,3,128.9,9,3859,481.08,3,209.12,9,3880,464.37,3,114.46,9,
1955,3175,357.53,3,8.26,9,3731,199.41,3,188.84,9,3840,267.94,3,148.58,9,3852,332.62,3,124.01,9,3859,465.08,3,186.72,9,3880,466.0,3,115.8,9,3903,545.77,3,234.16,8,
1956,3175,357.41,3,6.17,9,3731,183.7,3,212.19,9,3840,266.63,3,149.94,9,3852,334.14,3,117.16,9,3859,447.9,3,161.75,9,3880,467.58,3,117.11,9,3890,145.16,3,285.03,9,3903,528.95,3,217.23,8,
1957,3175,355.52,3,6.64,9,3731,169.56,3,235.89,9,3840,264.72,3,151.93,9,3852,335.01,3,107.74,9,3859,429.94,3,134.37,9,3880,469.41,3,118.63,9,3890,152.59,3,264.78,9,3903,513.21,3,201.38,8,
1958,3175,354.18,3,9.1,9,3731,157.92,3,259.11,9,3840,263.33,3,153.39,9,3852,336.08,3,96.46,9,3859,412.88,3,106.77,9,3880,471.16,3,120.1,9,3890,162.14,3,244.69,9,3903,497.6,3,185.65,8,
1959,3175,352.39,3,14.06,9,3731,148.85,3,282.92,9,3840,261.14,3,155.7,9,3852,337.73,3,83.87,9,3859,397.47,3,80.09,9,3880,473.27,3,121.89,9,3890,174.15,3,223.52,9,3903,481.32,3,169.24,8,
1960,3175,350.18,3,20.45,9,3840,259.94,3,156.98,9,3852,340.17,3,69.39,9,3859,384.04,3,55.59,9,3880,474.56,3,122.99,9,3890,187.63,3,202.58,9,3903,465.0,3,152.77,8,
1961,3175,347.27,3,29.37,9,3840,257.76,3,159.31,9,3852,343.68,3,53.07,9,3859,372.37,3,32.73,9,3880,476.04,3,124.25,9,3890,202.04,3,182.12,9,3903,448.99,3,136.62,8,
1962,3175,344.15,3,39.73,9,3840,256.41,3,160.77,9,3852,348.69,3,34.73,9,3859,362.73,3,12.04,9,3880,477.45,3,125.47,9,3890,217.36,3,161.77,9,3903,433.26,3,120.73,8,3943,556.51,3,245.4,8,
1963,3175,340.76,3,52.29,9,3840,254.66,3,162.67,9,3852,353.14,3,20.67,9,3859,354.89,3,7.21,9,3880,479.33,3,127.1,9,3890,233.78,3,141.16,9,3903,416.71,3,104.02,8,3943,558.63,3,247.53,8,
1964,3175,337.44,3,67.35,9,3840,252.88,3,164.61,9,3852,356.45,3,11.17,9,3859,348.7,3,24.89,9,3880,481.21,3,128.73,9,3890,251.26,3,120.03,9,3903,400.54,3,87.55,8,
1965,3175,334.58,3,83.73,9,3840,251.53,3,166.09,9,3852,358.3,3,5.37,9,3859,343.06,3,43.61,9,3880,482.59,3,129.93,9,3890,268.5,3,99.78,9,3903,384.97,3,71.27,8,
1966,3175,332.3,3,102.22,9,3840,249.86,3,167.93,9,3852,356.54,3,2.82,9,3859,338.29,3,63.15,9,3880,484.22,3,131.32,9,3890,286.45,3,79.18,9,3903,369.17,3,54.72,8,
1967,3175,329.72,3,122.4,9,3840,248.06,3,169.94,9,3852,350.36,3,9.85,9,3859,334.53,3,84.05,9,3880,486.14,3,132.97,9,3890,304.65,3,58.67,9,3903,354.1,3,38.98,8,
1968,3767,475.73,3,241.35,8,3840,246.13,3,172.1,9,3852,342.19,3,18.71,9,3859,332.4,3,101.22,9,3880,487.35,3,134.02,9,3890,321.14,3,40.36,9,3903,343.32,3,27.84,8,
1969,3767,456.22,3,217.69,8,3840,244.94,3,173.44,9,3852,332.52,3,29.31,9,3859,331.38,3,114.03,9,3880,488.73,3,135.21,9,3890,334.84,3,25.32,9,3903,336.67,3,21.13,8,
1970,3767,436.1,3,194.3,8,3840,243.05,3,175.59,9,3852,321.31,3,41.69,9,3859,329.62,3,122.88,9,3880,490.42,3,136.68,9,3890,344.52,3,14.8,9,3903,332.27,3,16.89,8,
1971,3767,415.78,3,170.93,8,3840,241.11,3,177.81,9,3852,308.35,3,56.13,9,3859,328.7,3,127.28,9,3880,491.96,3,138.03,9,3890,350.09,3,8.8,9,3903,329.69,3,15.06,8,
1972,3767,395.93,3,147.35,8,3840,239.84,3,179.26,9,3852,293.97,3,72.35,9,3859,327.1,3,133.14,9,3880,493.54,3,139.42,9,3890,354.8,3,4.15,9,3903,330.27,3,17.3,8,3952,348.33,3,12.03,9,
1973,3767,377.96,3,123.84,8,3840,238.14,3,181.23,9,3852,278.05,3,90.59,9,3859,324.65,3,140.41,9,3880,495.01,3,140.72,9,3890,354.72,3,7.65,9,3903,332.73,3,22.27,8,3952,346.73,3,13.77,9,
1974,3767,362.72,3,100.91,8,3840,236.22,3,183.45,9,3852,261.31,3,110.15,9,3859,321.21,3,150.04,9,3880,496.09,3,141.68,9,3890,352.32,3,14.23,9,3903,336.12,3,29.33,8,3952,343.76,3,17.0,9,
1975,3767,349.04,3,77.59,8,3840,234.94,3,184.96,9,3852,243.28,3,131.79,9,3859,316.9,3,161.18,9,3880,497.49,3,142.93,9,3890,349.19,3,23.43,9,3903,340.43,3,38.23,8,3952,338.67,3,22.56,9,
1976,3767,337.03,3,55.45,8,3799,536.59,3,243.31,8,3840,233.52,3,186.63,9,3852,225.52,3,153.88,9,3859,311.38,3,174.53,9,3880,498.63,3,143.94,9,3890,345.81,3,34.12,9,3903,345.81,3,49.0,8,3952,331.69,3,30.22,9,
1977,3767,328.05,3,37.5,8,3799,533.32,3,241.45,8,3840,232.43,3,187.92,9,3852,208.2,3,176.65,9,3859,304.73,3,189.13,9,3880,499.67,3,144.88,9,3890,342.23,3,46.65,9,3903,352.56,3,61.93,8,3952,322.57,3,40.29,9,
1978,3767,321.82,3,24.11,8,3799,530.74,3,240.97,8,3840,230.62,3,190.08,9,3852,192.5,3,198.84,9,3859,297.95,3,206.13,9,3880,500.85,3,145.94,9,3890,338.73,3,61.09,9,3903,360.46,3,76.37,8,3952,311.49,3,52.62,9,
1979,3767,317.91,3,15.28,8,3799,529.69,3,242.7,8,3840,229.46,3,191.47,9,3852,177.96,3,221.4,9,3859,292.75,3,225.43,9,3880,502.82,3,147.72,9,3890,335.51,3,77.86,9,3903,370.01,3,92.98,8,3952,298.98,3,66.68,9,
1980,3767,317.59,3,9.65,8,3799,529.12,3,245.78,8,3840,227.97,3,193.27,9,3852,164.99,3,244.42,9,3859,289.85,3,246.71,9,3880,504.84,3,149.55,9,3890,332.9,3,96.45,9,3903,381.6,3,111.96,8,3952,284.38,3,83.3,9,
1981,3767,322.46,3,7.93,8,3799,528.67,3,249.99,8,3840,226.32,3,195.28,9,3852,154.86,3,266.27,9,3859,289.56,3,269.55,9,3880,506.21,3,150.8,9,3890,331.57,3,111.1,9,3903,395.57,3,132.61,8,3952,268.18,3,102.07,9,
1982,3767,329.46,3,13.92,8,3840,224.76,3,197.18,9,3852,147.1,3,288.86,9,3859,292.11,3,294.71,9,3880,508.01,3,152.43,9,3890,329.99,3,121.18,9,3903,410.35,3,153.11,8,3952,250.82,3,122.66,9,
1983,3767,337.47,3,22.13,8,3840,223.13,3,199.18,9,3880,509.58,3,153.87,9,3890,328.8,3,126.81,9,3903,427.26,3,174.24,8,3943,560.81,3,249.28,8,3952,233.0,3,144.47,9,
1984,3767,347.2,3,32.32,8,3840,221.19,3,201.59,9,3880,510.64,3,154.85,9,3890,326.83,3,134.02,9,3903,444.25,3,194.96,8,3943,539.83,3,228.19,8,3952,215.72,3,166.56,9,
1985,3767,359.38,3,45.13,8,3840,219.63,3,203.55,9,3880,512.71,3,156.75,9,3890,323.82,3,142.75,9,3903,460.78,3,215.27,8,3943,518.77,3,206.98,8,3952,198.88,3,189.6,9,
1986,3767,372.97,3,59.43,8,3840,218.28,3,205.26,9,3880,514.33,3,158.26,9,3890,319.82,3,153.77,9,3903,477.35,3,235.3,8,3943,498.74,3,186.8,8,3952,183.5,3,212.5,9,
1987,3767,388.19,3,75.39,8,3840,217.04,3,206.82,9,3880,516.1,3,159.9,9,3890,315.01,3,166.07,9,3943,478.5,3,166.39,8,3952,170.32,3,234.51,9,
1988,3767,405.95,3,93.86,8,3840,215.75,3,208.47,9,3880,517.16,3,160.88,9,3890,309.07,3,179.43,9,3943,458.39,3,146.1,8,3952,158.92,3,256.91,9,
1989,3767,424.06,3,112.11,8,3840,213.99,3,210.73,9,3880,518.25,3,161.9,9,3890,302.39,3,194.7,9,3943,438.22,3,125.75,8,3952,149.85,3,279.81,9,
1990,3767,442.48,3,130.67,8,3840,212.12,3,213.16,9,3880,519.77,3,163.31,9,3890,296.1,3,212.25,9,3943,418.22,3,105.55,8,
1991,3767,461.56,3,149.89,8,3840,210.56,3,215.21,9,3880,521.13,3,164.58,9,3890,291.39,3,231.89,9,3943,398.55,3,85.47,8,
1992,3767,480.42,3,168.87,8,3840,209.05,3,217.2,9,3880,522.86,3,166.21,9,3890,289.56,3,253.45,9,3943,379.08,3,65.1,8,
1993,3656,539.2,3,245.4,8,3767,499.43,3,188.01,8,3840,207.39,3,219.42,9,3880,524.42,3,167.68,9,3890,290.06,3,276.63,9,3943,362.24,3,47.48,8,
1994,3656,534.08,3,241.82,8,3767,516.22,3,204.9,8,3828,295.52,3,296.87,9,3840,206.24,3,220.96,9,3880,525.58,3,168.77,9,3891,241.34,3,248.12,8,3943,349.14,3,33.83,8,
1995,3656,530.65,3,241.01,8,3767,528.55,3,217.31,8,3828,292.7,3,269.03,9,3840,205.14,3,222.44,9,3880,526.92,3,170.03,9,3891,245.24,3,238.26,8,3943,339.63,3,24.09,8,
1996,3656,529.56,3,243.3,8,3767,536.42,3,225.23,8,3828,293.45,3,241.28,9,3840,204.18,3,223.76,9,3880,528.57,3,171.6,9,3891,249.79,3,228.15,8,3943,334.34,3,18.85,8,
1997,3656,528.97,3,246.84,8,3767,540.49,3,229.56,8,3828,298.53,3,215.6,9,3840,202.46,3,226.12,9,3880,530.44,3,173.37,9,3891,254.84,3,218.12,8,3943,329.9,3,15.03,8,
1998,3767,540.78,3,230.66,8,3828,305.77,3,194.93,9,3840,200.77,3,228.46,9,3880,531.98,3,174.83,9,3891,260.37,3,208.22,8,3943,330.76,3,18.28,8,
1999,3767,539.29,3,230.49,8,3828,312.87,3,178.86,9,3840,199.07,3,230.84,9,3880,533.14,3,175.93,9,3891,265.93,3,199.16,8,3943,334.06,3,25.05,8,3996,319.49,3,109.83,8,
2000,3767,537.61,3,230.62,8,3828,318.13,3,166.81,9,3840,197.36,3,233.28,9,3880,534.43,3,177.15,9,3891,271.83,3,190.34,8,3943,338.2,3,33.66,8,3996,319.51,3,111.54,8,
2001,3767,535.86,3,231.22,8,3828,321.27,3,158.71,9,3840,195.75,3,235.59,9,3880,535.59,3,178.27,9,3891,278.23,3,181.53,8,3938,557.55,3,246.0,8,3943,343.66,3,44.73,8,3952,142.13,3,296.22,9,3996,319.6,3,115.5,8,
2002,3767,534.27,3,232.37,8,3828,325.05,3,148.78,9,3840,194.29,3,237.72,9,3880,536.76,3,179.39,9,3891,284.68,3,173.37,8,3938,551.29,3,239.72,8,3943,350.24,3,57.53,8,3952,146.08,3,282.12,9,3996,319.8,3,120.97,8,
2003,3712,293.31,3,277.76,9,3767,532.83,3,234.16,8,3828,329.26,3,136.59,9,3840,193.31,3,239.15,9,3880,537.99,3,180.56,9,3891,291.73,3,165.16,8,3938,544.02,3,232.83,8,3943,358.39,3,72.66,8,3952,152.21,3,265.69,9,3996,322.22,3,128.01,8,
2004,3712,292.94,3,249.28,9,3767,532.05,3,235.59,8,3828,332.88,3,122.78,9,3840,192.06,3,241.0,9,3880,539.11,3,181.64,9,3891,299.03,3,156.92,8,3938,540.62,3,230.63,8,3943,367.83,3,89.26,8,3952,160.59,3,247.68,9,3996,328.94,3,134.86,8,
2005,3712,296.37,3,224.2,9,3767,531.2,3,237.53,8,3828,335.11,3,106.38,9,3840,190.47,3,243.39,9,3880,540.74,3,183.2,9,3891,306.26,3,149.25,8,3938,538.62,3,230.5,8,3943,379.13,3,108.1,8,3952,171.34,3,228.19,9,3996,339.91,3,136.37,8,
2006,3712,302.27,3,203.78,9,3767,530.27,3,240.42,8,3828,337.06,3,88.54,9,3840,189.28,3,245.2,9,3880,541.96,3,184.37,9,3891,313.48,3,142.33,8,3938,536.49,3,230.95,8,3943,392.42,3,128.15,8,3952,185.05,3,206.43,9,3996,352.22,3,139.13,8,
2007,3712,308.66,3,188.1,9,3767,529.51,3,243.59,8,3828,340.21,3,69.18,9,3840,188.15,3,246.93,9,3880,543.45,3,185.8,9,3891,321.39,3,135.6,8,3938,534.41,3,232.25,8,3943,408.51,3,150.6,8,3952,200.33,3,184.46,9,3996,366.45,3,143.63,8,
2008,3712,313.88,3,176.73,9,3767,528.9,3,247.4,8,3828,345.0,3,47.88,9,3840,187.21,3,248.38,9,3880,545.31,3,187.6,9,3891,329.18,3,129.87,8,3938,533.01,3,233.9,8,3943,427.94,3,175.08,8,3952,217.64,3,161.42,9,3996,380.86,3,148.84,8,4010,531.76,3,220.06,8,
2009,3712,321.48,3,171.62,9,3828,350.13,3,29.95,9,3840,185.82,3,250.57,9,3880,546.49,3,188.73,9,3891,336.94,3,125.01,8,3938,532.19,3,235.29,8,3943,449.15,3,200.99,8,3952,235.42,3,139.15,9,3996,394.58,3,154.11,8,4010,529.85,3,218.14,8,
2010,3712,330.61,3,171.06,9,3828,354.54,3,16.57,9,3840,184.57,3,252.54,9,3880,548.13,3,190.32,9,3891,344.86,3,120.99,8,3938,531.83,3,236.08,8,3943,468.52,3,226.94,8,3952,254.34,3,116.38,9,3996,408.41,3,160.54,8,4010,526.57,3,214.84,8,
2011,3712,341.54,3,171.27,9,3828,357.77,3,7.6,9,3840,183.2,3,254.74,9,3880,549.27,3,191.42,9,3891,353.12,3,117.78,8,3938,530.23,3,236.12,8,3952,273.19,3,94.35,9,3996,422.08,3,167.85,8,4010,521.95,3,210.18,8,
2012,3712,353.96,3,172.37,9,3828,361.52,3,4.94,9,3840,181.87,3,256.92,9,3880,551.21,3,193.31,9,3891,358.48,3,116.26,8,3938,523.48,3,230.64,8,3952,292.79,3,71.99,9,3996,436.26,3,176.3,8,4010,515.72,3,203.91,8,
2013,3712,367.68,3,174.62,9,3828,367.6,3,10.54,9,3840,181.04,3,258.29,9,3880,552.85,3,194.89,9,3891,361.07,3,115.68,8,3938,514.57,3,222.46,8,3952,312.39,3,50.05,9,3996,450.24,3,185.89,8,4010,507.99,3,196.12,8,
2014,3712,381.28,3,177.88,9,3828,374.92,3,18.44,9,3840,179.99,3,260.03,9,3880,554.76,3,196.75,9,3891,364.87,3,115.32,8,3938,503.38,3,212.24,8,3952,328.17,3,32.62,9,3996,464.2,3,196.69,8,4010,498.07,3,186.12,8,
2015,3712,394.66,3,182.03,9,3828,383.91,3,28.13,9,3840,178.97,3,261.76,9,3880,556.83,3,198.76,9,3891,370.81,3,115.57,8,3938,489.61,3,199.74,8,3952,340.0,3,19.7,9,3996,478.71,3,208.33,8,4010,485.84,3,173.8,8,
2016,3712,408.12,3,187.07,9,3828,394.87,3,39.92,9,3840,177.77,3,263.82,9,3880,558.42,3,200.32,9,3891,379.32,3,119.14,8,3938,474.05,3,185.85,8,3952,347.78,3,11.28,9,3996,493.27,3,220.35,8,4010,472.05,3,159.89,8,
2017,3712,421.59,3,192.95,9,3828,407.35,3,53.28,9,3840,176.45,3,266.12,9,3880,559.57,3,201.43,9,3891,389.53,3,127.31,8,3938,456.2,3,170.26,8,3952,353.25,3,5.46,9,3996,506.19,3,231.27,8,4010,456.57,3,144.27,8,
2018,3712,435.34,3,199.69,9,3828,422.05,3,68.95,9,3840,175.06,3,268.59,9,3880,561.05,3,202.88,9,3891,397.37,3,138.3,8,3938,436.28,3,153.48,8,3952,355.02,3,6.56,9,3996,515.73,3,239.47,8,4010,439.09,3,126.63,8,
2019,3712,448.57,3,206.86,9,3828,438.06,3,85.94,9,3840,173.67,3,271.1,9,3880,562.15,3,203.96,9,3891,409.24,3,151.6,8,3938,414.24,3,136.06,8,3952,353.05,3,12.21,9,3996,520.8,3,243.86,8,4010,419.43,3,106.77,8,
2020,3828,456.56,3,105.47,9,3835,295.8,3,298.92,9,3840,172.65,3,272.99,9,3880,563.95,3,205.71,9,3891,421.47,3,167.07,8,3938,390.1,3,118.77,8,3952,350.55,3,19.36,9,3996,528.05,3,249.71,8,4010,398.73,3,85.65,8,
2021,3828,476.91,3,126.87,9,3835,292.99,3,273.59,9,3840,171.59,3,274.98,9,3880,565.3,3,207.04,9,3891,436.13,3,185.11,8,3938,363.38,3,102.65,8,3952,347.51,3,28.58,9,4010,379.31,3,65.35,8,
2022,3828,499.17,3,150.17,9,3835,292.99,3,248.29,9,3840,170.5,3,277.07,9,3841,294.27,3,287.23,9,3880,567.04,3,208.74,9,3891,452.0,3,204.51,8,3938,334.52,3,90.68,8,3952,344.06,3,40.06,9,3996,532.44,3,247.99,8,4005,589.53,3,292.68,9,4010,362.49,3,47.73,8,
2023,3828,523.81,3,175.85,9,3835,296.51,3,223.61,9,3840,169.57,3,278.9,9,3841,292.63,3,261.71,9,3880,568.43,3,210.11,9,3891,469.54,3,225.89,8,3938,304.63,3,85.67,8,3952,340.35,3,53.91,9,3996,532.95,3,245.49,8,4005,581.42,3,283.12,9,4010,349.27,3,33.97,8,
2024,3828,550.76,3,203.82,9,3835,303.12,3,201.55,9,3840,168.71,3,280.61,9,3841,294.04,3,235.93,9,3880,569.98,3,211.63,9,3891,483.61,3,242.78,8,3938,275.16,3,90.36,8,3952,336.86,3,70.28,9,3996,534.71,3,244.4,8,4005,571.42,3,271.21,9,4010,340.15,3,24.61,8,
2025,3828,576.48,3,230.39,9,3835,310.36,3,184.28,9,3840,167.5,3,283.06,9,3841,299.11,3,213.47,9,3880,571.22,3,212.85,9,3938,245.75,3,102.41,8,3952,333.87,3,88.68,9,3996,541.4,3,249.75,8,4005,560.17,3,257.7,9,4010,335.25,3,19.73,8,
2026,3808,293.28,3,277.31,9,3828,598.01,3,252.46,9,3835,316.34,3,171.26,9,3840,166.66,3,284.81,9,3841,305.39,3,195.85,9,3880,572.52,3,214.12,9,3938,215.77,3,120.27,8,3952,332.12,3,104.15,9,4005,547.91,3,242.82,9,4010,330.43,3,15.36,8,
2027,3808,292.8,3,252.82,9,3828,615.17,3,270.02,9,3835,319.96,3,162.09,9,3840,165.47,3,287.33,9,3841,311.09,3,182.67,9,3880,574.22,3,215.8,9,3938,186.3,3,141.96,8,3952,331.29,3,115.5,9,4005,533.71,3,225.4,9,4010,330.14,3,16.99,8,
2028,3808,295.14,3,229.67,9,3828,627.97,3,283.1,9,3835,322.19,3,156.39,9,3840,164.49,3,289.48,9,3841,315.82,3,174.06,9,3880,575.9,3,217.46,9,3938,156.24,3,166.64,8,3952,329.36,3,124.07,9,4005,517.28,3,205.72,9,4010,332.27,3,21.33,8,
2029,3808,299.69,3,211.37,9,3828,636.47,3,291.79,9,3835,324.95,3,149.08,9,3840,163.66,3,291.31,9,3841,325.12,3,171.21,9,3880,577.69,3,219.22,9,3938,127.12,3,192.13,8,3952,326.52,3,134.92,9,3963,549.88,3,299.13,9,4005,498.62,3,184.64,9,4010,335.4,3,27.83,8,
2030,3808,304.99,3,196.85,9,3828,640.63,3,295.93,9,3835,328.16,3,139.8,9,3840,162.73,3,293.44,9,3841,337.12,3,171.1,9,3880,579.62,3,221.12,9,3938,98.37,3,218.48,8,3952,322.29,3,147.08,9,3963,543.27,3,290.83,9,4005,476.1,3,162.95,9,4010,339.72,3,36.77,8,
2031,3808,309.39,3,186.45,9,3835,331.79,3,128.04,9,3840,162.17,3,294.78,9,3841,351.09,3,172.04,9,3880,580.69,3,222.17,9,3938,69.78,3,245.83,8,3952,317.02,3,160.87,9,3963,534.89,3,280.21,9,4005,451.19,3,143.96,9,4010,344.96,3,47.31,8,4037,549.13,3,298.2,9,
2032,3808,315.2,3,173.87,9,3835,334.61,3,113.38,9,3840,161.13,3,297.26,9,3841,364.95,3,174.09,9,3880,582.68,3,224.14,9,3952,310.51,3,176.35,9,3963,525.32,3,267.96,9,4005,427.08,3,130.32,9,4010,351.6,3,60.13,8,4037,547.48,3,296.12,9,4043,405.02,3,88.87,9,
2033,3808,319.16,3,164.16,9,3835,336.07,3,96.59,9,3840,160.34,3,299.23,9,3841,378.83,3,177.22,9,3880,584.05,3,225.5,9,3952,302.89,3,193.48,9,3963,513.93,3,253.17,9,4005,404.32,3,123.39,9,4010,359.39,3,74.45,8,4037,544.09,3,291.86,9,4043,405.94,3,90.49,9,
2034,3808,321.43,3,158.29,9,3835,338.7,3,77.7,9,3841,392.14,3,181.17,9,3880,585.66,3,227.09,9,3952,295.79,3,213.35,9,3963,501.44,3,236.69,9,4005,382.09,3,122.38,9,4010,368.47,3,90.35,8,4037,538.77,3,285.14,9,4043,408.3,3,94.63,9,
2035,3767,356.03,3,248.28,8,3808,322.71,3,155.12,9,3835,342.69,3,57.27,9,3841,406.29,3,186.34,9,3880,586.71,3,228.13,9,3952,290.88,3,235.17,9,3963,487.93,3,218.51,9,4005,359.85,3,126.7,9,4010,379.01,3,107.91,8,4037,531.99,3,276.51,9,4043,411.59,3,100.31,9,
2036,3767,339.49,3,247.4,8,3808,322.81,3,154.85,9,3835,348.77,3,34.45,9,3841,420.09,3,192.26,9,3880,588.24,3,229.64,9,3938,84.73,3,298.7,9,3952,289.44,3,259.08,9,3963,473.76,3,198.96,9,4005,337.39,3,132.88,9,4010,391.77,3,127.21,8,4037,524.16,3,266.46,9,4043,415.96,3,107.72,9,
2037,3767,322.48,3,247.49,8,3808,322.88,3,154.67,9,3835,356.9,3,9.95,9,3841,434.07,3,199.05,9,3880,589.48,3,230.87,9,3938,114.04,3,276.29,9,3952,290.96,3,285.67,9,3963,458.24,3,176.9,9,4005,315.38,3,144.38,9,4010,406.9,3,148.39,8,4037,515.19,3,254.83,9,4043,421.43,3,116.78,9,
2038,3767,306.18,3,248.94,8,3808,323.75,3,152.3,9,3841,443.69,3,204.15,9,3880,590.54,3,231.93,9,3938,144.09,3,256.41,9,3963,442.03,3,152.96,9,4005,294.45,3,159.48,9,4010,425.18,3,171.67,8,4037,505.08,3,241.52,9,4043,428.55,3,128.31,9,
2039,3808,325.13,3,148.57,9,3841,449.09,3,207.15,9,3880,591.99,3,233.36,9,3938,173.67,3,241.08,9,3963,426.16,3,128.41,9,4005,272.95,3,176.37,9,4010,446.06,3,197.16,8,4037,493.28,3,225.76,9,4043,436.92,3,141.5,9,
2040,3808,326.95,3,143.34,9,3841,451.54,3,207.58,9,3880,593.89,3,235.25,9,3938,203.55,3,226.14,9,3963,410.71,3,103.12,9,4005,250.99,3,192.72,9,4010,467.21,3,223.08,8,4037,479.99,3,207.62,9,4043,447.22,3,157.24,9,
2041,3808,329.57,3,135.71,9,3841,450.0,3,205.18,9,3880,595.24,3,236.6,9,3938,232.23,3,210.73,9,3963,396.08,3,77.62,9,4005,227.9,3,207.12,9,4010,488.54,3,248.65,8,4037,465.3,3,187.03,9,4043,459.26,3,175.06,9,
2042,3808,332.18,3,126.12,9,3841,447.36,3,203.67,9,3880,596.76,3,238.11,9,3938,258.74,3,193.72,9,3963,382.43,3,52.56,9,4005,204.17,3,220.59,9,4022,364.69,3,249.12,8,4037,449.74,3,164.47,9,4043,473.43,3,195.39,9,
2043,3808,334.53,3,114.71,9,3841,443.05,3,201.25,9,3880,598.51,3,239.85,9,3938,285.42,3,175.33,9,3963,369.81,3,27.42,9,4005,179.44,3,232.76,9,4022,348.36,3,247.74,8,4037,433.81,3,140.4,9,4043,489.44,3,217.63,9,
2044,3808,335.59,3,101.12,9,3841,436.74,3,197.82,9,3880,599.68,3,241.0,9,3938,310.18,3,155.82,9,3963,358.78,3,2.94,9,4005,154.6,3,245.62,9,4022,332.32,3,247.26,8,4037,417.3,3,114.11,9,4043,507.48,3,241.95,9,
2045,3808,337.44,3,85.85,9,3841,428.64,3,193.65,9,3880,601.26,3,242.58,9,3938,333.9,3,138.11,9,3963,349.6,3,22.17,9,4005,130.0,3,260.38,9,4022,315.7,3,247.93,8,4037,401.4,3,87.03,9,4043,523.17,3,262.58,9,
2046,3808,340.45,3,67.99,9,3841,419.04,3,189.04,9,3880,603.23,3,244.54,9,3938,361.69,3,129.73,9,3963,342.01,3,47.49,9,4005,105.61,3,277.25,9,4022,299.45,3,249.94,8,4037,386.29,3,59.81,9,4043,536.09,3,279.23,9,
2047,3808,344.79,3,48.67,9,3841,407.31,3,183.92,9,3880,605.23,3,246.54,9,3938,388.23,3,125.19,9,3963,336.52,3,72.12,9,4005,81.21,3,296.4,9,4037,372.41,3,32.81,9,4043,546.14,3,292.01,9,
2048,3808,349.7,3,31.38,9,3841,393.07,3,178.55,9,3880,606.54,3,247.85,9,3938,415.58,3,129.02,9,3963,333.4,3,92.26,9,4037,359.98,3,5.75,9,
2049,3808,353.83,3,18.62,9,3841,379.4,3,174.36,9,3880,608.14,3,249.45,9,3938,444.55,3,141.59,9,3963,331.79,3,108.02,9,4037,349.78,3,21.63,9,
2050,3808,356.73,3,10.39,9,3841,365.79,3,171.17,9,3880,609.69,3,250.99,9,3938,474.14,3,163.07,9,3963,330.42,3,119.23,9,4037,341.69,3,48.68,9,
2051,3808,358.35,3,5.15,9,3841,352.5,3,169.05,9,3880,611.23,3,252.53,9,3938,502.31,3,190.48,9,3963,328.98,3,125.91,9,4037,336.69,3,71.24,9,
2052,3808,357.19,3,1.76,9,3841,338.46,3,167.95,9,3880,612.61,3,253.91,9,3938,527.5,3,219.78,9,3963,326.89,3,133.83,9,4037,333.77,3,89.43,9,4043,546.23,3,294.56,9,
2053,3808,352.32,3,7.75,9,3841,325.11,3,168.0,9,3880,613.82,3,255.12,9,3938,549.05,3,246.17,9,3963,323.37,3,144.01,9,4005,68.9,3,247.53,8,4037,332.05,3,104.97,9,4043,540.71,3,287.59,9,
2054,3808,345.2,3,15.44,9,3880,615.64,3,256.94,9,3938,567.26,3,268.09,9,3963,318.98,3,155.85,9,4005,92.79,3,225.41,8,4037,331.0,3,116.71,9,4043,533.86,3,278.9,9,
2055,3765,477.39,3,243.35,8,3808,335.8,3,25.7,9,3880,616.91,3,258.22,9,3913,538.01,3,244.16,8,3938,581.92,3,285.53,9,3963,313.67,3,169.37,9,4005,116.8,3,203.88,8,4037,329.41,3,123.88,9,4043,525.68,3,268.42,9,
2056,3654,295.34,3,295.5,9,3765,455.74,3,217.1,8,3808,324.32,3,38.36,9,3880,618.87,3,260.18,9,3913,514.2,3,222.11,8,3938,593.05,3,298.5,9,3963,306.66,3,184.72,9,4005,140.79,3,183.05,8,4037,328.68,3,127.4,9,4041,544.06,3,291.82,9,4043,516.47,3,256.49,9,
2057,3654,292.65,3,266.57,9,3765,433.11,3,190.88,8,3808,311.67,3,52.42,9,3880,620.97,3,262.28,9,3913,491.03,3,201.02,8,3963,299.43,3,202.17,9,4005,165.09,3,162.93,8,4037,327.23,3,132.67,9,4041,531.85,3,276.33,9,4043,506.28,3,243.11,9,
2058,3654,293.82,3,237.6,9,3765,410.98,3,165.35,8,3808,297.58,3,68.26,9,3880,622.44,3,263.75,9,3913,467.72,3,180.27,8,3963,293.44,3,222.51,9,4005,189.93,3,143.79,8,4037,324.95,3,139.51,9,4041,519.4,3,260.3,9,4043,494.99,3,228.06,9,
2059,3654,299.29,3,212.79,9,3765,390.2,3,139.92,8,3808,282.2,3,85.81,9,3880,623.66,3,264.98,9,3913,444.63,3,160.41,8,3963,289.9,3,245.84,9,4005,214.32,3,127.12,8,4037,321.76,3,148.59,9,4041,506.87,3,243.9,9,4043,482.37,3,210.9,9,
2060,3654,306.58,3,192.97,9,3765,370.66,3,113.67,8,3808,265.38,3,105.35,9,3880,625.29,3,266.62,9,3913,421.7,3,141.81,8,3963,289.64,3,270.96,9,4005,238.09,3,113.71,8,4037,317.44,3,159.75,9,4041,493.44,3,225.98,9,4043,469.11,3,192.44,9,
2061,3654,313.43,3,177.66,9,3765,354.72,3,87.47,8,3808,249.19,3,124.62,9,3880,627.4,3,268.73,9,3913,398.96,3,124.85,8,3963,292.3,3,296.1,9,4005,262.86,3,103.6,8,4037,312.27,3,172.6,9,4041,478.93,3,206.15,9,4043,455.24,3,172.55,9,
2062,3654,318.32,3,166.34,9,3765,341.0,3,62.97,8,3808,233.33,3,144.06,9,3880,629.5,3,270.84,9,3913,375.6,3,109.64,8,4005,287.75,3,98.04,8,4022,141.6,3,298.57,9,4037,305.56,3,187.2,9,4041,464.52,3,185.91,9,4043,440.8,3,151.11,9,
2063,3654,321.27,3,158.71,9,3765,330.72,3,42.99,8,3808,217.89,3,163.71,9,3880,630.59,3,271.94,9,3913,352.11,3,97.13,8,4005,311.52,3,98.23,8,4022,146.78,3,280.01,9,4037,298.71,3,204.06,9,4041,449.19,3,163.66,9,4043,425.93,3,128.05,9,
2064,3654,324.83,3,149.42,9,3765,323.38,3,27.55,8,3808,203.38,3,183.28,9,3880,632.37,3,273.73,9,3913,328.61,3,89.15,8,4005,335.41,3,101.85,8,4022,154.21,3,261.05,9,4037,293.18,3,223.57,9,4041,433.59,3,140.07,9,4043,410.43,3,102.65,9,
2065,3654,328.73,3,138.14,9,3765,318.32,3,16.22,8,3808,189.74,3,202.93,9,3880,633.49,3,274.85,9,3913,305.29,3,85.67,8,4005,359.64,3,110.0,8,4022,163.54,3,242.04,9,4037,289.94,3,245.12,9,4041,417.39,3,114.26,9,4043,394.53,3,74.83,9,
2066,3654,332.56,3,124.29,9,3715,294.93,3,292.43,9,3765,317.67,3,9.52,8,3808,177.68,3,221.86,9,3880,635.41,3,276.79,9,3913,282.07,3,88.41,8,4005,384.13,3,122.69,8,4022,174.24,3,223.37,9,4037,289.5,3,268.41,9,4041,402.02,3,88.14,9,4043,378.59,3,45.17,9,
2067,3654,335.0,3,107.79,9,3715,292.64,3,265.06,9,3765,323.91,3,8.81,8,3808,167.03,3,240.53,9,3880,637.23,3,278.62,9,3913,259.3,3,95.94,8,4005,407.76,3,137.58,8,4022,185.81,3,205.29,9,4037,292.0,3,293.72,9,4041,387.72,3,62.44,9,4043,363.85,3,14.55,9,
2068,3654,337.02,3,88.87,9,3715,293.68,3,238.83,9,3765,331.68,3,16.16,8,3808,157.34,3,260.41,9,3880,638.34,3,279.74,9,3913,235.49,3,108.01,8,4005,432.54,3,155.51,8,4022,198.47,3,187.05,9,4041,373.93,3,35.9,9,4043,351.58,3,16.36,9,
2069,3654,340.41,3,68.14,9,3715,299.06,3,213.65,9,3765,340.24,3,25.03,8,3808,149.68,3,280.34,9,3880,640.1,3,281.51,9,3913,211.58,3,123.14,8,4005,456.46,3,174.46,8,4022,212.02,3,168.71,9,4041,361.74,3,9.79,9,4043,342.57,3,45.41,9,
2070,3654,345.79,3,44.9,9,3715,306.37,3,193.47,9,3765,350.13,3,35.4,8,3808,144.6,3,299.16,9,3880,642.2,3,283.62,9,3913,188.03,3,140.6,8,4005,480.28,3,194.71,8,4022,226.75,3,149.89,9,4041,351.69,3,16.06,9,4043,336.93,3,69.98,9,
2071,3654,353.45,3,19.73,9,3715,313.35,3,177.83,9,3765,361.94,3,47.83,8,3880,644.16,3,285.6,9,3913,165.16,3,159.12,8,4005,504.66,3,216.27,8,4022,241.91,3,131.25,9,4041,343.5,3,42.02,9,4043,333.68,3,90.12,9,
2072,3654,363.8,3,8.08,9,3715,318.38,3,166.19,9,3765,375.17,3,61.74,8,3880,645.78,3,287.23,9,3913,142.49,3,178.5,8,4005,529.15,3,238.47,8,4022,257.38,3,112.78,9,4041,337.84,3,65.34,9,4043,331.94,3,106.24,9,
2073,3654,377.05,3,36.62,9,3715,321.34,3,158.52,9,3765,390.86,3,78.19,8,3880,647.89,3,289.36,9,3913,119.99,3,198.56,8,4022,273.68,3,93.79,9,4041,334.45,3,84.59,9,4043,330.74,3,117.84,9,
2074,3654,392.02,3,65.43,9,3715,325.1,3,148.62,9,3765,408.86,3,96.8,8,3880,649.23,3,290.71,9,3913,97.32,3,219.46,8,4022,289.44,3,75.79,9,4041,332.55,3,99.75,9,4043,329.19,3,124.88,9,
2075,3654,408.2,3,94.46,9,3715,329.09,3,137.07,9,3765,429.7,3,117.79,8,3880,650.73,3,292.22,9,3913,74.65,3,241.07,8,4022,306.08,3,57.07,9,4041,331.6,3,110.55,9,4043,326.7,3,134.38,9,4105,584.02,3,238.13,9,
2076,3654,425.22,3,122.97,9,3715,332.74,3,123.43,9,3765,450.92,3,139.16,8,3880,651.81,3,293.31,9,4022,322.59,3,38.77,9,4041,330.28,3,119.86,9,4043,322.68,3,145.97,9,4105,585.67,3,239.82,9,
2077,3654,444.11,3,152.54,9,3715,334.99,3,107.96,9,3765,471.65,3,160.05,8,3880,653.14,3,294.65,9,4022,335.49,3,24.62,9,4041,328.98,3,125.93,9,4043,317.62,3,159.28,9,4105,589.48,3,243.72,9,
2078,3654,463.56,3,181.3,9,3715,336.8,3,90.57,9,3765,492.59,3,181.12,8,3880,654.41,3,295.94,9,4022,344.86,3,14.43,9,4041,326.78,3,134.15,9,4043,311.52,3,174.23,9,4105,595.5,3,249.89,9,
2079,3654,483.86,3,209.95,9,3715,339.82,3,71.32,9,3765,510.88,3,199.53,8,3880,655.65,3,297.19,9,4022,350.12,3,8.77,9,4041,323.35,3,144.07,9,4043,304.03,3,190.74,9,4105,602.89,3,257.46,9,
2080,3654,504.19,3,237.58,9,3715,344.31,3,50.52,9,3765,525.62,3,214.36,8,3880,656.87,3,298.42,9,4022,353.99,3,4.72,9,4041,318.92,3,155.97,9,4043,296.85,3,209.56,9,4105,612.06,3,266.84,9,
2081,3654,521.74,3,260.71,9,3715,349.14,3,33.21,9,3765,536.01,3,224.81,8,3880,658.21,3,299.78,9,4022,355.11,3,6.21,9,4041,313.51,3,169.75,9,4043,291.51,3,231.3,9,4105,622.75,3,277.78,9,
2082,3654,536.18,3,279.34,9,3715,353.47,3,19.68,9,3765,540.84,3,230.04,8,3913,96.6,3,289.29,9,4022,353.32,3,11.45,9,4041,306.39,3,185.32,9,4043,289.51,3,255.19,9,4105,631.47,3,286.68,9,
2083,3654,547.3,3,293.48,9,3715,356.84,3,10.11,9,3765,540.63,3,230.64,8,3913,119.42,3,272.51,9,4022,350.98,3,18.08,9,4041,299.02,3,203.25,9,4043,290.44,3,280.78,9,4105,636.33,3,291.64,9,
2084,3715,358.37,3,5.04,9,3765,539.35,3,230.5,8,3913,143.08,3,257.02,9,4022,348.27,3,26.22,9,4041,293.17,3,223.63,9,4105,639.38,3,294.39,9,
2085,3715,356.41,3,3.02,9,3765,537.79,3,230.59,8,3913,166.8,3,244.16,9,4022,345.21,3,36.1,9,4041,289.88,3,246.22,9,4105,637.47,3,292.07,9,
2086,3715,350.08,3,10.14,9,3765,535.95,3,231.18,8,3913,190.32,3,232.61,9,4022,342.02,3,47.44,9,4041,289.61,3,270.45,9,4105,632.06,3,286.54,9,
2087,3715,341.46,3,19.51,9,3765,534.18,3,232.46,8,3913,213.92,3,221.0,9,4022,338.77,3,60.88,9,4041,292.44,3,297.24,9,4105,625.26,3,279.59,9,
2088,3715,331.27,3,30.68,9,3765,532.77,3,234.26,8,3913,236.2,3,208.12,9,4022,335.73,3,76.58,9,4105,616.37,3,270.48,9,
2089,3715,319.94,3,43.21,9,3765,532.02,3,235.63,8,3815,293.85,3,283.39,9,3913,258.46,3,193.89,9,4022,333.19,3,94.01,9,4105,605.23,3,259.07,9,
2090,3715,307.35,3,57.26,9,3765,531.14,3,237.67,8,3815,292.7,3,256.27,9,3913,280.08,3,179.15,9,4022,331.71,3,109.17,9,4105,592.27,3,245.78,9,
2091,3715,293.24,3,73.19,9,3765,530.19,3,240.75,8,3815,295.17,3,229.49,9,3913,296.6,3,166.36,9,4022,330.3,3,119.77,9,4105,577.73,3,230.84,9,
2092,3715,277.21,3,91.55,9,3765,529.38,3,244.22,8,3815,301.32,3,206.32,9,3817,467.62,3,236.25,8,3913,309.29,3,156.67,9,4022,328.92,3,126.16,9,4105,561.5,3,214.09,9,
2093,3715,259.41,3,112.4,9,3765,528.94,3,247.11,8,3815,308.77,3,187.85,9,3817,454.41,3,220.36,8,3913,317.38,3,149.07,9,4022,328.5,3,128.24,9,4105,543.85,3,195.76,9,
2094,3715,241.48,3,133.98,9,3765,529.29,3,249.23,8,3815,315.25,3,173.74,9,3817,439.65,3,203.15,8,3913,321.56,3,144.27,9,4022,328.5,3,128.24,9,4105,524.21,3,175.34,9,
2095,3715,224.21,3,155.56,9,3815,319.42,3,163.48,9,3817,423.0,3,184.37,8,3913,326.82,3,137.29,9,4022,328.5,3,128.24,9,4105,502.32,3,152.49,9,
2096,3715,208.23,3,176.61,9,3815,321.82,3,157.33,9,3817,404.73,3,163.58,8,3913,331.68,3,128.61,9,3942,541.55,3,247.48,8,4022,328.12,3,129.57,9,4105,478.63,3,127.65,9,
2097,3715,193.15,3,197.88,9,3815,324.97,3,149.02,9,3817,385.99,3,140.85,8,3913,334.16,3,117.09,9,3942,535.17,3,242.47,8,4022,327.83,3,130.58,9,4105,453.03,3,100.67,9,
2098,3715,178.94,3,219.8,9,3795,479.88,3,246.34,8,3815,328.53,3,138.72,9,3817,367.26,3,116.35,8,3913,335.36,3,103.53,9,3942,530.91,3,240.91,8,4022,326.92,3,133.76,9,4105,428.56,3,74.71,9,
2099,3715,166.76,3,241.04,9,3795,467.29,3,231.17,8,3815,332.13,3,126.39,9,3817,350.67,3,89.87,8,3840,532.16,3,249.96,8,3913,337.06,3,88.54,9,3942,529.68,3,242.79,8,4022,325.35,3,138.33,9,4105,407.77,3,52.5,9,
2100,3715,156.59,3,262.16,9,3795,453.67,3,214.55,8,3815,334.74,3,111.41,9,3817,335.51,3,63.51,8,3840,532.63,3,246.94,8,3880,648.15,3,299.54,9,3913,339.74,3,71.73,9,3942,529.07,3,246.14,8,4022,323.26,3,144.31,9,4105,391.3,3,34.8,9,
2101,3715,148.62,3,283.65,9,3795,437.83,3,196.28,8,3815,336.32,3,94.41,9,3817,321.68,3,37.16,8,3840,533.05,3,245.07,8,3880,646.09,3,298.87,9,3913,343.82,3,52.46,9,4022,320.6,3,151.67,9,4105,378.95,3,21.45,9,
2102,3795,420.72,3,176.64,8,3815,339.15,3,75.06,9,3817,310.59,3,15.78,8,3840,534.83,3,244.45,8,3880,644.46,3,298.28,9,3913,349.77,3,31.15,9,4022,317.21,3,160.35,9,4105,370.81,3,12.63,9,
2103,3795,403.23,3,156.33,8,3815,343.57,3,53.47,9,3817,298.76,3,16.97,8,3840,540.16,3,248.62,8,3880,641.35,3,295.87,9,3913,357.68,3,7.84,9,4022,313.24,3,170.37,9,4105,366.78,3,8.29,9,
2104,3795,389.85,3,139.47,8,3815,350.13,3,29.95,9,3817,292.16,3,33.25,8,3880,636.57,3,291.15,9,3913,367.45,3,16.27,9,4022,307.92,3,181.91,9,4105,366.43,3,7.91,9,
2105,3795,380.37,3,127.01,8,3815,359.1,3,4.36,9,3817,287.01,3,53.6,8,3880,629.42,3,283.84,9,3913,378.58,3,39.7,9,4022,302.02,3,195.61,9,4105,366.43,3,7.91,9,4148,278.46,3,238.06,9,
2106,3795,376.52,3,119.31,8,3815,369.67,3,21.12,9,3817,283.56,3,73.94,8,3880,619.89,3,274.09,9,3913,390.99,3,63.54,9,4022,296.21,3,211.82,9,4105,365.49,3,6.94,9,4148,277.17,3,238.51,9,4150,532.31,3,248.81,8,
2107,3795,377.5,3,116.78,8,3815,381.95,3,46.38,9,3817,281.52,3,95.16,8,3880,609.01,3,262.94,9,4022,291.68,3,230.41,9,4105,362.23,3,3.59,9,4148,274.66,3,239.44,9,4150,532.44,3,248.02,8,
2108,3795,381.34,3,116.04,8,3815,396.65,3,73.9,9,3817,280.94,3,115.93,8,3880,595.7,3,249.3,9,4022,289.63,3,251.39,9,4105,357.72,3,2.41,9,4148,270.56,3,241.02,9,4150,532.69,3,246.69,8,
2109,3795,387.52,3,116.98,8,3815,412.38,3,101.67,9,3817,281.91,3,136.63,8,3880,580.95,3,234.16,9,4022,289.84,3,273.78,9,4105,354.12,3,9.28,9,4129,156.84,3,299.8,9,4148,265.21,3,243.18,9,4150,533.1,3,244.91,8,
2110,3795,395.87,3,119.64,8,3815,429.13,3,129.24,9,3817,284.54,3,158.28,8,3880,564.32,3,217.0,9,4022,292.45,3,297.3,9,4105,351.17,3,17.54,9,4129,157.68,3,297.74,9,4148,258.41,3,246.13,9,4150,533.66,3,242.75,8,
2111,3795,406.33,3,124.05,8,3815,447.21,3,157.22,9,3817,288.65,3,179.34,8,3880,545.54,3,197.52,9,4105,347.95,3,27.2,9,4129,158.56,3,295.6,9,4148,250.29,3,249.9,9,4150,534.47,3,240.43,8,
2112,3795,417.82,3,129.9,8,3815,465.42,3,183.99,9,3817,294.31,3,200.68,8,3880,525.0,3,176.16,9,4105,344.58,3,38.24,9,4129,159.6,3,293.18,9,4148,241.33,3,254.38,9,4150,535.62,3,237.94,8,
2113,3795,429.05,3,136.25,8,3815,484.83,3,211.31,9,3817,301.45,3,222.24,8,3880,503.91,3,154.15,9,4105,341.02,3,51.26,9,4129,160.72,3,290.65,9,4148,232.97,3,258.88,9,4150,536.91,3,236.1,8,
2114,3795,441.21,3,144.06,8,3815,504.3,3,237.72,9,3817,310.05,3,244.05,8,3880,482.55,3,131.77,9,4105,337.66,3,66.24,9,4129,161.76,3,288.34,9,4148,225.16,3,263.34,9,4150,538.54,3,234.68,8,4161,548.21,3,235.26,8,
2115,3795,453.09,3,152.48,8,3815,521.78,3,260.77,9,3880,462.12,3,110.27,9,4105,334.65,3,83.27,9,4129,162.53,3,286.72,9,4148,217.21,3,268.15,9,4150,540.43,3,233.88,8,4161,548.71,3,235.5,8,
2116,3795,465.3,3,161.8,8,3815,536.16,3,279.32,9,3880,441.26,3,88.2,9,4105,332.43,3,100.8,9,4129,163.72,3,284.22,9,4136,649.01,3,299.86,9,4148,209.32,3,273.18,9,4150,542.3,3,233.68,8,4161,549.57,3,235.96,8,4163,591.03,3,294.42,9,
2117,3795,477.34,3,171.51,8,3815,547.21,3,293.36,9,3880,420.74,3,66.38,9,3982,294.81,3,291.55,9,4105,331.38,3,113.84,9,4129,164.98,3,281.63,9,4136,646.61,3,299.03,9,4148,201.2,3,278.64,9,4150,543.46,3,233.78,8,4161,550.85,3,236.74,8,4163,589.04,3,292.1,9,
2118,3795,489.79,3,182.0,8,3880,402.29,3,46.63,9,3982,292.7,3,268.81,9,4105,329.64,3,122.77,9,4129,165.91,3,279.78,9,4136,645.47,3,298.7,9,4148,193.6,3,284.01,9,4150,544.29,3,233.64,8,4161,552.65,3,237.99,8,4163,585.81,3,288.33,9,4167,298.87,3,157.09,8,
2119,3795,501.62,3,192.31,8,3880,387.82,3,31.04,9,3982,293.1,3,246.23,9,4105,328.67,3,127.42,9,4129,166.78,3,278.06,9,4136,642.89,3,297.2,9,4148,185.8,3,289.8,9,4150,542.15,3,230.74,8,4161,555.06,3,239.9,8,4163,580.48,3,282.01,9,4167,299.96,3,155.88,8,
2120,3795,513.46,3,202.9,8,3880,376.84,3,19.16,9,3982,296.42,3,223.99,9,4105,326.83,3,134.05,9,4129,167.83,3,276.06,9,4136,636.95,3,291.54,9,4148,178.2,3,295.63,9,4150,536.69,3,225.03,8,4161,558.17,3,242.68,8,4163,573.87,3,274.14,9,4167,302.17,3,153.48,8,
2121,3795,525.69,3,214.08,8,3880,369.62,3,11.35,9,3982,302.64,3,202.82,9,4105,323.82,3,142.76,9,4129,169.22,3,273.43,9,4136,628.8,3,283.21,9,4150,528.61,3,216.89,8,4161,561.98,3,246.47,8,4163,565.39,3,263.97,9,4167,305.83,3,149.67,8,
2122,3795,537.94,3,225.46,8,3880,363.61,3,4.99,9,3982,309.57,3,186.04,9,4105,319.85,3,153.69,9,4129,170.42,3,271.21,9,4136,618.25,3,272.41,9,4150,517.95,3,206.15,8,4163,554.88,3,251.3,9,4167,310.85,3,144.76,8,
2123,3795,549.52,3,236.38,8,3880,358.15,3,1.97,9,3982,315.61,3,172.97,9,4105,315.02,3,166.06,9,4129,171.84,3,268.65,9,4136,606.33,3,260.2,9,4150,504.74,3,192.85,8,4163,542.99,3,236.82,9,4167,316.96,3,139.26,8,
2124,3795,558.51,3,244.93,8,3880,354.93,3,7.16,9,3916,293.6,3,280.93,9,3982,319.61,3,162.98,9,4105,308.67,3,180.29,9,4129,173.1,3,266.42,9,4136,592.58,3,246.1,9,4150,489.07,3,177.05,8,4163,529.41,3,220.09,9,4167,324.41,3,133.27,8,
2125,3795,563.37,3,249.58,8,3880,352.94,3,12.5,9,3916,292.85,3,251.38,9,3942,366.67,3,249.37,8,3982,321.89,3,157.14,9,4105,301.91,3,195.86,9,4129,174.25,3,264.41,9,4136,576.68,3,229.76,9,4150,471.2,3,159.03,8,4163,513.51,3,201.39,9,4167,333.48,3,127.07,8,
2126,3880,350.57,3,19.3,9,3916,295.99,3,225.82,9,3942,348.26,3,247.74,8,3982,324.61,3,150.0,9,4105,295.86,3,213.09,9,4129,175.29,3,262.63,9,4136,558.59,3,211.07,9,4150,452.42,3,140.08,8,4163,494.61,3,180.76,9,4167,343.57,3,121.59,8,4178,393.9,3,130.25,8,
2127,3880,347.76,3,27.8,9,3916,301.93,3,204.68,9,3942,330.09,3,247.27,8,3982,327.65,3,141.35,9,4105,291.37,3,232.05,9,4129,176.51,3,260.57,9,4136,538.92,3,190.65,9,4150,433.66,3,121.14,8,4161,556.77,3,243.62,8,4163,472.47,3,159.78,9,4167,352.16,3,118.11,8,4178,395.25,3,132.16,8,
2128,3880,344.5,3,38.5,9,3916,308.57,3,188.32,9,3942,312.34,3,248.23,8,3982,330.94,3,131.22,9,4105,289.57,3,253.39,9,4129,177.5,3,258.92,9,4136,517.5,3,168.34,9,4150,415.0,3,102.29,8,4161,546.45,3,233.88,8,4163,447.94,3,141.68,9,4167,358.54,3,116.25,8,4178,397.94,3,135.94,8,
2129,3880,341.11,3,50.94,9,3916,314.09,3,176.29,9,3982,333.77,3,118.8,9,4026,474.92,3,240.38,8,4105,290.09,3,277.03,9,4129,179.01,3,256.43,9,4136,494.45,3,144.25,9,4150,397.29,3,84.16,8,4161,534.94,3,223.13,8,4163,422.44,3,128.56,9,4167,367.04,3,115.23,8,4178,401.94,3,141.54,8,
2130,3795,560.41,3,247.09,8,3880,337.97,3,64.71,9,3916,322.66,3,171.45,9,3982,335.3,3,104.24,9,4026,450.77,3,210.99,8,4038,578.86,3,280.08,9,4129,180.22,3,254.46,9,4136,469.9,3,118.47,9,4150,379.8,3,65.86,8,4161,523.68,3,212.77,8,4163,396.11,3,122.28,9,4167,377.68,3,118.11,8,4178,407.55,3,149.27,8,
2131,3795,554.35,3,241.33,8,3880,335.06,3,80.6,9,3916,333.26,3,171.04,9,3982,337.24,3,87.19,9,4026,426.87,3,183.72,8,4038,555.8,3,252.4,9,4129,181.66,3,252.17,9,4136,443.49,3,90.57,9,4150,362.25,3,47.49,8,4161,511.53,3,201.8,8,4163,369.09,3,124.56,9,4167,387.81,3,128.17,8,4178,415.0,3,159.01,8,
2132,3795,547.04,3,234.43,8,3880,332.69,3,98.36,9,3916,346.31,3,171.59,9,3982,340.29,3,68.78,9,4026,402.29,3,155.24,8,4038,532.8,3,224.28,9,4129,182.62,3,250.66,9,4136,421.12,3,66.78,9,4150,348.91,3,33.59,8,4161,500.22,3,191.82,8,4163,341.68,3,131.37,9,4167,397.31,3,141.38,8,4178,424.12,3,170.35,8,
2133,3795,538.11,3,226.07,8,3880,331.5,3,111.98,9,3916,361.05,3,173.4,9,3982,345.0,3,47.88,9,4026,380.3,3,126.92,8,4129,184.05,3,248.43,9,4136,402.17,3,46.5,9,4150,339.84,3,24.3,8,4161,488.89,3,182.08,8,4163,314.71,3,144.8,9,4167,408.77,3,156.73,8,4178,435.39,3,184.19,8,
2134,3795,527.04,3,215.85,8,3880,329.87,3,121.74,9,3916,376.0,3,176.5,9,3982,351.45,3,25.79,9,4026,360.91,3,97.91,8,4129,185.5,3,246.19,9,4136,387.53,3,30.73,9,4150,334.92,3,19.41,8,4161,477.42,3,172.57,8,4163,288.91,3,163.88,9,4167,422.92,3,174.1,8,4178,448.27,3,199.91,8,
2135,3795,514.42,3,204.39,8,3880,328.76,3,127.02,9,3916,391.85,3,181.07,9,3982,359.23,3,4.08,9,4026,344.16,3,68.81,8,4129,187.25,3,243.55,9,4136,376.96,3,19.29,9,4150,330.94,3,15.71,8,4161,466.5,3,163.88,8,4163,263.62,3,183.55,9,4167,438.9,3,193.41,8,4178,462.67,3,217.57,8,
2136,3795,502.38,3,193.71,8,3880,326.92,3,133.75,9,3916,407.28,3,186.74,9,3982,368.49,3,18.55,9,4026,329.17,3,39.8,8,4129,188.74,3,241.32,9,4136,370.57,3,12.37,9,4150,329.91,3,16.41,8,4161,455.05,3,155.24,8,4163,235.47,3,202.57,9,4167,456.25,3,214.47,8,4178,478.52,3,236.71,8,
2137,3795,490.48,3,183.44,8,3880,323.94,3,142.43,9,3916,422.64,3,193.44,9,3982,377.54,3,37.6,9,4026,316.33,3,11.39,8,4129,190.49,3,238.72,9,4136,366.61,3,8.11,9,4150,331.79,3,20.35,8,4161,443.39,3,147.06,8,4163,206.83,3,219.23,9,4167,475.24,3,237.23,8,
2138,3795,478.1,3,173.12,8,3880,320.24,3,152.66,9,3916,435.64,3,199.86,9,3982,385.02,3,52.33,9,4026,306.57,3,17.98,8,4129,192.16,3,236.31,9,4136,361.14,3,2.56,9,4150,334.48,3,25.93,8,4161,432.64,3,140.17,8,4163,177.79,3,233.59,9,
2139,3795,466.22,3,163.66,8,3880,315.57,3,164.67,9,3916,444.15,3,204.41,9,3982,390.74,3,63.07,9,4026,298.99,3,47.19,8,4129,193.89,3,233.82,9,4136,355.23,3,6.55,9,4150,338.03,3,33.3,8,4161,421.08,3,133.61,8,4163,148.48,3,249.01,9,
2140,3795,454.48,3,154.82,8,3880,309.88,3,177.67,9,3916,448.37,3,206.75,9,3982,394.3,3,69.31,9,4026,293.15,3,76.14,8,4048,480.56,3,247.15,8,4129,195.7,3,231.24,9,4136,352.05,3,15.01,9,4150,342.71,3,42.85,8,4161,410.25,3,128.08,8,4163,118.4,3,268.21,9,
2141,3795,442.74,3,146.62,8,3880,303.37,3,192.32,9,3916,451.67,3,207.44,9,3946,295.74,3,298.51,9,3982,399.75,3,74.76,9,4026,291.32,3,104.74,8,4048,456.21,3,217.67,8,4129,197.54,3,228.66,9,4136,348.42,3,25.75,9,4150,348.41,3,54.04,8,4161,400.56,3,123.84,8,4163,89.05,3,290.1,9,
2142,3795,430.75,3,139.03,8,3880,296.89,3,209.44,9,3916,448.44,3,204.28,9,3946,293.39,3,278.68,9,3982,402.63,3,76.11,9,4026,292.29,3,133.24,8,4048,430.57,3,187.97,8,4129,198.77,3,226.95,9,4136,344.35,3,39.04,9,4148,120.07,3,244.79,8,4150,355.34,3,67.1,8,4161,394.76,3,121.71,8,
2143,3795,419.5,3,132.78,8,3880,292.01,3,228.76,9,3916,442.18,3,200.77,9,3946,292.63,3,263.23,9,3982,403.96,3,76.58,9,4026,296.14,3,162.5,8,4048,405.09,3,158.51,8,4129,200.16,3,225.03,9,4136,340.33,3,54.01,9,4148,124.42,3,235.11,8,4150,363.45,3,81.66,8,4161,392.43,3,120.95,8,
2144,3795,408.99,3,127.48,8,3880,289.66,3,250.54,9,3916,434.33,3,196.55,9,3946,292.81,3,252.28,9,3982,405.61,3,77.15,9,4026,302.79,3,191.73,8,4048,381.71,3,128.79,8,4129,201.79,3,222.82,9,4136,336.85,3,70.36,9,4148,128.87,3,226.34,8,4150,372.74,3,97.57,8,4161,391.41,3,120.63,8,
2145,3299,471.04,3,235.7,8,3795,402.01,3,124.42,8,3880,289.67,3,271.46,9,3916,424.06,3,191.41,9,3946,293.12,3,245.78,9,3982,407.33,3,77.78,9,4026,312.05,3,221.0,8,4048,362.05,3,99.79,8,4129,203.53,3,220.46,9,4136,333.91,3,88.38,9,4148,133.94,3,217.23,8,4150,384.13,3,115.83,8,4161,391.39,3,120.63,8,
2146,3195,480.26,3,246.79,8,3299,452.74,3,213.41,8,3795,398.17,3,122.92,8,3880,291.87,3,292.82,9,3916,411.72,3,185.78,9,3946,292.39,3,243.16,9,3982,408.54,3,78.24,9,4048,344.95,3,70.25,8,4129,204.75,3,218.82,9,4136,332.15,3,103.86,9,4148,139.94,3,207.3,8,4150,397.9,3,135.89,8,4161,391.37,3,120.62,8,
2147,3195,461.83,3,224.54,8,3299,434.35,3,192.3,8,3795,397.88,3,122.82,8,3916,397.48,3,180.12,9,3946,290.19,3,243.78,9,3982,410.09,3,78.87,9,4048,329.2,3,39.88,8,4129,206.05,3,217.1,9,4136,331.3,3,115.33,9,4148,145.98,3,197.95,8,4150,414.49,3,158.37,8,4161,390.09,3,120.42,8,4163,92.86,3,225.35,8,
2148,3195,443.68,3,202.94,8,3299,415.9,3,171.07,8,3795,397.01,3,122.5,8,3916,382.77,3,175.3,9,3946,289.88,3,246.03,9,3982,411.73,3,79.56,9,4048,316.0,3,10.56,8,4129,207.49,3,215.21,9,4136,329.43,3,123.78,9,4148,152.85,3,187.89,8,4150,433.72,3,182.16,8,4161,388.58,3,121.5,8,4163,122.4,3,198.95,8,
2149,3195,424.72,3,181.26,8,3299,398.03,3,150.05,8,3795,394.84,3,121.74,8,3916,367.1,3,171.43,9,3946,289.71,3,249.69,9,3982,413.27,3,80.23,9,4048,305.85,3,20.45,8,4129,209.33,3,212.79,9,4136,328.59,3,127.84,9,4148,159.11,3,179.14,8,4150,452.68,3,205.35,8,4161,391.58,3,126.94,8,4163,151.37,3,174.15,8,
2150,3195,406.54,3,160.2,8,3299,381.37,3,128.34,8,3795,391.56,3,120.68,8,3916,351.6,3,168.95,9,3946,289.5,3,255.87,9,3982,414.86,3,80.97,9,4048,297.35,3,50.47,8,4129,211.26,3,210.3,9,4136,327.03,3,133.41,9,4148,166.32,3,169.41,8,4150,471.49,3,228.25,8,4161,397.3,3,135.05,8,4163,181.52,3,150.06,8,
2151,3195,389.72,3,139.3,8,3299,366.19,3,106.56,8,3916,336.92,3,167.91,9,3946,289.44,3,264.48,9,3982,416.98,3,81.99,9,4048,292.74,3,80.03,8,4129,212.75,3,208.38,9,4136,324.74,3,140.18,9,4148,173.9,3,159.53,8,4161,404.06,3,144.48,8,4163,211.69,3,128.8,8,
2152,3195,373.56,3,117.92,8,3299,353.2,3,84.86,8,3946,289.91,3,274.8,9,3982,418.36,3,82.68,9,4048,291.29,3,109.93,8,4129,214.55,3,206.09,9,4136,321.83,3,148.39,9,4148,180.95,3,150.71,8,4161,412.82,3,156.28,8,4163,241.86,3,111.92,8,
2153,3195,359.8,3,96.07,8,3299,340.93,3,62.83,8,3946,291.19,3,287.6,9,3982,419.94,3,83.5,9,4048,292.93,3,140.09,8,4129,216.28,3,203.9,9,4136,317.87,3,158.64,9,4148,188.9,3,141.19,8,4161,423.93,3,170.13,8,4163,270.95,3,101.15,8,
2154,3195,346.95,3,73.85,8,3299,330.58,3,42.7,8,3982,421.81,3,84.5,9,4048,297.73,3,170.68,8,4129,217.67,3,202.16,9,4136,312.88,3,171.23,9,4148,197.0,3,131.67,8,4161,436.39,3,185.42,8,4163,300.38,3,97.55,8,
2155,3195,336.26,3,53.96,8,3299,323.19,3,27.13,8,3982,423.4,3,85.37,9,4048,305.31,3,200.54,8,4129,218.93,3,200.59,9,4136,306.51,3,185.04,9,4148,204.8,3,122.63,8,4161,450.42,3,202.57,8,4163,330.51,3,100.84,8,
2156,3195,328.37,3,38.15,8,3299,318.29,3,16.15,8,3982,424.65,3,86.08,9,4048,315.59,3,230.53,8,4129,220.63,3,198.49,9,4136,300.11,3,200.41,9,4148,212.56,3,113.76,8,4161,465.92,3,221.52,8,4163,359.65,3,110.01,8,
2157,3195,322.83,3,26.32,8,3299,317.72,3,9.45,8,3982,426.04,3,86.89,9,4129,222.48,3,196.21,9,4136,294.45,3,218.41,9,4148,220.32,3,104.98,8,4161,483.38,3,242.51,8,4163,388.63,3,125.39,8,
2158,3195,319.46,3,18.82,8,3299,322.58,3,7.99,8,3982,427.31,3,87.64,9,4129,223.72,3,194.7,9,4136,290.52,3,238.09,9,4148,228.45,3,95.87,8,4163,417.8,3,144.59,8,
2159,3195,317.22,3,11.47,8,3299,328.98,3,13.44,8,3982,428.62,3,88.43,9,4129,225.17,3,192.93,9,4136,289.43,3,260.38,9,4148,236.99,3,86.39,8,4163,447.24,3,167.0,8,
2160,3195,318.93,3,7.75,8,3299,335.52,3,20.11,8,3982,430.36,3,89.5,9,4129,226.37,3,191.48,9,4136,290.9,3,285.15,9,4148,245.27,3,77.27,8,4163,472.55,3,188.04,8,
2161,3195,323.58,3,8.59,8,3299,343.61,3,28.56,8,3982,431.75,3,90.37,9,4129,228.54,3,188.89,9,4148,254.08,3,67.65,8,4163,493.75,3,206.55,8,
2162,3195,330.8,3,15.26,8,3299,354.14,3,39.63,8,3982,433.45,3,91.45,9,4129,230.03,3,187.11,9,4148,263.17,3,57.79,8,4163,510.47,3,221.49,8,
2163,3195,340.45,3,25.24,8,3299,366.75,3,52.89,8,3982,434.8,3,92.34,9,4129,232.06,3,184.72,9,4148,271.54,3,48.77,8,4163,522.94,3,232.79,8,
2164,3195,352.03,3,37.4,8,3299,380.82,3,67.67,8,3982,436.48,3,93.46,9,4129,234.21,3,182.19,9,4148,280.09,3,39.64,8,4163,529.81,3,238.05,8,
2165,3195,365.21,3,51.27,8,3299,396.33,3,83.91,8,3982,437.72,3,94.3,9,4129,236.31,3,179.76,9,4148,289.16,3,30.03,8,4163,534.32,3,239.59,8,
2166,3195,380.59,3,67.42,8,3299,413.55,3,101.53,8,3982,439.67,3,95.63,9,4129,238.02,3,177.77,9,4148,297.01,3,21.81,8,4163,535.61,3,237.98,8,
2167,3195,397.8,3,85.44,8,3299,430.24,3,118.33,8,3929,295.01,3,292.99,9,3982,441.62,3,96.99,9,4129,240.16,3,175.33,9,4148,300.74,3,17.97,8,4163,536.96,3,236.03,8,
2168,3195,415.41,3,103.39,8,3299,447.34,3,135.56,8,3929,293.26,3,277.09,9,3982,442.91,3,97.91,9,4129,241.49,3,173.8,9,4148,306.59,3,12.48,8,4163,538.85,3,234.5,8,
2169,3195,433.29,3,121.41,8,3299,464.72,3,153.07,8,3929,292.65,3,259.24,9,3982,444.22,3,98.85,9,4071,294.38,3,288.14,9,4129,243.0,3,172.1,9,4148,314.99,3,8.13,8,4163,541.0,3,233.77,8,
2170,3195,451.15,3,139.41,8,3299,482.45,3,170.92,8,3929,293.65,3,239.21,9,3982,445.83,3,100.02,9,4071,292.8,3,270.64,9,4129,244.79,3,170.08,9,4148,322.91,3,12.78,8,4163,542.78,3,233.71,8,
2171,3195,469.1,3,157.47,8,3299,499.12,3,187.7,8,3929,297.81,3,218.35,9,3982,447.03,3,100.9,9,4071,292.87,3,250.82,9,4129,246.78,3,167.86,9,4148,327.43,3,21.35,8,4163,543.83,3,233.84,8,
2172,3195,486.11,3,174.6,8,3299,515.55,3,204.23,8,3850,540.51,3,246.5,8,3929,304.79,3,197.33,9,3982,448.79,3,102.21,9,4071,295.15,3,229.58,9,4129,248.99,3,165.41,9,4148,332.65,3,32.61,8,4163,543.58,3,232.42,8,
2173,3195,502.64,3,191.24,8,3299,527.74,3,216.5,8,3850,535.1,3,242.42,8,3929,312.0,3,180.68,9,3982,450.69,3,103.64,9,4071,300.56,3,208.41,9,4129,250.51,3,163.72,9,4148,339.4,3,46.4,8,4163,537.21,3,225.56,8,4172,328.53,3,240.57,8,
2174,3195,515.24,3,203.92,8,3299,535.61,3,224.41,8,3850,530.99,3,240.87,8,3929,317.6,3,168.16,9,3982,451.84,3,104.52,9,4071,307.43,3,190.97,9,4129,251.83,3,162.29,9,4148,347.41,3,61.77,8,4163,529.84,3,218.13,8,4172,318.92,3,213.95,8,
2175,3195,524.85,3,213.59,8,3299,539.37,3,228.29,8,3850,529.63,3,243.04,8,3929,320.95,3,159.53,9,3982,453.86,3,106.07,9,4045,537.1,3,243.32,8,4071,313.33,3,177.87,9,4129,253.88,3,160.04,9,4148,356.95,3,78.97,8,4163,520.53,3,208.75,8,4172,311.08,3,186.5,8,
2176,3195,530.58,3,219.36,8,3299,541.08,3,230.56,8,3850,528.94,3,247.05,8,3929,322.71,3,155.09,9,3982,455.39,3,107.26,9,4045,522.01,3,229.29,8,4071,317.35,3,168.82,9,4129,255.32,3,158.49,9,4148,368.55,3,98.67,8,4163,509.3,3,197.44,8,4172,305.53,3,159.04,8,
2177,3299,540.37,3,230.6,8,3929,325.05,3,148.8,9,3982,457.11,3,108.62,9,4045,505.13,3,213.84,8,4071,319.32,3,163.75,9,4129,257.58,3,156.06,9,4148,382.86,3,121.0,8,4163,495.66,3,183.7,8,4172,302.38,3,131.66,8,
2178,3299,538.99,3,230.49,8,3929,327.89,3,140.64,9,3982,458.21,3,109.48,9,4045,485.76,3,196.28,8,4071,321.85,3,157.25,9,4129,259.81,3,153.69,9,4148,400.12,3,145.22,8,4163,480.29,3,168.2,8,4172,301.73,3,103.11,8,
2179,3299,537.35,3,230.68,8,3929,331.09,3,130.7,9,3982,460.21,3,111.08,9,4045,463.89,3,176.92,8,4071,323.4,3,150.47,9,4129,262.05,3,151.31,9,4148,419.58,3,170.03,8,4163,462.45,3,150.21,8,4172,303.64,3,75.74,8,
2180,3299,535.64,3,231.35,8,3929,333.92,3,118.11,9,3982,461.92,3,112.46,9,4045,440.1,3,156.62,8,4071,320.12,3,145.35,9,4129,263.82,3,149.45,9,4148,439.72,3,194.39,8,4163,442.51,3,130.07,8,4172,308.87,3,47.66,8,4255,513.57,3,201.46,9,
2181,3299,534.1,3,232.55,8,3848,241.15,3,248.62,8,3929,335.37,3,103.51,9,3982,463.86,3,114.04,9,4045,414.41,3,136.19,8,4071,314.11,3,145.52,9,4129,265.5,3,147.7,9,4148,460.07,3,219.09,8,4163,420.8,3,108.15,8,4172,318.0,3,20.77,8,4221,362.79,3,248.91,8,4255,511.6,3,199.19,9,4256,319.49,3,109.83,8,
2182,3299,532.74,3,234.31,8,3848,244.93,3,239.01,8,3929,337.21,3,87.44,9,3982,465.59,3,115.46,9,4045,386.85,3,116.64,8,4071,307.52,3,149.7,9,4129,266.88,3,146.28,9,4148,480.1,3,242.98,8,4163,398.14,3,85.04,8,4172,328.38,3,13.76,8,4221,345.5,3,247.6,8,4255,507.51,3,194.47,9,4256,319.52,3,111.98,8,
2183,3299,531.73,3,236.31,8,3848,249.54,3,228.68,8,3929,340.2,3,69.26,9,3982,467.0,3,116.62,9,4045,357.47,3,99.64,8,4071,299.13,3,155.86,9,4129,268.91,3,144.18,9,4163,376.76,3,62.68,8,4172,341.07,3,39.54,8,4221,328.02,3,247.3,8,4255,501.34,3,187.33,9,4256,319.6,3,115.83,8,
2184,3848,254.68,3,218.42,8,3929,344.83,3,48.51,9,3982,468.17,3,117.6,9,4045,328.18,3,89.03,8,4071,289.19,3,163.67,9,4129,270.68,3,142.37,9,4163,359.78,3,44.9,8,4172,355.47,3,67.33,8,4221,309.9,3,248.49,8,4255,492.75,3,178.96,9,4256,319.99,3,121.6,8,
2185,3848,259.74,3,209.32,8,3929,351.25,3,26.44,9,3982,469.32,3,118.56,9,4045,298.53,3,85.83,8,4071,277.89,3,172.37,9,4129,272.18,3,140.84,9,4163,347.0,3,31.62,8,4172,371.35,3,95.23,8,4255,482.34,3,168.92,9,4256,322.59,3,129.01,8,
2186,3848,265.69,3,199.54,8,3929,359.58,3,3.35,9,3982,471.33,3,120.24,9,4045,269.86,3,91.97,8,4071,265.11,3,182.49,9,4090,481.11,3,247.8,8,4129,274.4,3,138.61,9,4163,338.5,3,22.96,8,4172,388.42,3,122.3,8,4255,469.89,3,157.79,9,4256,330.91,3,135.06,8,
2187,3848,271.44,3,190.9,8,3929,370.81,3,23.59,9,3982,473.24,3,121.86,9,4045,240.78,3,105.11,8,4071,249.45,3,193.66,9,4090,457.01,3,218.65,8,4129,276.23,3,136.78,9,4163,334.01,3,18.53,8,4172,408.01,3,149.92,8,4255,454.87,3,146.6,9,4256,342.65,3,136.89,8,
2188,3848,277.66,3,182.28,8,3929,384.33,3,50.99,9,3982,474.94,3,123.32,9,3991,294.07,3,285.4,9,4045,211.52,3,123.18,8,4071,230.88,3,205.31,9,4090,433.21,3,190.99,8,4129,278.19,3,134.83,9,4163,327.76,3,12.58,8,4172,428.05,3,177.76,8,4255,437.67,3,134.92,9,4256,354.81,3,139.86,8,
2189,3848,284.28,3,173.84,8,3929,400.35,3,80.56,9,3982,476.06,3,124.27,9,3991,292.66,3,258.51,9,4045,181.96,3,145.39,8,4071,209.52,3,217.89,9,4090,412.8,3,167.48,8,4129,279.57,3,133.47,9,4133,532.59,3,247.17,8,4163,319.32,3,4.91,8,4172,450.6,3,205.2,8,4255,418.81,3,127.3,9,4256,367.57,3,144.05,8,
2190,3848,291.32,3,165.62,8,3929,418.75,3,112.37,9,3982,477.39,3,125.42,9,3991,294.77,3,231.52,9,4045,153.46,3,169.0,8,4071,185.42,3,229.83,9,4090,396.77,3,148.42,8,4129,281.78,3,131.32,9,4133,533.04,3,245.13,8,4163,310.15,3,5.8,8,4172,473.52,3,232.93,8,4232,241.39,3,247.96,8,4255,398.41,3,122.54,9,4256,380.17,3,148.6,8,
2191,3929,438.32,3,143.67,9,3982,478.66,3,126.52,9,3991,300.69,3,208.04,9,4003,293.62,3,281.22,9,4045,124.39,3,194.58,8,4071,159.59,3,242.97,9,4090,385.36,3,133.6,8,4129,283.99,3,129.17,9,4133,534.11,3,244.12,8,4163,303.8,3,17.99,8,4232,246.21,3,236.02,8,4255,377.89,3,122.9,9,4256,392.28,3,153.14,8,
2192,3929,459.97,3,176.09,9,3982,480.81,3,128.38,9,3991,308.09,3,189.42,9,4003,292.72,3,255.57,9,4045,95.77,3,220.92,8,4071,132.09,3,258.99,9,4090,378.12,3,123.24,8,4129,285.74,3,127.49,9,4133,538.33,3,247.01,8,4163,299.58,3,32.82,8,4232,251.57,3,224.5,8,4255,361.7,3,126.39,9,4256,404.29,3,158.51,8,
2193,3929,482.31,3,207.81,9,3982,482.55,3,129.9,9,3991,314.59,3,175.18,9,4003,294.8,3,231.32,9,4045,67.55,3,248.02,8,4071,102.82,3,279.38,9,4090,376.91,3,118.29,8,4129,287.9,3,125.45,9,4163,294.42,3,50.32,8,4232,257.21,3,213.77,8,4255,348.56,3,129.28,9,4256,415.77,3,164.36,8,
2194,3929,502.86,3,235.8,9,3982,484.11,3,131.23,9,3991,319.05,3,164.45,9,4003,300.18,3,209.65,9,4090,380.88,3,116.09,8,4129,290.16,3,123.32,9,4163,290.72,3,70.45,8,4232,263.66,3,202.77,8,4255,339.59,3,132.09,9,4256,427.6,3,171.03,8,
2195,3929,520.65,3,259.29,9,3982,485.58,3,132.49,9,3991,321.63,3,157.79,9,4003,306.85,3,192.34,9,4090,388.33,3,117.18,8,4129,292.54,3,121.11,9,4163,288.53,3,93.2,8,4232,270.72,3,191.94,8,4255,335.09,3,134.31,9,4256,439.26,3,178.19,8,
2196,3929,535.34,3,278.28,9,3982,486.73,3,133.48,9,3991,322.63,3,155.3,9,4003,312.86,3,178.87,9,4090,396.56,3,119.9,8,4129,293.85,3,119.91,9,4163,288.21,3,117.86,8,4232,278.36,3,181.36,8,4255,329.71,3,139.27,9,4256,451.76,3,187.04,8,
2197,3929,546.73,3,292.77,9,3982,488.83,3,135.3,9,3991,323.48,3,153.03,9,4003,317.09,3,169.48,9,4090,406.96,3,124.35,8,4129,295.76,3,118.16,9,4163,290.28,3,144.9,8,4232,285.79,3,172.02,8,4255,323.71,3,147.01,9,4256,464.11,3,196.62,8,
2198,3982,490.4,3,136.66,9,3991,324.37,3,150.63,9,4003,319.69,3,162.79,9,4045,83.91,3,299.35,9,4090,419.08,3,130.57,8,4129,297.52,3,116.58,9,4163,295.32,3,174.19,8,4232,293.6,3,163.06,8,4255,318.41,3,157.29,9,4256,476.11,3,206.21,8,
2199,3850,365.18,3,249.18,8,3982,492.27,3,138.31,9,3991,325.78,3,146.66,9,4003,321.44,3,158.28,9,4045,112.58,3,277.35,9,4071,76.8,3,240.13,8,4090,431.23,3,137.58,8,4129,299.04,3,115.21,9,4163,303.31,3,204.09,8,4232,302.08,3,153.58,8,4255,313.65,3,169.41,9,4256,488.98,3,216.78,8,
2200,3850,357.74,3,248.42,8,3982,493.72,3,139.58,9,3991,327.84,3,140.78,9,4003,322.97,3,154.48,9,4045,142.22,3,257.54,9,4071,106.43,3,213.1,8,4090,443.03,3,145.31,8,4129,300.55,3,113.88,9,4163,313.91,3,233.83,8,4221,143.81,3,289.67,9,4232,310.87,3,144.74,8,4255,307.65,3,182.5,9,4256,501.66,3,227.42,8,
2201,3850,352.99,3,248.07,8,3982,495.49,3,141.15,9,3991,330.32,3,133.39,9,4003,326.06,3,148.94,9,4045,171.41,3,242.08,9,4071,135.12,3,187.9,8,4090,455.25,3,154.09,8,4129,302.77,3,111.94,9,4221,150.38,3,270.18,9,4232,319.87,3,136.83,8,4255,301.38,3,197.19,9,4256,512.48,3,236.66,8,
2202,3982,497.15,3,142.63,9,3991,332.67,3,123.78,9,4003,331.18,3,142.08,9,4045,200.24,3,227.74,9,4071,164.15,3,163.68,8,4090,467.79,3,163.77,8,4129,304.13,3,110.77,9,4221,159.37,3,250.1,9,4232,328.48,3,130.35,8,4255,295.71,3,213.63,9,4256,518.86,3,242.17,8,
2203,3982,498.79,3,144.09,9,3991,334.67,3,112.42,9,4003,338.96,3,135.76,9,4045,229.31,3,212.7,9,4071,194.09,3,140.78,8,4090,480.64,3,174.25,8,4129,305.78,3,109.36,9,4221,170.4,3,229.8,9,4232,338.18,3,124.33,8,4255,291.24,3,232.74,9,4256,525.72,3,248.0,8,
2204,3505,293.43,3,279.1,9,3982,500.13,3,145.29,9,3991,335.83,3,98.78,9,4003,349.84,3,132.34,9,4045,257.12,3,194.72,9,4071,223.61,3,121.47,8,4090,492.65,3,184.46,8,4129,308.2,3,107.31,9,4221,182.72,3,209.96,9,4232,348.15,3,119.59,8,4255,289.54,3,254.2,9,
2205,3505,292.88,3,250.54,9,3982,502.18,3,147.13,9,3991,337.83,3,83.14,9,4003,362.31,3,129.64,9,4045,283.46,3,176.94,9,4071,252.85,3,107.3,8,4090,505.46,3,195.72,8,4129,310.15,3,105.69,9,4221,196.23,3,190.2,9,4232,355.75,3,116.98,8,4255,290.13,3,277.46,9,4256,532.17,3,249.81,8,
2206,3505,296.52,3,223.59,9,3982,504.22,3,148.99,9,3991,340.88,3,65.78,9,4003,375.81,3,126.63,9,4045,305.52,3,159.74,9,4071,281.9,3,98.81,8,4090,518.19,3,207.2,8,4129,311.98,3,104.19,9,4221,210.93,3,170.15,9,4232,360.43,3,115.82,8,4256,532.64,3,246.92,8,4258,326.72,3,235.94,8,
2207,3505,303.11,3,201.58,9,3982,505.69,3,150.32,9,3991,345.47,3,46.1,9,4003,391.61,3,125.09,9,4045,325.69,3,143.19,9,4071,311.26,3,98.2,8,4090,530.9,3,218.9,8,4129,313.43,3,103.03,9,4221,226.53,3,150.15,9,4232,366.51,3,115.25,8,4256,533.03,3,245.15,8,4258,318.43,3,212.42,8,
2208,3505,310.38,3,184.24,9,3982,507.04,3,151.55,9,3991,351.73,3,24.95,9,4003,409.7,3,127.41,9,4045,348.62,3,132.68,9,4071,340.32,3,103.1,8,4090,543.94,3,231.1,8,4129,315.7,3,101.21,9,4221,242.12,3,130.99,9,4232,374.46,3,116.58,8,4256,534.2,3,244.16,8,4258,311.63,3,188.68,8,
2209,3505,316.45,3,170.98,9,3982,508.81,3,153.17,9,3991,359.81,3,2.92,9,4003,430.48,3,134.26,9,4045,372.84,3,127.19,9,4071,369.16,3,114.48,8,4090,554.45,3,241.06,8,4129,317.1,3,100.13,9,4221,259.18,3,110.66,9,4232,384.91,3,124.35,8,4256,539.71,3,248.23,8,4258,306.71,3,166.0,8,4297,294.49,3,289.04,9,
2210,3505,320.17,3,161.53,9,3982,509.93,3,154.19,9,3991,370.25,3,22.38,9,4003,453.82,3,147.99,9,4045,396.85,3,125.44,9,4071,397.93,3,131.1,8,4090,561.06,3,247.37,8,4129,319.56,3,98.23,9,4221,276.44,3,90.61,9,4232,392.16,3,134.25,8,4258,303.43,3,143.42,8,4297,294.3,3,287.42,9,
2211,3505,322.31,3,156.09,9,3982,511.91,3,156.01,9,3991,382.85,3,48.14,9,4003,475.65,3,164.5,9,4045,422.33,3,131.19,9,4071,427.62,3,151.79,8,4129,321.4,3,96.86,9,4135,479.74,3,246.16,8,4221,294.27,3,70.32,9,4232,400.98,3,146.4,8,4258,301.79,3,120.2,8,4297,293.94,3,284.28,9,
2212,3505,325.96,3,149.08,9,3982,513.78,3,157.74,9,3991,397.16,3,74.82,9,4003,492.56,3,180.63,9,4045,446.35,3,142.81,9,4071,456.67,3,174.63,8,4129,323.31,3,95.45,9,4135,461.03,3,223.57,8,4221,311.65,3,50.87,9,4232,412.01,3,160.73,8,4258,301.95,3,96.67,8,4297,293.46,3,279.5,9,
2213,3505,332.01,3,141.13,9,3980,472.71,3,237.72,8,3982,515.3,3,159.15,9,3991,412.74,3,102.28,9,4003,504.54,3,193.05,9,4032,469.66,3,238.7,8,4045,467.38,3,157.88,9,4071,486.6,3,200.23,8,4129,325.76,3,93.69,9,4135,441.68,3,200.67,8,4221,327.3,3,33.58,9,4232,425.25,3,176.94,8,4258,303.87,3,73.73,8,4297,292.96,3,273.28,9,
2214,3505,341.61,3,134.84,9,3980,453.06,3,213.81,8,3982,516.95,3,160.68,9,3991,428.81,3,128.73,9,4003,511.85,3,201.44,9,4032,447.52,3,211.99,8,4045,483.79,3,172.24,9,4071,516.37,3,226.82,8,4090,560.25,3,246.94,8,4129,327.52,3,92.46,9,4135,421.98,3,178.1,8,4221,338.97,3,20.82,9,4232,439.98,3,194.69,8,4258,307.49,3,50.98,8,4297,292.64,3,264.77,9,
2215,3505,354.14,3,131.26,9,3980,432.82,3,190.55,8,3982,518.96,3,162.56,9,3991,446.23,3,155.75,9,4003,516.42,3,206.67,9,4032,424.74,3,186.34,8,4045,496.81,3,184.72,9,4090,554.18,3,241.17,8,4129,329.02,3,91.42,9,4135,402.99,3,156.06,8,4221,346.59,3,12.56,9,4232,456.31,3,214.55,8,4258,315.15,3,28.97,8,4297,292.75,3,254.1,9,
2216,3505,367.82,3,128.34,9,3980,412.95,3,167.65,8,3982,520.47,3,163.96,9,3991,464.94,3,183.28,9,4003,518.57,3,208.2,9,4032,405.38,3,164.32,8,4045,505.25,3,193.86,9,4090,545.99,3,233.45,8,4129,330.74,3,90.27,9,4135,385.62,3,133.93,8,4221,350.18,3,8.71,9,4232,474.35,3,236.16,8,4258,322.95,3,10.66,8,4297,293.05,3,247.09,9,4306,531.76,3,220.06,8,
2217,3505,382.93,3,125.62,9,3980,394.38,3,145.35,8,3982,522.38,3,165.76,9,3991,483.74,3,209.79,9,4003,517.74,3,206.25,9,4032,390.54,3,146.66,8,4045,510.31,3,199.67,9,4090,535.92,3,224.04,8,4129,332.75,3,88.96,9,4135,369.63,3,112.05,8,4221,354.73,3,4.19,9,4258,331.92,3,20.61,8,4297,292.4,3,243.17,9,4306,529.55,3,217.84,8,
2218,3505,399.68,3,125.73,9,3982,524.03,3,167.31,9,3991,503.39,3,236.52,9,4003,513.75,3,201.67,9,4032,380.07,3,133.25,8,4045,513.15,3,202.92,9,4090,523.65,3,212.75,8,4129,334.3,3,87.96,9,4135,356.07,3,89.77,8,4221,354.58,3,8.01,9,4258,342.73,3,42.87,8,4297,290.18,3,243.79,9,4306,525.23,3,213.49,8,
2219,3505,418.74,3,129.99,9,3982,525.68,3,168.86,9,3991,520.91,3,259.63,9,4003,508.52,3,195.64,9,4032,372.87,3,124.18,8,4045,517.52,3,207.93,9,4090,511.42,3,201.7,8,4129,336.14,3,86.82,9,4135,343.3,3,67.24,8,4221,351.79,3,15.77,9,4258,354.3,3,65.17,8,4297,289.81,3,247.41,9,4306,518.49,3,206.7,8,
2220,3505,439.72,3,138.38,9,3982,526.81,3,169.93,9,3991,535.39,3,278.33,9,4003,501.8,3,187.86,9,4032,364.59,3,118.74,8,4045,523.69,3,215.15,9,4090,498.51,3,190.33,8,4129,338.02,3,85.68,9,4135,332.53,3,46.63,8,4221,348.48,3,25.57,9,4258,367.0,3,87.84,8,4297,289.56,3,253.37,9,4306,509.18,3,197.32,8,
2221,3505,463.95,3,155.32,9,3982,527.92,3,170.98,9,3991,546.56,3,292.54,9,4003,491.84,3,178.07,9,4032,358.0,3,120.08,8,4045,531.51,3,224.72,9,4090,485.96,3,179.62,8,4129,339.88,3,84.61,9,4135,324.52,3,30.02,8,4221,344.77,3,37.6,9,4258,381.27,3,111.46,8,4297,289.43,3,260.96,9,4306,497.36,3,185.41,8,
2222,3505,486.7,3,175.01,9,3982,529.59,3,172.55,9,4003,479.4,3,166.1,9,4032,350.12,3,122.73,8,4045,540.98,3,236.34,9,4090,473.71,3,169.57,8,4129,341.56,3,83.66,9,4135,319.1,3,18.0,8,4221,340.9,3,51.71,9,4258,396.36,3,133.71,8,4297,289.64,3,270.83,9,4306,483.5,3,171.44,8,
2223,3505,506.81,3,195.66,9,3982,530.69,3,173.6,9,4032,340.91,3,127.01,8,4045,551.86,3,249.57,9,4090,460.94,3,159.62,8,4129,343.16,3,82.78,9,4135,317.12,3,10.42,8,4221,337.31,3,67.95,9,4258,413.61,3,157.27,8,4297,290.64,3,282.79,9,4306,467.71,3,155.52,8,
2224,3505,524.72,3,216.39,9,3982,532.82,3,175.63,9,4032,330.21,3,133.55,8,4045,564.51,3,264.81,9,4090,448.08,3,150.27,8,4129,345.24,3,81.7,9,4135,321.92,3,7.68,8,4221,334.24,3,86.09,9,4258,431.94,3,179.98,8,4297,292.4,3,296.93,9,4306,449.94,3,137.58,8,
2225,3505,541.45,3,236.92,9,3982,534.42,3,177.15,9,4032,319.78,3,141.54,8,4045,578.75,3,281.78,9,4090,436.23,3,142.39,8,4129,347.04,3,80.8,9,4135,328.83,3,13.29,8,4221,332.29,3,102.32,9,4258,450.93,3,203.19,8,4306,430.77,3,118.22,8,
2226,3505,558.53,3,257.62,9,3982,536.36,3,179.0,9,4032,309.22,3,151.21,8,4045,590.56,3,295.62,9,4090,424.69,3,135.55,8,4129,348.44,3,80.12,9,4135,335.66,3,20.26,8,4221,331.3,3,115.22,9,4258,469.39,3,225.72,8,4306,409.59,3,96.82,8,
2227,3505,573.39,3,275.41,9,3982,537.68,3,180.27,9,4032,299.48,3,161.6,8,4090,412.31,3,129.08,8,4129,350.59,3,79.13,9,4135,344.54,3,29.53,8,4221,329.45,3,123.67,9,4258,488.45,3,248.54,8,4306,389.34,3,75.84,8,
2228,3505,584.61,3,288.71,9,3982,539.53,3,182.04,9,4090,400.43,3,123.79,8,4129,352.56,3,78.29,9,4135,355.12,3,40.66,8,4221,328.62,3,127.68,9,4266,461.03,3,223.57,8,4306,370.38,3,55.99,8,
2229,3505,593.25,3,298.73,9,3982,541.03,3,183.48,9,4129,354.29,3,77.59,9,4135,368.16,3,54.38,8,4221,326.96,3,133.64,9,4266,437.41,3,195.8,8,4306,355.18,3,40.11,8,
2230,3982,542.61,3,184.99,9,4129,356.56,3,76.73,9,4135,382.81,3,69.75,8,4221,324.41,3,141.12,9,4266,413.32,3,168.07,8,4306,344.06,3,28.59,8,
2231,3982,543.86,3,186.2,9,4129,358.19,3,76.15,9,4135,398.9,3,86.59,8,4221,320.87,3,150.94,9,4266,390.7,3,140.58,8,4306,336.75,3,21.21,8,
2232,3982,545.35,3,187.63,9,4129,359.94,3,75.58,9,4135,416.16,3,104.15,8,4221,316.48,3,162.27,9,4266,370.41,3,113.28,8,4306,331.06,3,15.81,8,
2233,3982,547.46,3,189.67,9,4129,362.06,3,74.95,9,4135,434.41,3,122.54,8,4221,310.85,3,175.68,9,4266,354.22,3,86.61,8,4306,329.86,3,16.3,8,
2234,3982,548.81,3,190.98,9,4129,364.29,3,74.36,9,4135,452.58,3,140.84,8,4221,304.3,3,190.12,9,4266,341.75,3,64.36,8,4306,331.86,3,20.49,8,
2235,3982,550.35,3,192.47,9,4129,365.74,3,74.0,9,4135,469.9,3,158.29,8,4221,297.66,3,206.92,9,4266,331.86,3,45.3,8,4306,335.16,3,27.35,8,
2236,3982,552.0,3,194.07,9,4129,368.14,3,73.5,9,4135,487.99,3,176.49,8,4221,292.62,3,226.04,9,4266,324.87,3,30.78,8,4306,339.3,3,35.91,8,
2237,3982,553.36,3,195.38,9,4129,370.02,3,73.18,9,4135,505.55,3,194.17,8,4221,289.81,3,247.43,9,4266,320.33,3,20.79,8,4306,344.56,3,46.51,8,
2238,3982,555.16,3,197.13,9,4129,372.55,3,72.82,9,4135,519.84,3,208.55,8,4221,289.62,3,270.56,9,4266,317.69,3,14.8,8,4304,330.0,3,244.24,8,4306,351.29,3,59.54,8,
2239,3982,556.37,3,198.32,9,4115,543.77,3,249.57,8,4129,374.71,3,72.6,9,4135,531.08,3,219.85,8,4221,292.24,3,295.75,9,4266,319.02,3,10.78,8,4304,320.55,3,218.85,8,4306,359.36,3,74.41,8,
2240,3982,558.0,3,199.9,9,4115,535.75,3,242.81,8,4129,376.71,3,72.46,9,4135,537.86,3,226.64,8,4245,595.14,3,299.18,9,4266,323.51,3,13.56,8,4304,312.57,3,192.37,8,4306,368.91,3,91.11,8,
2241,3982,559.42,3,201.29,9,4115,533.06,3,241.36,8,4129,378.94,3,72.39,9,4135,543.31,3,231.85,8,4245,574.95,3,275.42,9,4266,325.92,3,17.98,8,4304,306.77,3,166.29,8,4306,380.09,3,109.64,8,
2242,3982,561.22,3,203.04,9,4088,292.67,3,267.3,9,4115,530.75,3,240.97,8,4129,381.28,3,72.39,9,4135,546.51,3,234.39,8,4245,554.49,3,250.82,9,4266,329.08,3,24.96,8,4304,303.17,3,140.93,8,4306,393.89,3,130.24,8,
2243,3982,562.49,3,204.28,9,4088,293.78,3,237.92,9,4115,529.75,3,242.48,8,4129,383.26,3,72.46,9,4135,548.14,3,235.22,8,4245,534.52,3,226.4,9,4266,332.96,3,33.28,8,4304,301.67,3,115.51,8,4306,410.42,3,153.21,8,
2244,3982,564.23,3,205.99,9,4088,299.09,3,213.51,9,4094,467.42,3,231.34,8,4115,529.19,3,245.3,8,4129,385.34,3,72.61,9,4135,550.15,3,236.3,8,4245,514.66,3,202.7,9,4266,338.04,3,43.69,8,4304,302.38,3,89.27,8,4306,430.17,3,177.82,8,
2245,3982,566.33,3,208.04,9,4088,306.15,3,193.98,9,4094,443.22,3,202.42,8,4115,528.99,3,247.95,8,4129,387.94,3,72.89,9,4135,552.83,3,238.12,8,4245,493.12,3,179.31,9,4266,344.13,3,55.57,8,4304,305.35,3,63.06,8,4306,452.43,3,205.04,8,
2246,3982,568.32,3,210.0,9,4088,313.1,3,178.35,9,4094,418.13,3,173.64,8,4129,390.14,3,72.96,9,4135,555.59,3,240.34,8,4245,469.62,3,157.58,9,4266,351.63,3,69.51,8,4304,312.41,3,37.91,8,4306,474.83,3,232.27,8,
2247,3982,569.54,3,211.19,9,4088,318.28,3,166.44,9,4094,394.55,3,145.56,8,4129,391.86,3,70.76,9,4135,558.55,3,243.04,8,4245,444.82,3,139.52,9,4266,360.52,3,85.17,8,4304,320.89,3,13.93,8,
2248,3982,570.76,3,212.4,9,4088,321.35,3,158.49,9,4094,372.85,3,116.91,8,4129,389.28,3,65.3,9,4135,561.68,3,246.17,8,4245,421.45,3,128.21,9,4266,371.39,3,103.33,8,4304,331.03,3,18.8,8,
2249,3982,572.31,3,213.92,9,4088,325.59,3,149.63,9,4094,355.16,3,88.23,8,4129,385.19,3,57.75,9,4135,565.1,3,249.82,8,4245,398.08,3,122.49,9,4304,342.82,3,43.05,8,4343,321.69,3,157.63,9,
2250,3982,574.1,3,215.67,9,4088,332.76,3,140.29,9,4094,339.39,3,59.94,8,4129,380.4,3,48.68,9,4245,377.37,3,122.97,9,4304,356.09,3,68.47,8,4343,322.53,3,155.53,9,
2251,3982,576.04,3,217.59,9,4088,344.12,3,134.02,9,4094,324.83,3,30.7,8,4129,375.11,3,38.27,9,4245,361.03,3,126.5,9,4304,370.91,3,94.48,8,4343,322.83,3,154.79,9,
2252,3982,577.57,3,219.1,9,4088,358.13,3,130.4,9,4094,312.91,3,3.79,8,4129,368.98,3,25.65,9,4245,348.24,3,129.37,9,4304,386.68,3,119.7,8,4343,322.87,3,154.69,9,
2253,3982,578.99,3,220.5,9,4088,373.55,3,127.05,9,4094,304.08,3,26.86,8,4129,362.19,3,10.81,9,4245,338.99,3,132.3,9,4304,404.57,3,145.18,8,4343,322.88,3,154.67,9,
2254,3982,580.91,3,222.39,9,4088,391.13,3,125.08,9,4094,296.17,3,55.65,8,4129,355.07,3,6.72,9,4245,334.33,3,134.87,9,4304,424.91,3,171.33,8,4343,322.89,3,154.67,9,
2255,3982,583.04,3,224.5,9,4088,410.9,3,127.71,9,4094,292.31,3,84.66,8,4129,348.29,3,26.16,9,4245,329.47,3,139.54,9,4304,445.82,3,196.87,8,4343,322.89,3,154.67,9,
2256,3982,585.07,3,226.51,9,4088,429.47,3,133.85,9,4094,291.3,3,113.05,8,4129,341.98,3,47.61,9,4245,324.2,3,146.33,9,4304,467.09,3,222.93,8,4343,322.89,3,154.67,9,
2257,3982,586.74,3,228.16,9,4068,293.47,3,279.48,9,4088,444.02,3,141.23,9,4094,293.11,3,141.73,8,4129,336.62,3,71.57,9,4245,319.31,3,155.02,9,4304,489.29,3,249.54,8,4343,322.89,3,154.67,9,
2258,3982,588.19,3,229.6,9,4068,292.81,3,252.35,9,4088,454.58,3,148.53,9,4094,297.61,3,170.14,8,4129,333.56,3,91.02,9,4216,457.49,3,219.25,8,4245,315.08,3,165.91,9,4343,322.89,3,154.67,9,
2259,3982,589.39,3,230.79,9,4068,295.23,3,229.25,9,4088,460.35,3,154.55,9,4094,304.64,3,198.29,8,4129,331.95,3,106.16,9,4216,429.6,3,186.86,8,4245,309.72,3,178.03,9,4343,322.89,3,154.67,9,
2260,3982,591.12,3,232.5,9,4068,300.15,3,209.76,9,4088,459.96,3,158.81,9,4094,314.42,3,227.45,8,4129,330.91,3,117.11,9,4216,401.43,3,154.23,8,4245,303.48,3,192.05,9,4343,322.89,3,154.67,9,
2261,3982,593.03,3,234.4,9,4068,305.72,3,195.04,9,4088,458.7,3,164.28,9,4129,329.45,3,123.69,9,4216,376.5,3,121.89,8,4245,297.13,3,208.59,9,4343,322.89,3,154.67,9,
2262,3982,594.79,3,236.14,9,4068,310.2,3,184.61,9,4088,457.5,3,171.03,9,4129,328.62,3,127.68,9,4216,358.02,3,93.08,8,4245,292.29,3,227.47,9,4343,322.89,3,154.67,9,
2263,3982,596.58,3,237.93,9,4068,313.38,3,177.77,9,4088,456.43,3,179.36,9,4129,326.85,3,133.98,9,4216,343.79,3,68.13,8,4245,289.78,3,248.02,9,4343,322.89,3,154.67,9,
2264,3982,598.28,3,239.62,9,4068,313.96,3,174.9,9,4088,455.6,3,189.82,9,4129,324.22,3,141.66,9,4216,332.71,3,46.98,8,4245,289.61,3,270.46,9,4343,322.89,3,154.67,9,
2265,3982,600.08,3,241.4,9,4068,313.95,3,174.87,9,4088,455.27,3,202.06,9,4129,320.59,3,151.68,9,4216,324.68,3,30.37,8,4245,292.14,3,294.89,9,4343,322.89,3,154.67,9,
2266,3982,602.16,3,243.48,9,4068,313.95,3,174.87,9,4129,315.82,3,164.0,9,4216,319.25,3,18.33,8,4343,322.89,3,154.67,9,
2267,3982,603.3,3,244.61,9,4068,313.95,3,174.87,9,4129,309.97,3,177.52,9,4216,317.25,3,10.22,8,4343,322.68,3,153.35,9,
2268,3982,604.53,3,245.84,9,4068,313.95,3,174.87,9,4129,303.04,3,193.12,9,4216,324.03,3,8.9,8,4343,320.75,3,152.85,9,
2269,3982,606.07,3,247.38,9,4068,313.95,3,174.87,9,4129,296.54,3,210.64,9,4216,335.31,3,19.89,8,4343,319.03,3,155.71,9,
2270,3982,607.94,3,249.24,9,4068,313.95,3,174.87,9,4129,291.7,3,230.3,9,4216,349.0,3,34.22,8,4343,317.08,3,160.7,9,
2271,3982,609.47,3,250.78,9,4068,313.95,3,174.87,9,4129,289.61,3,251.92,9,4216,364.22,3,50.22,8,4343,314.25,3,168.0,9,
2272,3982,611.07,3,252.38,9,4068,313.95,3,174.87,9,4129,289.98,3,275.65,9,4216,380.81,3,67.66,8,4343,310.4,3,176.59,9,
2273,3982,613.03,3,254.33,9,4068,313.95,3,174.87,9,4216,399.24,3,86.95,8,4343,305.5,3,187.34,9,
2274,3982,614.13,3,255.44,9,4068,312.87,3,174.06,9,4216,420.12,3,108.14,8,4238,527.38,3,234.26,8,4343,300.36,3,199.75,9,
2275,3982,615.25,3,256.55,9,4068,310.44,3,176.51,9,4216,443.43,3,131.63,8,4238,506.35,3,214.94,8,4343,295.55,3,214.24,9,
2276,3982,616.67,3,257.97,9,4068,307.77,3,182.23,9,4216,468.52,3,156.9,8,4238,485.83,3,196.35,8,4343,291.66,3,230.52,9,
2277,3982,618.58,3,259.88,9,4068,304.54,3,189.55,9,4216,492.16,3,180.69,8,4238,465.24,3,178.11,8,4343,289.76,3,248.47,9,
2278,3982,620.54,3,261.85,9,4068,300.86,3,198.5,9,4216,511.34,3,200.0,8,4238,444.51,3,160.32,8,4343,289.5,3,268.77,9,
2279,3982,621.67,3,262.99,9,4068,297.07,3,208.78,9,4216,526.06,3,214.81,8,4238,423.91,3,143.55,8,4343,291.72,3,291.76,9,
2280,3982,623.67,3,264.99,9,4068,293.75,3,221.21,9,4216,536.33,3,225.13,8,4238,403.02,3,127.74,8,
2281,3982,624.89,3,266.21,9,4216,541.12,3,230.51,8,4238,381.35,3,113.13,8,
2282,3982,626.8,3,268.13,9,4216,539.92,3,230.53,8,4238,360.17,3,100.98,8,
2283,3982,628.69,3,270.03,9,4216,538.2,3,230.53,8,4238,339.49,3,92.21,8,
2284,3982,630.61,3,271.96,9,4216,536.33,3,231.0,8,4238,317.99,3,86.81,8,
2285,3982,632.53,3,273.89,9,4216,534.37,3,232.28,8,4238,296.92,3,85.95,8,
2286,3982,633.89,3,275.26,9,4216,532.46,3,234.77,8,4238,275.33,3,90.31,8,
2287,3982,635.37,3,276.75,9,4238,254.62,3,98.01,8,
2288,3982,637.27,3,278.66,9,4238,234.06,3,108.82,8,
2289,3982,638.85,3,280.25,9,4238,212.36,3,122.6,8,
2290,3982,640.52,3,281.93,9,4238,190.75,3,138.48,8,
2291,3982,641.67,3,283.09,9,4238,170.3,3,154.86,8,4414,405.02,3,88.87,9,
2292,3982,642.88,3,284.3,9,4238,149.27,3,172.61,8,4338,294.25,3,287.07,9,4399,333.67,3,241.32,8,4414,406.02,3,90.64,9,
2293,3982,644.55,3,285.99,9,4238,128.47,3,190.92,8,4338,292.63,3,263.25,9,4399,325.51,3,218.33,8,4414,408.17,3,94.4,9,
2294,3982,645.81,3,287.26,9,4238,107.14,3,210.33,8,4338,293.61,3,239.56,9,4399,318.85,3,195.15,8,4414,411.26,3,99.74,9,
2295,3982,647.5,3,288.97,9,4197,294.68,3,290.49,9,4238,87.09,3,229.12,8,4338,298.24,3,216.7,9,4399,313.75,3,171.89,8,4414,415.21,3,106.44,9,
2296,3982,648.85,3,290.33,9,4197,292.64,3,265.18,9,4238,66.41,3,249.15,8,4338,305.16,3,196.4,9,4399,310.34,3,148.81,8,4414,420.06,3,114.53,9,
2297,3982,649.97,3,291.45,9,4197,293.66,3,239.07,9,4338,312.05,3,180.6,9,4399,308.65,3,126.0,8,4414,426.61,3,125.21,9,
2298,3982,651.52,3,293.02,9,4197,298.34,3,216.31,9,4338,317.57,3,168.26,9,4399,308.65,3,103.48,8,4414,434.32,3,137.45,9,
2299,3982,653.67,3,295.19,9,4197,304.72,3,197.51,9,4338,320.83,3,159.81,9,4399,310.31,3,81.07,8,4414,443.53,3,151.65,9,
2300,3982,654.88,3,296.41,9,4197,310.83,3,183.24,9,4338,322.59,3,155.4,9,4399,312.94,3,60.54,8,4414,454.04,3,167.4,9,
2301,3982,657.02,3,298.57,9,4197,315.51,3,173.2,9,4338,324.79,3,149.55,9,4399,315.91,3,44.1,8,4414,466.33,3,185.29,9,
2302,3982,658.17,3,299.74,9,4197,319.27,3,163.87,9,4338,327.29,3,142.37,9,4399,318.65,3,32.35,8,4414,480.17,3,204.84,9,
2303,4197,321.79,3,157.41,9,4238,88.38,3,295.76,9,4338,330.3,3,133.43,9,4399,320.91,3,24.27,8,4414,495.68,3,226.13,9,
2304,4197,325.89,3,149.2,9,4238,109.41,3,279.69,9,4338,333.11,3,121.74,9,4399,322.13,3,20.51,8,4414,513.19,3,249.52,9,
2305,4197,332.37,3,140.73,9,4238,130.95,3,264.67,9,4338,334.97,3,108.2,9,4399,322.79,3,15.1,8,4414,527.67,3,268.41,9,
2306,4197,342.32,3,134.6,9,4238,152.06,3,251.67,9,4338,336.5,3,92.94,9,4399,323.29,3,9.1,8,4414,539.98,3,284.2,9,
2307,4197,355.0,3,131.06,9,4238,173.75,3,241.05,9,4338,339.11,3,75.29,9,4399,325.69,3,11.58,8,4414,548.9,3,295.5,9,
2308,4197,369.83,3,127.85,9,4238,194.62,3,230.53,9,4269,293.15,3,275.7,9,4338,342.93,3,56.2,9,4399,330.51,3,22.5,8,
2309,4197,386.18,3,125.33,9,4238,215.79,3,220.01,9,4269,292.83,3,252.01,9,4338,347.83,3,37.61,9,4399,337.04,3,36.33,8,
2310,4197,404.62,3,126.41,9,4238,236.15,3,208.15,9,4269,295.35,3,228.66,9,4338,352.44,3,22.78,9,4399,345.03,3,52.34,8,
2311,4197,425.52,3,132.34,9,4238,256.46,3,195.13,9,4269,301.47,3,205.93,9,4338,356.02,3,12.37,9,4399,354.78,3,70.59,8,4414,547.22,3,295.8,9,
2312,4197,449.01,3,144.63,9,4238,276.03,3,181.87,9,4269,308.67,3,188.08,9,4338,358.08,3,6.28,9,4399,366.67,3,91.41,8,4414,541.44,3,288.51,9,4443,519.07,3,226.58,8,
2313,4197,475.27,3,164.14,9,4238,291.41,3,170.44,9,4269,315.15,3,173.98,9,4338,357.85,3,0.85,9,4399,380.81,3,114.35,8,4414,533.65,3,278.62,9,4443,517.57,3,225.21,8,4445,342.68,3,134.48,9,
2314,4197,500.65,3,188.56,9,4238,303.53,3,161.17,9,4269,319.33,3,163.72,9,4338,352.47,3,7.58,9,4399,397.82,3,138.93,8,4414,524.28,3,266.61,9,4443,513.54,3,221.51,8,4445,344.71,3,133.84,9,
2315,4197,523.16,3,214.52,9,4238,311.5,3,154.62,9,4269,321.72,3,157.56,9,4338,344.21,3,16.5,9,4399,418.22,3,165.7,8,4414,513.34,3,252.4,9,4443,507.15,3,215.67,8,4445,347.96,3,132.87,9,
2316,4197,544.52,3,240.66,9,4238,315.64,3,150.87,9,4269,324.55,3,150.16,9,4338,334.63,3,27.0,9,4399,442.02,3,194.69,8,4414,501.32,3,236.53,9,4443,499.15,3,208.38,8,4445,352.74,3,131.6,9,
2317,4197,565.42,3,265.9,9,4238,319.08,3,148.23,9,4269,327.77,3,141.01,9,4338,323.06,3,39.75,9,4399,465.92,3,223.81,8,4414,488.33,3,219.05,9,4443,488.69,3,198.91,8,4445,359.69,3,130.09,9,
2318,4197,587.59,3,292.19,9,4238,321.16,3,148.8,9,4269,331.17,3,130.42,9,4338,310.13,3,54.15,9,4414,474.21,3,199.6,9,4443,476.04,3,187.61,8,4445,368.63,3,128.14,9,
2319,4238,320.35,3,152.22,9,4269,333.95,3,118.01,9,4338,295.15,3,71.02,9,4414,459.37,3,178.54,9,4443,460.92,3,174.34,8,4445,378.82,3,126.15,9,
2320,4238,318.99,3,155.81,9,4269,335.4,3,103.11,9,4338,278.31,3,90.29,9,4414,443.59,3,155.32,9,4443,443.92,3,159.82,8,4445,390.72,3,125.09,9,
2321,4238,316.87,3,161.24,9,4269,337.44,3,85.77,9,4338,261.51,3,109.9,9,4414,427.29,3,130.2,9,4443,424.34,3,143.88,8,4445,404.71,3,126.43,9,
2322,4238,314.26,3,167.99,9,4269,340.72,3,66.62,9,4338,246.07,3,128.39,9,4414,410.79,3,103.26,9,4443,402.55,3,127.41,8,4445,421.18,3,130.79,9,
2323,4238,310.67,3,176.03,9,4269,345.7,3,45.27,9,4338,230.92,3,147.07,9,4414,394.14,3,74.13,9,4443,379.31,3,111.87,8,4445,435.81,3,136.52,9,
2324,4238,306.28,3,185.56,9,4269,350.62,3,28.43,9,4338,216.38,3,165.67,9,4414,377.97,3,43.96,9,4443,354.04,3,98.0,8,4445,447.06,3,143.29,9,
2325,4238,301.66,3,196.48,9,4269,354.75,3,15.94,9,4338,202.7,3,184.22,9,4414,363.46,3,13.66,9,4443,327.81,3,88.92,8,4445,453.98,3,148.11,9,
2326,4238,296.87,3,209.47,9,4269,357.61,3,8.02,9,4338,189.5,3,203.3,9,4414,351.52,3,16.52,9,4443,300.47,3,85.73,8,4445,456.7,3,149.45,9,
2327,4238,293.07,3,224.07,9,4269,358.43,3,1.87,9,4338,177.09,3,222.83,9,4414,342.44,3,45.87,9,4443,272.98,3,91.0,8,4445,456.24,3,147.97,9,
2328,4238,290.22,3,241.13,9,4269,355.02,3,4.67,9,4338,166.16,3,242.18,9,4414,336.78,3,70.74,9,4443,246.43,3,102.05,8,4445,453.39,3,145.54,9,
2329,4238,289.44,3,260.35,9,4269,348.92,3,11.4,9,4338,157.08,3,261.02,9,4414,333.54,3,91.11,9,4443,219.39,3,117.88,8,4445,448.94,3,142.38,9,
2330,4238,289.94,3,275.19,9,4269,340.91,3,20.11,9,4338,149.91,3,279.63,9,4414,331.88,3,107.0,9,4443,192.67,3,137.01,8,4445,442.74,3,138.1,9,
2331,4238,290.99,3,285.95,9,4269,330.77,3,31.24,9,4338,144.61,3,299.08,9,4414,330.6,3,118.45,9,4443,165.86,3,158.54,8,4445,434.74,3,133.57,9,
2332,4238,291.78,3,292.24,9,4269,319.37,3,43.85,9,4414,329.09,3,125.36,9,4443,139.27,3,181.32,8,4445,425.37,3,129.65,9,4452,532.4,3,248.3,8,
2333,4238,292.91,3,294.95,9,4269,305.99,3,58.79,9,4414,326.9,3,133.84,9,4443,112.75,3,205.16,8,4445,413.57,3,125.64,9,4452,532.89,3,245.77,8,
2334,4238,294.38,3,295.25,9,4269,291.02,3,75.71,9,4414,323.39,3,143.95,9,4443,86.42,3,229.75,8,4445,399.65,3,122.68,9,4452,533.2,3,244.53,8,
2335,4238,295.0,3,292.93,9,4269,274.85,3,94.29,9,4414,319.07,3,155.61,9,4445,384.47,3,122.16,9,4452,532.42,3,241.86,8,
2336,4238,294.37,3,288.08,9,4269,258.33,3,113.68,9,4414,313.61,3,169.52,9,4445,368.14,3,124.79,9,4452,528.9,3,236.57,8,
2337,4238,293.64,3,281.32,9,4269,242.19,3,133.11,9,4414,306.78,3,184.43,9,4445,354.34,3,127.82,9,4452,522.68,3,229.9,8,
2338,4238,292.94,3,272.84,9,4269,226.73,3,152.35,9,4414,299.86,3,201.06,9,4445,343.11,3,130.9,9,4452,513.55,3,221.52,8,
2339,4238,292.63,3,261.88,9,4269,211.45,3,172.25,9,4414,293.99,3,220.27,9,4445,336.19,3,133.51,9,4452,503.07,3,211.95,8,
2340,4238,292.96,3,248.85,9,4269,197.63,3,191.39,9,4414,290.15,3,241.97,9,4445,329.02,3,140.05,9,4452,490.43,3,200.48,8,4474,657.2,3,298.66,9,
2341,4269,184.73,3,210.58,9,4414,289.46,3,266.38,9,4443,109.28,3,279.78,9,4445,321.84,3,149.98,9,4452,475.53,3,187.15,8,4474,654.99,3,296.43,9,
2342,4269,173.2,3,229.43,9,4414,291.8,3,292.34,9,4443,136.37,3,261.14,9,4445,316.12,3,163.2,9,4452,458.93,3,172.62,8,4474,652.48,3,293.9,9,
2343,4269,162.96,3,248.43,9,4443,163.58,3,245.66,9,4445,309.6,3,178.3,9,4452,440.17,3,156.69,8,4474,650.46,3,291.87,9,
2344,4269,154.42,3,267.35,9,4443,191.01,3,232.28,9,4445,302.18,3,195.2,9,4452,420.09,3,140.55,8,4474,648.23,3,289.62,9,
2345,4269,147.6,3,287.09,9,4443,218.04,3,218.82,9,4445,295.49,3,214.43,9,4452,398.0,3,124.18,8,4474,645.95,3,287.33,9,
2346,4443,244.25,3,202.98,9,4445,290.7,3,236.52,9,4452,373.93,3,108.63,8,4474,644.27,3,285.64,9,
2347,4443,267.77,3,187.66,9,4445,289.42,3,261.23,9,4452,348.39,3,95.53,8,4474,642.63,3,283.99,9,
2348,4443,286.34,3,174.57,9,4445,291.02,3,286.17,9,4452,322.01,3,87.55,8,4474,640.39,3,281.75,9,
2349,4443,300.15,3,163.67,9,4452,295.86,3,86.04,8,4474,638.32,3,279.66,9,
2350,4443,310.04,3,155.96,9,4452,270.18,3,91.86,8,4474,636.19,3,277.52,9,
2351,4443,315.96,3,150.59,9,4452,244.1,3,103.29,8,4474,634.6,3,275.93,9,
2352,4443,319.89,3,147.95,9,4452,217.62,3,119.05,8,4474,632.01,3,273.33,9,
2353,4443,320.82,3,150.82,9,4452,191.23,3,138.11,8,4474,629.94,3,271.26,9,
2354,4443,319.1,3,155.54,9,4452,164.82,3,159.4,8,4474,628.42,3,269.73,9,
2355,4443,316.6,3,161.95,9,4452,138.34,3,182.15,8,4474,626.22,3,267.53,9,
2356,4443,313.31,3,170.21,9,4452,112.19,3,205.68,8,4474,624.6,3,265.9,9,
2357,4372,532.26,3,249.2,8,4443,308.8,3,180.0,9,4452,86.84,3,229.35,8,4474,623.06,3,264.37,9,
2358,4372,532.63,3,246.98,8,4443,303.61,3,191.74,9,4474,620.99,3,262.29,9,4509,329.46,3,171.07,9,
2359,4372,533.03,3,245.2,8,4443,298.27,3,205.25,9,4474,618.72,3,260.03,9,4496,555.81,3,244.25,8,4509,331.58,3,171.05,9,
2360,4372,532.86,3,242.94,8,4443,293.76,3,221.19,9,4474,616.16,3,257.47,9,4496,533.95,3,222.27,8,4509,335.25,3,171.06,9,
2361,4372,530.36,3,238.5,8,4443,290.4,3,239.21,9,4474,614.57,3,255.87,9,4496,511.07,3,199.22,8,4509,341.02,3,171.24,9,
2362,4372,525.54,3,232.73,8,4443,289.44,3,259.46,9,4474,612.8,3,254.11,9,4496,487.97,3,175.94,8,4509,348.81,3,171.81,9,
2363,4372,519.16,3,226.66,8,4443,290.5,3,281.36,9,4474,610.94,3,252.26,9,4496,464.1,3,151.87,8,4509,358.46,3,172.99,9,
2364,4372,511.2,3,219.36,8,4452,100.91,3,286.03,9,4474,609.1,3,250.43,9,4481,587.86,3,290.74,9,4496,440.06,3,127.61,8,4509,369.03,3,174.9,9,
2365,4372,500.87,3,209.95,8,4452,126.98,3,267.34,9,4474,607.56,3,248.89,9,4481,578.59,3,279.76,9,4496,416.15,3,103.45,8,4509,379.8,3,177.48,9,
2366,4372,488.97,3,199.17,8,4452,153.57,3,250.79,9,4474,606.14,3,247.48,9,4481,567.55,3,266.57,9,4496,393.32,3,80.0,8,4509,390.96,3,180.79,9,
2367,4372,474.63,3,186.36,8,4452,179.22,3,238.26,9,4474,604.19,3,245.54,9,4481,554.79,3,251.19,9,4496,373.26,3,59.01,8,4509,401.09,3,184.33,9,
2368,3632,455.35,3,216.62,8,4372,457.76,3,171.61,8,4452,205.23,3,225.34,9,4474,601.72,3,243.08,9,4481,540.28,3,233.49,9,4496,357.19,3,42.2,8,4509,411.98,3,188.68,9,
2369,3632,426.86,3,183.71,8,4372,438.51,3,155.31,8,4452,230.7,3,211.76,9,4474,599.77,3,241.15,9,4481,524.59,3,214.23,9,4496,345.42,3,29.99,8,4509,422.69,3,193.46,9,
2370,3632,398.59,3,150.76,8,4372,417.22,3,138.33,8,4452,254.96,3,196.06,9,4474,597.66,3,239.06,9,4481,505.98,3,192.71,9,4496,337.88,3,22.33,8,4509,433.01,3,198.51,9,
2371,3632,373.66,3,118.05,8,4372,394.48,3,121.73,8,4452,276.9,3,181.27,9,4474,595.38,3,236.8,9,4481,484.29,3,170.8,9,4496,333.76,3,18.29,8,4509,441.91,3,203.18,9,
2372,3632,353.07,3,84.64,8,4372,371.94,3,107.45,8,4452,293.81,3,168.53,9,4474,593.67,3,235.11,9,4481,459.76,3,150.17,9,4496,329.55,3,15.38,8,4509,447.34,3,206.18,9,4529,352.96,3,12.47,9,
2373,3632,334.97,3,51.46,8,4372,349.02,3,95.8,8,4452,306.67,3,158.91,9,4474,591.86,3,233.32,9,4481,434.13,3,133.29,9,4496,331.56,3,19.89,8,4509,449.53,3,207.4,9,4529,352.19,3,14.61,9,4531,278.46,3,238.06,9,
2374,3632,319.31,3,18.47,8,4372,326.96,3,88.71,8,4452,315.62,3,150.89,9,4474,589.45,3,230.93,9,4481,409.83,3,124.6,9,4496,335.09,3,27.19,8,4509,451.16,3,207.82,9,4529,350.6,3,19.2,9,4531,277.01,3,238.58,9,
2375,3632,307.31,3,15.57,8,4372,304.22,3,85.66,8,4452,320.55,3,145.56,9,4474,587.72,3,229.23,9,4481,386.27,3,122.04,9,4496,339.46,3,36.24,8,4509,450.83,3,206.07,9,4529,348.4,3,25.84,9,4531,273.64,3,239.83,9,
2376,3632,297.87,3,49.33,8,4372,282.26,3,88.36,8,4452,322.16,3,143.49,9,4474,585.57,3,227.11,9,4481,363.71,3,125.95,9,4496,345.2,3,47.8,8,4509,449.3,3,204.77,9,4529,345.69,3,34.51,9,4531,267.92,3,242.08,9,
2377,3490,295.89,3,299.55,9,3632,292.51,3,82.38,8,4372,259.83,3,95.71,8,4452,322.66,3,142.87,9,4474,583.34,3,224.92,9,4481,339.31,3,132.18,9,4496,352.22,3,61.29,8,4509,446.29,3,203.06,9,4529,342.63,3,45.19,9,4531,260.25,3,245.31,9,
2378,3490,293.31,3,277.69,9,3632,291.35,3,115.19,8,4372,237.77,3,106.74,8,4452,322.71,3,142.82,9,4474,581.45,3,223.05,9,4481,315.81,3,144.1,9,4496,360.86,3,77.08,8,4509,440.94,3,200.09,9,4529,339.32,3,58.4,9,4531,250.87,3,249.61,9,
2379,3490,292.71,3,255.51,9,3632,293.93,3,148.42,8,4372,215.6,3,120.39,8,4452,323.58,3,141.71,9,4474,579.19,3,220.82,9,4481,293.34,3,160.35,9,4496,371.3,3,95.15,8,4509,434.2,3,196.49,9,4529,336.28,3,73.43,9,4531,240.81,3,254.65,9,4539,333.18,3,101.37,8,
2380,3490,294.45,3,233.18,9,3632,300.11,3,181.3,8,4372,193.12,3,136.66,8,4452,325.48,3,139.23,9,4474,577.67,3,219.34,9,4481,270.99,3,177.98,9,4496,383.24,3,114.48,8,4509,425.34,3,192.03,9,4529,333.62,3,90.53,9,4531,230.92,3,260.02,9,4539,334.56,3,101.66,8,4541,633.16,3,287.67,9,
2381,3490,299.69,3,211.38,9,3632,309.94,3,214.98,8,4372,170.97,3,154.31,8,4452,328.16,3,135.37,9,4474,575.09,3,216.8,9,4481,247.81,3,194.68,9,4496,397.89,3,135.87,8,4509,415.17,3,187.28,9,4529,331.91,3,106.6,9,4531,221.33,3,265.62,9,4539,338.23,3,102.54,8,4541,631.27,3,285.73,9,
2382,3490,307.65,3,190.45,9,3632,322.77,3,248.11,8,4372,149.08,3,172.77,8,4452,331.33,3,129.47,9,4474,572.93,3,214.69,9,4481,223.21,3,210.05,9,4496,414.93,3,158.92,8,4509,403.99,3,182.58,9,4529,330.67,3,118.14,9,4531,212.12,3,271.36,9,4539,344.39,3,104.29,8,4541,627.0,3,281.36,9,
2383,3490,316.75,3,170.28,9,4372,127.13,3,192.12,8,4452,333.25,3,121.11,9,4474,571.13,3,212.92,9,4481,198.62,3,223.49,9,4496,435.47,3,184.3,8,4509,392.79,3,178.47,9,4529,329.14,3,125.13,9,4531,202.67,3,277.63,9,4539,352.27,3,107.0,8,4541,621.18,3,275.4,9,
2384,4372,105.65,3,211.71,8,4452,334.75,3,111.22,9,4474,569.1,3,210.94,9,4481,173.29,3,235.89,9,4496,458.33,3,212.27,8,4509,382.39,3,175.2,9,4529,326.9,3,133.83,9,4531,193.6,3,284.01,9,4539,361.56,3,110.85,8,4541,613.82,3,267.87,9,
2385,4372,83.67,3,232.38,8,4452,335.77,3,99.41,9,4474,566.82,3,208.71,9,4481,147.18,3,249.76,9,4496,482.85,3,241.88,8,4509,371.21,3,172.32,9,4529,323.53,3,143.57,9,4531,185.05,3,290.38,9,4539,372.91,3,116.4,8,4541,604.55,3,258.37,9,
2386,4452,337.48,3,85.58,9,4474,564.32,3,206.27,9,4481,121.36,3,266.17,9,4509,360.15,3,170.15,9,4529,319.15,3,155.4,9,4531,176.12,3,297.18,9,4539,386.01,3,123.81,8,4541,593.64,3,247.18,9,
2387,4452,340.04,3,70.13,9,4474,562.48,3,204.48,9,4481,95.65,3,284.92,9,4509,349.74,3,168.74,9,4529,313.71,3,169.28,9,4539,400.82,3,132.96,8,4541,581.01,3,234.22,9,
2388,4452,343.64,3,53.2,9,4474,560.24,3,202.31,9,4509,338.7,3,167.96,9,4529,306.71,3,184.61,9,4539,418.07,3,144.79,8,4541,566.58,3,219.35,9,
2389,4452,348.51,3,35.36,9,4474,558.62,3,200.74,9,4509,330.41,3,167.85,9,4529,299.51,3,201.97,9,4539,437.81,3,159.57,8,4541,550.19,3,202.36,9,
2390,4452,352.88,3,21.44,9,4474,556.29,3,198.48,9,4509,326.19,3,167.95,9,4529,293.72,3,221.37,9,4539,460.01,3,177.37,8,4541,532.05,3,183.5,9,
2391,4452,356.28,3,11.63,9,4474,554.33,3,196.58,9,4509,320.6,3,168.52,9,4529,290.04,3,243.6,9,4539,481.9,3,196.12,8,4541,512.16,3,162.77,9,
2392,4452,358.12,3,6.13,9,4474,552.59,3,194.9,9,4509,314.03,3,171.45,9,4529,289.48,3,268.03,9,4539,499.95,3,212.05,8,4541,490.76,3,140.39,9,
2393,4372,100.96,3,285.99,9,4452,357.14,3,1.83,9,4474,551.02,3,193.39,9,4509,309.45,3,178.62,9,4529,292.15,3,294.99,9,4539,514.12,3,224.79,8,4541,467.85,3,116.31,9,
2394,4372,123.36,3,269.8,9,4452,351.6,3,8.52,9,4474,548.92,3,191.36,9,4481,84.75,3,232.78,8,4509,305.34,3,187.72,9,4539,524.35,3,234.08,8,4541,442.7,3,89.73,9,
2395,4205,472.44,3,237.4,8,4372,146.38,3,255.02,9,4452,343.09,3,17.74,9,4474,547.36,3,189.86,9,4481,110.21,3,209.72,8,4509,300.84,3,198.54,9,4539,530.32,3,238.35,8,4541,419.43,3,64.97,9,4562,529.68,3,242.76,8,
2396,4205,449.98,3,210.1,8,4372,168.23,3,243.51,9,4452,332.72,3,29.09,9,4474,545.22,3,187.82,9,4481,135.72,3,187.38,8,4509,296.25,3,211.65,9,4539,534.3,3,239.59,8,4541,400.52,3,44.71,9,4562,529.6,3,243.16,8,
2397,4205,426.2,3,182.95,8,4372,190.48,3,232.54,9,4452,320.31,3,42.8,9,4474,543.06,3,185.75,9,4481,161.03,3,166.21,8,4509,292.36,3,227.21,9,4539,535.62,3,237.97,8,4541,385.9,3,28.96,9,4562,529.37,3,244.3,8,
2398,4205,403.48,3,156.63,8,4372,213.37,3,221.3,9,4452,306.09,3,58.67,9,4474,541.46,3,184.21,9,4481,186.63,3,146.22,8,4509,289.92,3,245.57,9,4530,533.34,3,278.23,9,4539,536.87,3,236.14,8,4541,375.52,3,17.73,9,4562,529.05,3,246.23,8,
2399,4205,382.71,3,130.12,8,4372,234.79,3,209.03,9,4452,290.8,3,75.97,9,4474,539.36,3,182.21,9,4481,211.54,3,128.9,8,4509,289.45,3,265.46,9,4530,515.62,3,255.38,9,4539,538.68,3,234.6,8,4541,369.3,3,11.01,9,4562,528.89,3,247.44,8,
2400,4205,364.68,3,104.12,8,4372,255.4,3,195.79,9,4452,274.0,3,95.28,9,4474,537.34,3,180.3,9,4481,237.6,3,113.95,8,4509,291.1,3,286.87,9,4530,497.99,3,232.08,9,4539,540.95,3,233.77,8,4541,362.43,3,3.78,9,4562,530.4,3,249.56,8,
2401,4205,349.09,3,77.67,8,4372,276.19,3,181.76,9,4452,256.14,3,116.29,9,4474,535.02,3,178.1,9,4481,262.79,3,103.63,8,4530,481.21,3,209.31,9,4539,542.7,3,233.7,8,4541,355.96,3,5.09,9,
2402,4205,334.61,3,50.75,8,4372,292.09,3,169.9,9,4452,238.48,3,137.67,9,4474,532.58,3,175.79,9,4481,288.23,3,97.99,8,4530,464.27,3,185.56,9,4539,543.7,3,233.82,8,4541,352.81,3,12.88,9,4562,532.29,3,249.03,8,
2403,4205,321.73,3,23.91,8,4372,303.85,3,160.93,9,4452,221.53,3,159.0,9,4474,530.36,3,173.7,9,4481,313.43,3,98.42,8,4530,448.31,3,162.35,9,4539,543.83,3,232.77,8,4541,349.3,3,23.05,9,4562,532.63,3,246.97,8,
2404,4205,311.22,3,4.7,8,4372,311.81,3,154.33,9,4452,205.86,3,179.85,9,4474,528.95,3,172.37,9,4481,338.47,3,102.6,8,4530,432.87,3,138.95,9,4539,538.18,3,226.56,8,4541,345.29,3,35.83,9,4562,533.06,3,245.07,8,
2405,4205,303.12,3,30.56,8,4372,315.99,3,150.56,9,4452,191.21,3,200.75,9,4474,526.54,3,170.11,9,4481,364.4,3,112.16,8,4530,418.23,3,115.64,9,4531,120.09,3,244.72,8,4539,531.24,3,219.54,8,4541,341.08,3,51.04,9,4562,532.43,3,241.88,8,
2406,4205,295.93,3,56.98,8,4372,318.86,3,148.39,9,4452,178.1,3,221.17,9,4474,524.07,3,167.8,9,4481,389.93,3,126.16,8,4530,404.64,3,92.72,9,4531,124.7,3,234.53,8,4539,522.56,3,210.8,8,4541,337.31,3,68.0,9,4562,527.91,3,235.26,8,
2407,4205,292.42,3,83.42,8,4372,321.18,3,149.77,9,4452,166.48,3,241.58,9,4474,521.9,3,165.78,9,4481,415.13,3,142.7,8,4530,391.59,3,69.51,9,4531,130.34,3,223.62,8,4539,511.48,3,199.63,8,4541,334.15,3,86.69,9,4562,519.53,3,227.01,8,4579,292.18,3,169.8,8,
2408,4205,291.28,3,110.27,8,4372,320.02,3,153.23,9,4380,462.98,3,225.95,8,4452,156.23,3,263.0,9,4474,520.01,3,164.03,9,4481,440.37,3,161.56,8,4530,378.95,3,45.87,9,4531,136.58,3,212.76,8,4539,498.31,3,186.37,8,4541,332.16,3,103.64,9,4562,509.51,3,217.82,8,4579,290.73,3,171.46,8,
2409,4205,292.65,3,137.45,8,4372,318.76,3,156.39,9,4380,439.84,3,198.57,8,4452,148.74,3,283.25,9,4474,517.91,3,162.1,9,4481,465.91,3,182.36,8,4530,367.64,3,22.82,9,4531,143.05,3,202.42,8,4539,483.15,3,171.08,8,4541,331.15,3,116.1,9,4562,497.87,3,207.22,8,4579,287.82,3,174.89,8,
2410,4205,296.56,3,164.8,8,4372,316.69,3,161.71,9,4380,416.79,3,172.09,8,4474,515.42,3,159.8,9,4481,491.53,3,204.57,8,4530,357.33,3,1.41,9,4531,150.5,3,191.27,8,4539,466.46,3,154.25,8,4541,329.39,3,123.96,9,4562,484.88,3,195.5,8,4579,283.54,3,180.18,8,
2411,4205,302.65,3,191.26,8,4372,313.8,3,169.07,9,4380,394.72,3,145.78,8,4474,513.52,3,158.06,9,4481,517.05,3,227.43,8,4530,348.75,3,24.76,9,4531,157.77,3,180.98,8,4539,448.29,3,135.92,8,4541,327.12,3,133.07,9,4562,470.51,3,182.72,8,4579,278.31,3,187.06,8,
2412,3444,294.64,3,290.17,9,4205,310.92,3,217.8,8,4372,309.92,3,177.6,9,4380,374.31,3,118.95,8,4474,511.74,3,156.43,9,4530,341.71,3,48.62,9,4531,165.61,3,170.36,8,4534,536.44,3,224.77,8,4539,428.23,3,115.66,8,4541,323.39,3,143.98,9,4558,541.01,3,246.97,8,4562,453.84,3,168.23,8,4579,271.95,3,196.12,8,
2413,3444,292.64,3,264.64,9,4205,321.58,3,245.33,8,4372,305.34,3,187.7,9,4380,357.16,3,91.63,8,4474,510.27,3,155.1,9,4530,336.64,3,71.49,9,4531,173.46,3,160.1,8,4534,510.1,3,198.24,8,4539,405.85,3,93.04,8,4541,318.9,3,156.04,9,4558,538.26,3,244.83,8,4562,435.15,3,152.56,8,4579,266.03,3,205.32,8,
2414,3444,293.64,3,239.26,9,4372,300.59,3,199.18,9,4380,342.72,3,66.17,8,4474,508.53,3,153.52,9,4530,333.53,3,91.31,9,4531,182.01,3,149.42,8,4534,484.19,3,172.14,8,4539,384.36,3,70.63,8,4541,313.25,3,170.35,9,4558,536.93,3,244.56,8,4562,414.91,3,136.57,8,4579,260.76,3,214.3,8,
2415,3444,298.66,3,215.14,9,4372,295.8,3,213.28,9,4380,331.83,3,45.23,8,4474,506.98,3,152.12,9,4530,331.9,3,106.65,9,4531,190.49,3,139.31,8,4534,457.61,3,145.33,8,4539,366.02,3,51.43,8,4541,306.92,3,184.12,9,4558,540.2,3,248.54,8,4562,392.51,3,120.39,8,4579,255.48,3,224.19,8,
2416,3444,305.78,3,194.89,9,4372,291.74,3,230.08,9,4380,323.97,3,28.83,8,4474,504.95,3,150.29,9,4530,330.76,3,117.72,9,4531,199.14,3,129.18,8,4534,431.5,3,118.96,8,4539,352.01,3,36.81,8,4541,300.32,3,199.86,9,4562,367.81,3,105.08,8,4579,250.6,3,234.43,8,
2417,3444,312.7,3,179.2,9,4372,289.75,3,248.65,9,4380,318.68,3,17.03,8,4474,503.35,3,148.86,9,4530,329.33,3,124.24,9,4531,208.73,3,118.12,8,4534,405.12,3,92.3,8,4539,342.3,3,26.8,8,4541,294.74,3,217.27,9,4562,341.73,3,92.97,8,4579,246.45,3,244.24,8,
2418,3444,318.01,3,167.14,9,4372,289.57,3,269.89,9,4380,317.49,3,9.81,8,4474,500.86,3,146.65,9,4530,327.26,3,132.57,9,4531,218.16,3,107.41,8,4534,383.97,3,70.22,8,4539,336.2,3,20.67,8,4541,290.83,3,235.51,9,4561,548.92,3,297.93,9,4562,313.47,3,86.2,8,
2419,3444,321.19,3,158.91,9,4372,291.86,3,292.77,9,4380,323.66,3,8.64,8,4474,498.56,3,144.61,9,4530,323.78,3,142.89,9,4531,227.21,3,97.25,8,4534,367.21,3,52.67,8,4539,330.58,3,15.46,8,4541,289.48,3,256.51,9,4561,543.46,3,291.06,9,4562,284.97,3,87.74,8,
2420,3444,322.79,3,154.9,9,4380,332.64,3,17.14,8,4474,497.05,3,143.28,9,4530,319.33,3,154.95,9,4531,236.55,3,86.88,8,4534,353.66,3,38.52,8,4539,330.38,3,17.5,8,4541,290.27,3,278.98,9,4561,536.39,3,282.11,9,4562,257.04,3,96.91,8,
2421,3444,325.07,3,148.74,9,4380,343.37,3,28.3,8,4474,495.04,3,141.52,9,4530,314.09,3,168.41,9,4531,246.26,3,76.19,8,4534,343.63,3,28.15,8,4539,333.72,3,24.34,8,4561,527.71,3,271.03,9,4562,229.13,3,111.73,8,
2422,3444,327.93,3,140.51,9,4380,355.93,3,41.5,8,4474,492.98,3,139.72,9,4530,307.17,3,183.56,9,4531,256.6,3,64.91,8,4534,337.39,3,21.85,8,4539,338.1,3,33.44,8,4561,517.52,3,257.86,9,4562,200.68,3,130.96,8,
2423,3444,331.2,3,130.32,9,4380,370.36,3,56.69,8,4474,491.41,3,138.37,9,4530,300.09,3,200.46,9,4531,266.11,3,54.62,8,4534,333.94,3,18.47,8,4539,343.72,3,44.85,8,4561,505.69,3,242.34,9,4562,172.43,3,153.11,8,
2424,3444,333.9,3,118.2,9,4380,387.28,3,74.44,8,4474,489.27,3,136.52,9,4530,294.01,3,220.19,9,4531,276.63,3,43.33,8,4534,329.67,3,15.1,8,4539,350.9,3,58.81,8,4561,492.3,3,224.44,9,4562,144.43,3,176.81,8,4595,141.99,3,296.84,9,
2425,3444,335.28,3,104.55,9,4380,406.47,3,94.4,8,4474,487.83,3,135.29,9,4530,290.11,3,242.65,9,4531,286.56,3,32.77,8,4534,331.51,3,19.78,8,4539,359.53,3,74.71,8,4561,478.1,3,205.0,9,4562,116.24,3,201.97,8,4595,145.43,3,284.16,9,
2426,3444,336.93,3,89.5,9,4380,427.71,3,115.79,8,4474,485.68,3,133.47,9,4530,289.44,3,265.33,9,4531,295.27,3,23.62,8,4534,335.32,3,27.66,8,4539,369.8,3,92.61,8,4561,462.64,3,183.24,9,4562,89.51,3,226.82,8,4574,595.26,3,299.32,9,4595,150.47,3,269.96,9,4606,344.63,3,239.81,8,
2427,3444,339.57,3,72.67,9,4156,478.54,3,244.73,8,4380,449.23,3,137.47,8,4474,483.15,3,131.33,9,4530,291.32,3,288.62,9,4531,300.49,3,18.22,8,4534,337.55,3,37.39,8,4539,381.94,3,112.49,8,4561,446.34,3,159.43,9,4574,584.81,3,287.15,9,4595,157.31,3,254.32,9,4606,343.85,3,237.74,8,
2428,3444,343.54,3,53.6,9,4156,456.0,3,217.42,8,4380,470.42,3,158.81,8,4474,481.15,3,129.61,9,4531,307.48,3,11.71,8,4534,344.12,3,50.57,8,4539,397.05,3,134.69,8,4561,430.03,3,134.51,9,4574,572.61,3,272.64,9,4595,166.11,3,237.32,9,4606,342.29,3,233.42,8,
2429,3444,349.49,3,32.05,9,4156,432.54,3,190.22,8,4380,492.05,3,180.58,8,4474,478.72,3,127.53,9,4531,316.99,3,8.53,8,4534,352.07,3,65.65,8,4539,415.11,3,159.16,8,4561,414.66,3,109.74,9,4574,559.37,3,256.73,9,4595,177.28,3,218.46,9,4606,340.34,3,227.7,8,
2430,3444,357.52,3,8.25,9,4156,409.0,3,163.07,8,4380,510.25,3,198.9,8,4474,476.68,3,125.8,9,4531,325.08,3,16.05,8,4534,358.84,3,82.27,8,4539,436.84,3,185.97,8,4561,400.36,3,85.19,9,4574,544.28,3,238.39,9,4595,190.7,3,198.09,9,4606,337.74,3,219.61,8,
2431,3444,368.46,3,18.5,9,4156,386.54,3,135.14,8,4380,524.69,3,213.43,8,4474,474.93,3,124.32,9,4531,330.52,3,28.09,8,4534,369.76,3,100.67,8,4539,459.15,3,213.28,8,4561,386.35,3,59.93,9,4574,527.67,3,217.95,9,4595,206.57,3,175.98,9,4606,334.89,3,210.04,8,
2432,3444,381.03,3,44.57,9,4156,366.88,3,107.68,8,4380,535.18,3,223.98,8,4474,473.5,3,123.12,9,4531,337.14,3,41.88,8,4534,382.61,3,120.62,8,4539,482.31,3,241.24,8,4561,373.74,3,35.53,9,4562,84.81,3,298.63,9,4574,508.25,3,195.32,9,4595,225.19,3,151.84,9,4606,339.2,3,204.96,8,
2433,3444,394.5,3,69.97,9,4156,349.98,3,79.25,8,4380,540.54,3,229.62,8,4474,471.77,3,121.69,9,4531,344.88,3,57.01,8,4534,397.92,3,142.21,8,4561,362.3,3,11.08,9,4562,112.1,3,277.71,9,4574,485.22,3,171.7,9,4595,245.18,3,127.3,9,4606,350.61,3,205.43,8,
2434,3444,408.59,3,95.12,9,4156,335.13,3,51.78,8,4380,540.78,3,230.66,8,4474,470.31,3,120.48,9,4531,354.04,3,73.83,8,4534,415.6,3,165.15,8,4561,352.35,3,14.18,9,4562,139.94,3,258.94,9,4574,458.67,3,149.37,9,4595,266.34,3,102.29,9,4606,361.63,3,206.57,8,
2435,3444,423.6,3,120.33,9,4156,321.86,3,24.19,8,4380,539.33,3,230.49,8,4457,294.83,3,291.64,9,4474,468.05,3,118.62,9,4531,365.25,3,93.19,8,4534,436.58,3,190.62,8,4561,344.57,3,38.29,9,4562,167.33,3,243.92,9,4564,329.09,3,241.96,8,4574,430.32,3,131.65,9,4595,287.68,3,77.79,9,4606,372.82,3,208.42,8,
2436,3444,439.66,3,145.72,9,4156,311.09,3,4.95,8,4380,537.55,3,230.63,8,4457,292.84,3,271.38,9,4474,465.77,3,116.76,9,4531,380.73,3,114.23,8,4534,458.9,3,217.68,8,4561,338.41,3,62.57,9,4562,195.87,3,229.92,9,4564,319.06,3,214.41,8,4574,403.69,3,123.28,9,4595,307.51,3,55.48,9,4606,384.3,3,211.01,8,
2437,3444,456.67,3,171.28,9,4156,303.05,3,30.86,8,4380,535.63,3,231.35,8,4457,292.93,3,249.41,9,4474,464.28,3,115.57,9,4531,396.32,3,136.84,8,4534,483.49,3,247.0,8,4561,334.62,3,83.49,9,4562,223.77,3,215.89,9,4564,311.3,3,187.38,8,4574,381.99,3,122.39,9,4595,324.01,3,37.2,9,4606,395.0,3,214.02,8,
2438,3444,474.18,3,196.44,9,4156,295.74,3,58.07,8,4380,533.8,3,232.85,8,4457,295.9,3,226.24,9,4474,461.92,3,113.69,9,4531,414.72,3,161.36,8,4561,332.38,3,101.4,9,4562,250.4,3,198.96,9,4564,305.71,3,160.16,8,4574,364.66,3,125.69,9,4595,336.94,3,23.03,9,4606,406.32,3,217.79,8,
2439,3444,493.21,3,222.78,9,4156,292.22,3,85.81,8,4380,532.58,3,234.59,8,4457,302.04,3,204.38,9,4474,460.15,3,112.29,9,4531,436.18,3,187.65,8,4561,331.33,3,114.83,9,4562,272.15,3,184.54,9,4564,302.42,3,132.17,8,4574,350.68,3,128.71,9,4595,345.83,3,13.37,9,4606,416.72,3,224.36,8,
2440,3444,511.59,3,247.4,9,4156,291.32,3,114.07,8,4380,531.96,3,235.81,8,4457,309.36,3,186.51,9,4474,458.57,3,111.05,9,4531,458.73,3,215.12,8,4561,329.45,3,123.65,9,4562,289.09,3,172.31,9,4564,301.68,3,105.06,8,4574,340.86,3,131.65,9,4595,350.62,3,8.23,9,4606,423.25,3,236.65,8,
2441,3444,527.0,3,267.53,9,4156,293.11,3,141.79,8,4380,531.77,3,236.41,8,4457,315.61,3,172.97,9,4467,480.23,3,246.75,8,4474,456.27,3,109.28,9,4531,481.55,3,242.52,8,4561,328.55,3,128.03,9,4562,301.58,3,162.59,9,4564,303.5,3,76.89,8,4574,335.46,3,134.04,9,4595,355.19,3,4.27,9,4606,429.9,3,248.7,8,
2442,3444,539.17,3,283.17,9,4156,297.44,3,169.31,8,4380,534.24,3,239.07,8,4457,319.5,3,163.26,9,4467,456.02,3,217.44,8,4474,453.7,3,107.33,9,4561,328.53,3,128.16,9,4562,310.76,3,155.29,9,4564,307.87,3,49.78,8,4574,334.23,3,134.94,9,4578,532.64,3,246.93,8,4595,353.96,3,9.71,9,
2443,3444,548.05,3,294.43,9,4156,304.32,3,197.17,8,4380,535.05,3,239.1,8,4457,321.82,3,157.3,9,4467,431.34,3,188.85,8,4474,451.94,3,106.01,9,4561,328.52,3,128.2,9,4562,315.94,3,150.6,9,4564,317.08,3,23.29,8,4574,333.68,3,135.35,9,4578,533.02,3,245.21,8,4595,351.25,3,17.3,9,
2444,4156,313.67,3,225.44,8,4380,535.5,3,238.17,8,4457,322.57,3,155.44,9,4467,406.35,3,159.98,8,4474,449.98,3,104.56,9,4561,328.51,3,128.23,9,4562,320.83,3,147.79,9,4564,327.28,3,12.01,8,4574,333.56,3,135.44,9,4578,533.99,3,244.06,8,4595,347.96,3,27.18,9,
2445,4380,536.22,3,236.98,8,4457,322.84,3,154.78,9,4467,383.71,3,131.43,8,4474,448.53,3,103.5,9,4561,328.51,3,128.23,9,4562,320.1,3,152.97,9,4564,339.44,3,36.21,8,4574,332.04,3,136.7,9,4578,539.64,3,248.17,8,4595,344.26,3,39.36,9,
2446,4380,537.2,3,235.79,8,4457,323.01,3,154.33,9,4467,363.76,3,102.6,8,4474,446.59,3,102.1,9,4561,328.5,3,128.24,9,4562,318.13,3,157.98,9,4564,353.11,3,62.95,8,4574,329.6,3,139.39,9,4595,340.5,3,53.34,9,
2447,4380,538.53,3,234.69,8,4457,323.15,3,153.94,9,4467,346.49,3,73.02,8,4474,444.91,3,100.92,9,4561,328.17,3,129.41,9,4562,315.4,3,165.1,9,4564,368.34,3,90.13,8,4574,325.68,3,144.24,9,4595,337.13,3,68.95,9,4636,535.39,3,238.39,8,
2448,4380,540.28,3,233.92,8,4457,323.85,3,152.06,9,4467,331.12,3,43.81,8,4474,442.38,3,99.15,9,4561,327.25,3,132.61,9,4562,311.77,3,173.67,9,4564,385.13,3,117.35,8,4574,321.0,3,151.5,9,4595,334.12,3,86.91,9,4636,535.61,3,237.98,8,
2449,4380,542.53,3,233.69,8,4457,325.17,3,148.44,9,4467,317.98,3,15.45,8,4474,439.99,3,97.53,9,4561,325.55,3,137.74,9,4562,307.28,3,183.34,9,4564,404.0,3,144.39,8,4574,316.75,3,161.55,9,4595,332.23,3,102.95,9,4636,536.09,3,237.19,8,
2450,4457,327.08,3,142.97,9,4467,307.66,3,14.45,8,4474,438.44,3,96.49,9,4561,323.29,3,144.22,9,4562,302.12,3,195.35,9,4564,425.46,3,172.02,8,4574,312.34,3,172.44,9,4595,331.29,3,115.42,9,4636,536.8,3,236.23,8,
2451,4457,329.42,3,136.13,9,4467,300.19,3,43.15,8,4474,436.48,3,95.22,9,4561,320.19,3,152.77,9,4562,296.94,3,209.25,9,4564,447.92,3,199.47,8,4574,306.76,3,184.48,9,4595,329.42,3,123.79,9,4636,537.81,3,235.21,8,
2452,4418,244.4,3,240.28,8,4457,332.03,3,126.85,9,4467,293.71,3,71.48,8,4474,434.16,3,93.73,9,4561,316.31,3,162.7,9,4562,292.73,3,225.57,9,4564,470.89,3,227.53,8,4574,300.78,3,198.7,9,4595,328.61,3,127.73,9,4636,539.25,3,234.3,8,
2453,4418,249.97,3,227.79,8,4457,334.51,3,115.02,9,4467,291.41,3,100.25,8,4474,432.05,3,92.42,9,4561,311.24,3,174.83,9,4562,290.03,3,243.71,9,4574,295.45,3,214.59,9,4595,327.07,3,133.26,9,4636,541.12,3,233.75,8,
2454,4418,255.78,3,216.37,8,4457,335.6,3,101.03,9,4467,291.94,3,128.71,8,4474,430.07,3,91.23,9,4561,305.04,3,188.39,9,4562,289.43,3,264.02,9,4574,291.26,3,232.62,9,4595,324.5,3,140.86,9,4636,542.69,3,233.7,8,
2455,4418,262.15,3,205.24,8,4457,337.59,3,84.76,9,4467,295.37,3,158.01,8,4474,427.83,3,89.93,9,4561,298.7,3,204.1,9,4562,290.99,3,285.98,9,4574,289.56,3,253.48,9,4595,321.15,3,150.2,9,4636,543.6,3,233.8,8,
2456,4418,269.66,3,193.5,8,4457,340.74,3,66.47,9,4467,301.45,3,186.73,8,4474,425.9,3,88.84,9,4561,293.59,3,221.84,9,4574,289.91,3,274.79,9,4595,316.85,3,161.3,9,4636,544.34,3,233.58,8,
2457,4418,277.43,3,182.59,8,4457,345.28,3,46.81,9,4467,310.04,3,215.27,8,4474,424.48,3,88.06,9,4561,290.18,3,241.78,9,4574,292.63,3,298.64,9,4595,311.71,3,173.84,9,4636,539.42,3,227.83,8,
2458,4418,285.9,3,171.9,8,4457,350.15,3,29.93,9,4467,320.97,3,243.87,8,4474,422.9,3,87.2,9,4561,289.43,3,263.64,9,4595,305.01,3,188.47,9,4636,530.58,3,218.87,8,
2459,4457,354.53,3,16.58,9,4474,420.61,3,86.02,9,4561,291.25,3,288.13,9,4595,298.48,3,204.7,9,4636,519.87,3,208.09,8,
2460,4457,357.69,3,7.81,9,4474,418.96,3,85.21,9,4595,293.2,3,223.51,9,4636,506.83,3,194.95,8,4642,647.03,3,299.16,9,
2461,4457,361.93,3,5.14,9,4474,417.54,3,84.53,9,4595,289.94,3,245.05,9,4636,491.86,3,179.86,8,4642,645.48,3,298.7,9,
2462,4457,367.45,3,10.39,9,4474,416.05,3,83.84,9,4595,289.49,3,268.45,9,4636,474.53,3,162.39,8,4642,642.97,3,297.26,9,
2463,4457,375.13,3,18.66,9,4474,414.09,3,82.98,9,4595,292.09,3,294.49,9,4636,454.83,3,142.52,8,4642,638.26,3,292.88,9,4660,299.32,3,23.74,8,
2464,4125,540.46,3,246.46,8,4457,385.13,3,29.44,9,4474,412.61,3,82.35,9,4636,433.67,3,121.15,8,4642,633.06,3,287.56,9,4660,301.92,3,24.19,8,
2465,4125,534.85,3,242.28,8,4457,396.76,3,41.94,9,4474,410.54,3,81.52,9,4636,410.36,3,97.6,8,4642,625.46,3,279.78,9,4660,300.81,3,28.16,8,
2466,4125,530.77,3,240.97,8,4457,410.55,3,56.69,9,4474,408.25,3,80.66,9,4636,386.7,3,73.08,8,4642,616.21,3,270.32,9,4660,299.24,3,34.17,8,
2467,4125,529.61,3,243.12,8,4457,426.69,3,73.88,9,4474,405.69,3,79.78,9,4636,367.63,3,53.11,8,4642,604.47,3,258.29,9,4660,297.26,3,42.59,8,
2468,4125,529.01,3,246.57,8,4457,445.03,3,93.31,9,4474,403.43,3,78.98,9,4606,532.48,3,247.8,8,4636,352.91,3,37.74,8,4642,590.59,3,244.06,9,4660,293.51,3,53.42,8,
2469,4125,527.13,3,247.57,8,4457,465.78,3,115.18,9,4474,399.42,3,77.13,9,4606,532.9,3,245.76,8,4636,342.47,3,26.98,8,4642,575.14,3,228.18,9,4660,291.32,3,66.16,8,
2470,4125,520.4,3,242.19,8,4230,540.41,3,246.41,8,4457,488.55,3,139.07,9,4474,393.77,3,72.36,9,4606,533.18,3,244.57,8,4636,336.29,3,20.75,8,4642,558.11,3,210.56,9,4660,292.63,3,81.12,8,
2471,4125,511.28,3,234.25,8,4230,534.61,3,242.14,8,4432,481.0,3,247.67,8,4457,513.68,3,165.3,9,4474,388.83,3,64.47,9,4606,535.14,3,244.6,8,4636,330.33,3,15.3,8,4642,539.33,3,191.07,9,4660,291.47,3,98.64,8,
2472,4125,500.28,3,224.81,8,4230,530.67,3,241.0,8,4426,542.04,3,247.95,8,4432,461.57,3,224.22,8,4457,539.75,3,192.41,9,4474,383.74,3,55.05,9,4606,540.71,3,249.11,8,4636,330.99,3,18.73,8,4642,518.8,3,169.7,9,4660,291.4,3,117.58,8,
2473,4125,487.7,3,214.18,8,4230,529.61,3,243.1,8,4426,532.36,3,238.89,8,4432,441.66,3,200.64,8,4457,565.85,3,219.44,9,4474,377.49,3,43.02,9,4636,335.07,3,27.16,8,4642,496.15,3,146.03,9,4660,292.72,3,138.06,8,
2474,4125,472.95,3,202.03,8,4230,529.0,3,246.66,8,4426,520.8,3,228.17,8,4432,420.94,3,176.89,8,4457,588.38,3,242.6,9,4474,370.77,3,29.41,9,4636,340.13,3,37.61,8,4642,472.82,3,121.54,9,4660,295.82,3,160.69,8,
2475,4125,459.4,3,191.19,8,4426,506.96,3,215.5,8,4432,401.31,3,154.1,8,4457,606.84,3,261.5,9,4474,363.79,3,14.43,9,4636,343.55,3,49.45,8,4642,449.28,3,96.7,9,4660,301.0,3,184.96,8,
2476,4125,445.55,3,180.5,8,4426,491.54,3,201.48,8,4432,383.68,3,131.38,8,4457,621.29,3,276.28,9,4467,336.84,3,249.06,8,4474,356.56,3,3.03,9,4636,350.97,3,63.6,8,4642,426.1,3,72.09,9,4660,308.64,3,211.12,8,
2477,4125,431.8,3,171.49,8,4426,474.53,3,186.27,8,4432,366.96,3,107.8,8,4457,631.46,3,286.67,9,4474,349.55,3,22.3,9,4636,359.92,3,79.78,8,4642,406.24,3,50.86,9,4660,318.9,3,238.89,8,
2478,4125,418.44,3,163.6,8,4426,455.6,3,169.74,8,4432,352.79,3,84.14,8,4457,637.95,3,293.28,9,4474,343.13,3,43.38,9,4636,370.72,3,98.2,8,4642,390.29,3,33.7,9,4656,588.36,3,291.31,9,
2479,4125,405.22,3,156.59,8,4426,434.65,3,152.15,8,4432,340.03,3,61.14,8,4457,640.2,3,295.51,9,4474,337.55,3,66.76,9,4636,384.03,3,119.2,8,4642,378.58,3,21.04,9,4656,579.0,3,280.25,9,
2480,4125,391.48,3,150.26,8,4426,411.34,3,133.87,8,4432,330.22,3,41.97,8,4457,641.1,3,296.39,9,4474,334.13,3,86.79,9,4636,398.29,3,142.73,8,4642,370.45,3,12.25,9,4656,568.23,3,267.39,9,
2481,4125,378.24,3,145.25,8,4426,385.74,3,115.91,8,4432,323.2,3,27.15,8,4457,641.17,3,296.46,9,4474,332.15,3,103.83,9,4636,418.28,3,168.43,8,4642,364.43,3,5.84,9,4656,555.46,3,252.0,9,
2482,4125,364.01,3,139.98,8,4426,358.75,3,100.27,8,4432,318.61,3,16.9,8,4457,641.17,3,296.46,9,4469,293.37,3,278.38,9,4474,331.09,3,116.35,9,4636,441.07,3,196.0,8,4642,357.76,3,2.38,9,4656,541.5,3,234.99,9,4662,627.61,3,281.99,9,
2483,4125,350.45,3,135.74,8,4426,329.62,3,89.42,8,4432,317.1,3,10.59,8,4457,642.64,3,297.79,9,4469,292.78,3,253.26,9,4474,329.29,3,124.41,9,4636,465.45,3,225.54,8,4642,354.35,3,8.65,9,4656,525.76,3,215.64,9,4662,599.49,3,253.19,9,
2484,4125,335.98,3,132.66,8,4426,297.98,3,85.87,8,4432,318.53,3,8.26,8,4469,295.33,3,228.75,9,4474,326.6,3,134.68,9,4642,351.36,3,17.0,9,4656,507.19,3,194.1,9,4662,571.55,3,224.47,9,
2485,4125,324.39,3,125.3,8,4426,265.01,3,93.67,8,4432,322.51,3,7.95,8,4469,301.63,3,205.48,9,4474,322.51,3,146.46,9,4642,348.12,3,26.69,9,4656,485.55,3,172.02,9,4662,543.34,3,195.24,9,
2486,4125,322.7,3,111.57,8,4426,233.12,3,109.37,8,4432,328.81,3,13.28,8,4469,309.1,3,187.1,9,4474,317.22,3,160.34,9,4642,344.41,3,38.85,9,4656,461.56,3,151.5,9,4662,515.24,3,165.99,9,
2487,4426,201.45,3,130.4,8,4432,335.84,3,20.44,8,4469,315.56,3,173.08,9,4474,310.71,3,175.95,9,4642,340.69,3,52.56,9,4656,436.34,3,134.3,9,4662,488.11,3,137.6,9,
2488,4426,169.44,3,155.57,8,4432,345.11,3,30.13,8,4469,319.65,3,162.88,9,4474,302.9,3,193.44,9,4642,337.22,3,68.47,9,4656,412.38,3,125.29,9,4662,460.3,3,108.35,9,
2489,4426,137.12,3,183.22,8,4432,355.77,3,41.34,8,4469,322.03,3,156.81,9,4474,295.76,3,213.45,9,4642,334.13,3,86.81,9,4656,388.57,3,121.92,9,4662,435.01,3,81.57,9,
2490,4426,104.84,3,212.46,8,4432,367.9,3,54.1,8,4469,322.77,3,154.95,9,4474,290.78,3,235.89,9,4642,332.25,3,102.68,9,4656,366.01,3,125.32,9,4662,413.34,3,58.46,9,
2491,4426,73.5,3,242.19,8,4432,381.52,3,68.4,8,4469,322.85,3,154.73,9,4474,289.43,3,260.26,9,4642,331.32,3,115.07,9,4656,342.85,3,130.99,9,4662,396.01,3,39.86,9,
2492,4432,397.22,3,84.83,8,4469,322.88,3,154.67,9,4474,291.03,3,286.27,9,4642,329.53,3,123.32,9,4656,319.4,3,141.91,9,4662,382.94,3,25.76,9,
2493,4432,415.76,3,103.75,8,4469,322.88,3,154.67,9,4642,328.66,3,127.47,9,4656,297.06,3,157.45,9,4662,373.75,3,15.82,9,
2494,4432,434.85,3,122.98,8,4469,322.89,3,154.67,9,4642,326.92,3,133.76,9,4656,275.03,3,174.66,9,4662,368.71,3,10.37,9,
2495,4432,453.58,3,141.85,8,4469,322.89,3,154.67,9,4642,324.18,3,141.75,9,4656,252.94,3,191.42,9,4660,326.95,3,243.87,8,4662,361.89,3,3.27,9,
2496,4426,95.29,3,290.28,9,4432,471.87,3,160.27,8,4469,322.89,3,154.67,9,4642,320.45,3,152.06,9,4656,228.74,3,206.61,9,4660,317.4,3,218.4,8,4662,356.04,3,4.94,9,
2497,4426,126.97,3,267.35,9,4432,490.77,3,179.3,8,4469,322.89,3,154.67,9,4613,324.68,3,238.2,8,4642,315.58,3,164.63,9,4656,203.38,3,220.99,9,4660,309.09,3,190.77,8,4662,352.72,3,13.12,9,
2498,4426,159.06,3,247.81,9,4432,508.88,3,197.52,8,4469,322.89,3,154.67,9,4613,314.92,3,210.88,8,4642,309.32,3,178.88,9,4656,177.63,3,233.67,9,4660,302.64,3,160.58,8,4662,349.12,3,23.62,9,
2499,4426,191.72,3,231.93,9,4432,523.26,3,211.98,8,4469,322.89,3,154.67,9,4613,307.29,3,183.6,8,4642,302.11,3,195.38,9,4656,151.98,3,247.03,9,4660,299.16,3,131.17,8,4662,345.04,3,36.66,9,
2500,4426,224.06,3,215.75,9,4432,533.17,3,221.96,8,4469,322.89,3,154.67,9,4613,301.9,3,155.91,8,4642,295.58,3,214.15,9,4656,126.46,3,262.73,9,4660,298.58,3,101.08,8,4662,340.79,3,52.17,9,4712,309.07,3,179.43,9,
2501,4426,250.9,3,198.64,9,4432,538.55,3,227.42,8,4469,322.89,3,154.67,9,4613,298.98,3,128.4,8,4642,290.84,3,235.43,9,4656,101.57,3,280.35,9,4660,300.93,3,71.62,8,4662,337.08,3,69.18,9,4712,308.48,3,180.69,9,
2502,4426,273.38,3,183.69,9,4432,541.08,3,230.56,8,4469,322.89,3,154.67,9,4613,298.6,3,100.48,8,4642,289.44,3,259.63,9,4660,304.71,3,42.4,8,4662,333.91,3,88.38,9,4712,307.14,3,183.62,9,
2503,4426,291.72,3,170.18,9,4432,540.25,3,230.58,8,4457,657.72,3,299.19,9,4469,322.89,3,154.67,9,4613,300.77,3,72.96,8,4642,290.82,3,284.41,9,4660,313.71,3,13.71,8,4662,332.07,3,104.73,9,4712,305.26,3,187.89,9,
2504,4426,305.79,3,159.54,9,4432,538.97,3,230.49,8,4457,655.65,3,297.1,9,4469,322.89,3,154.67,9,4613,306.77,3,45.57,8,4660,325.55,3,17.13,8,4662,330.92,3,117.07,9,4712,302.67,3,194.02,9,
2505,4293,474.81,3,240.26,8,4426,315.28,3,151.19,9,4432,537.45,3,230.65,8,4457,653.49,3,294.92,9,4469,322.89,3,154.67,9,4613,315.15,3,19.0,8,4660,339.72,3,47.03,8,4662,329.2,3,124.85,9,4712,299.45,3,202.13,9,
2506,4293,457.22,3,218.92,8,4426,320.66,3,145.41,9,4432,535.73,3,231.3,8,4457,650.9,3,292.31,9,4469,322.89,3,154.67,9,4613,325.55,3,11.88,8,4660,355.31,3,76.09,8,4662,325.85,3,134.15,9,4688,562.63,3,249.2,8,4712,296.1,3,212.24,9,
2507,4293,438.47,3,197.0,8,4426,326.52,3,137.71,9,4432,534.16,3,232.48,8,4457,649.26,3,290.66,9,4469,322.89,3,154.67,9,4613,337.65,3,37.61,8,4660,373.13,3,106.14,8,4662,317.55,3,142.55,9,4688,550.72,3,237.9,8,4712,293.55,3,222.05,9,
2508,4293,419.28,3,174.98,8,4426,331.84,3,127.77,9,4432,532.86,3,234.11,8,4457,647.51,3,288.9,9,4469,323.7,3,152.44,9,4526,540.92,3,246.89,8,4613,351.34,3,64.29,8,4656,80.17,3,237.0,8,4660,393.2,3,135.7,8,4662,305.94,3,150.83,9,4688,539.7,3,227.55,8,4712,292.17,3,228.01,9,
2509,4293,401.33,3,154.11,8,4426,334.56,3,114.31,9,4432,532.07,3,235.53,8,4457,645.86,3,287.24,9,4469,325.38,3,147.81,9,4526,535.13,3,242.44,8,4613,366.86,3,91.73,8,4656,105.63,3,213.81,8,4660,415.3,3,164.78,8,4662,293.13,3,160.52,9,4688,528.73,3,217.4,8,4712,292.6,3,230.75,9,
2510,4293,384.61,3,132.61,8,4426,335.84,3,98.68,9,4432,531.74,3,236.31,8,4457,643.6,3,284.96,9,4469,327.53,3,141.72,9,4526,531.05,3,240.84,8,4613,383.96,3,119.1,8,4647,328.32,3,240.02,8,4656,131.39,3,191.12,8,4660,439.49,3,194.12,8,4662,278.87,3,171.58,9,4688,516.84,3,206.57,8,4712,295.18,3,229.49,9,
2511,4293,369.24,3,111.43,8,4426,338.19,3,80.84,9,4432,531.19,3,237.53,8,4457,640.98,3,282.33,9,4469,330.09,3,134.18,9,4526,529.71,3,242.66,8,4613,403.24,3,146.41,8,4647,319.81,3,216.68,8,4656,156.16,3,170.19,8,4660,464.31,3,224.18,8,4662,262.81,3,184.14,9,4688,505.37,3,196.34,8,4712,296.49,3,223.69,9,
2512,4293,356.06,3,89.75,8,4426,341.87,3,61.02,9,4432,530.6,3,239.24,8,4457,638.91,3,280.25,9,4469,332.53,3,124.42,9,4526,529.1,3,245.89,8,4613,424.69,3,173.65,8,4647,312.6,3,192.45,8,4656,181.65,3,149.96,8,4662,244.5,3,196.76,9,4688,494.0,3,186.44,8,4712,298.58,3,215.42,9,
2513,4293,343.38,3,67.38,8,4426,347.19,3,39.88,9,4432,529.98,3,241.56,8,4457,636.98,3,278.32,9,4469,334.64,3,112.9,9,4514,293.32,3,277.87,9,4526,528.6,3,247.82,8,4613,446.77,3,200.5,8,4647,307.31,3,169.2,8,4656,206.98,3,131.88,8,4662,223.92,3,209.61,9,4688,483.35,3,177.44,8,4712,301.51,3,205.81,9,
2514,4293,332.37,3,46.33,8,4426,354.44,3,16.86,9,4432,529.42,3,244.02,8,4457,635.33,3,276.65,9,4469,335.72,3,99.82,9,4514,292.72,3,255.34,9,4526,525.12,3,246.19,8,4613,469.09,3,227.62,8,4647,303.7,3,145.8,8,4656,232.56,3,116.52,8,4662,200.38,3,222.56,9,4688,472.01,3,168.21,8,4712,306.12,3,194.07,9,
2515,4293,324.43,3,29.81,8,4426,363.93,3,8.37,9,4432,529.04,3,246.32,8,4457,633.7,3,275.02,9,4469,337.64,3,84.43,9,4514,294.32,3,233.97,9,4526,518.86,3,240.85,8,4647,301.86,3,122.18,8,4656,258.47,3,105.16,8,4662,174.81,3,235.11,9,4688,460.66,3,159.4,8,4712,311.8,3,181.13,9,
2516,4293,319.03,3,17.85,8,4426,373.35,3,28.97,9,4432,528.71,3,249.5,8,4457,631.19,3,272.5,9,4469,340.62,3,67.09,9,4514,298.96,3,214.02,9,4526,510.81,3,233.85,8,4647,301.89,3,98.12,8,4656,284.39,3,98.44,8,4662,147.4,3,249.64,9,4688,449.48,3,151.25,8,4712,317.32,3,168.89,9,
2517,4293,317.17,3,10.34,8,4426,381.49,3,45.48,9,4457,629.5,3,270.81,9,4469,345.16,3,47.28,9,4514,305.35,3,195.94,9,4526,501.23,3,225.61,8,4647,303.72,3,75.02,8,4656,310.13,3,98.11,8,4662,119.21,3,267.66,9,4688,438.11,3,143.59,8,4712,320.56,3,160.52,9,
2518,4293,318.66,3,8.09,8,4426,388.27,3,58.48,9,4457,627.65,3,268.96,9,4469,351.61,3,25.31,9,4514,311.43,3,181.93,9,4526,489.61,3,215.79,8,4647,307.29,3,51.98,8,4656,335.43,3,101.86,8,4662,90.39,3,289.04,9,4688,427.25,3,136.99,8,4712,322.37,3,155.94,9,
2519,4293,319.08,3,7.56,8,4426,392.88,3,66.99,9,4457,625.54,3,266.85,9,4469,360.15,3,2.4,9,4514,315.99,3,172.09,9,4526,477.71,3,205.92,8,4647,315.03,3,29.36,8,4656,360.47,3,110.37,8,4688,416.84,3,131.41,8,4712,324.82,3,149.45,9,
2520,4293,319.12,3,7.53,8,4426,394.74,3,71.02,9,4457,623.34,3,264.64,9,4469,369.43,3,20.6,9,4514,319.61,3,163.0,9,4526,465.58,3,196.1,8,4647,323.19,3,10.42,8,4656,385.93,3,123.76,8,4688,405.92,3,126.08,8,4712,327.75,3,141.06,9,
2521,4293,319.12,3,7.53,8,4426,394.14,3,75.67,9,4457,621.68,3,262.98,9,4469,377.59,3,37.7,9,4514,321.97,3,156.93,9,4526,453.01,3,186.2,8,4647,332.51,3,21.82,8,4656,411.32,3,140.03,8,4688,397.27,3,122.59,8,4712,330.97,3,131.09,9,
2522,4293,321.04,3,7.4,8,4426,389.96,3,76.13,9,4457,619.77,3,261.07,9,4469,387.6,3,57.23,9,4514,324.91,3,149.2,9,4526,440.7,3,177.14,8,4647,343.8,3,45.01,8,4656,435.98,3,158.15,8,4688,392.55,3,120.99,8,4690,482.24,3,249.16,8,4712,333.82,3,118.58,9,
2523,4293,325.15,3,9.83,8,4426,386.96,3,75.83,9,4457,618.18,3,259.49,9,4469,399.41,3,78.89,9,4514,328.39,3,139.14,9,4526,429.18,3,169.88,8,4647,356.3,3,68.86,8,4656,460.88,3,178.11,8,4688,391.7,3,120.72,8,4690,470.32,3,234.84,8,4712,335.3,3,104.22,9,
2524,4293,331.51,3,15.99,8,4426,384.81,3,75.67,9,4457,616.69,3,258.0,9,4469,412.72,3,102.23,9,4514,331.89,3,127.54,9,4526,416.88,3,162.73,8,4647,369.47,3,92.07,8,4656,485.59,3,199.35,8,4662,86.03,3,231.6,8,4688,391.53,3,120.67,8,4690,457.03,3,218.68,8,4712,337.11,3,88.15,9,
2525,4293,339.07,3,23.81,8,4426,381.96,3,75.58,9,4457,615.18,3,256.49,9,4469,428.07,3,127.55,9,4514,334.62,3,113.18,9,4526,404.73,3,156.34,8,4647,383.89,3,115.46,8,4656,510.95,3,221.92,8,4662,114.79,3,205.66,8,4688,391.39,3,120.63,8,4690,441.34,3,200.28,8,4712,339.93,3,70.71,9,
2526,4293,348.89,3,34.1,8,4426,379.39,3,75.6,9,4457,613.02,3,254.34,9,4469,444.1,3,152.53,9,4514,336.13,3,96.04,9,4526,392.33,3,150.63,8,4647,399.73,3,138.46,8,4656,536.75,3,245.45,8,4662,142.83,3,181.32,8,4688,391.38,3,120.62,8,4690,424.24,3,180.69,8,4712,343.96,3,51.95,9,
2527,4293,360.35,3,46.16,8,4415,542.81,3,248.67,8,4426,376.39,3,75.75,9,4457,610.93,3,252.25,9,4469,461.63,3,178.51,9,4514,338.75,3,77.37,9,4526,380.4,3,145.99,8,4647,417.4,3,162.0,8,4662,171.58,3,157.76,8,4688,389.38,3,120.32,8,4690,405.23,3,158.66,8,4712,349.3,3,32.7,9,
2528,4293,373.74,3,60.24,8,4415,535.51,3,242.67,8,4426,373.45,3,76.04,9,4457,609.11,3,250.44,9,4469,479.59,3,204.02,9,4514,342.72,3,57.14,9,4526,368.01,3,141.45,8,4647,436.42,3,185.46,8,4662,200.06,3,136.58,8,4688,388.82,3,122.63,8,4690,386.22,3,134.72,8,4712,354.05,3,17.97,9,
2529,4293,389.03,3,76.27,8,4415,531.3,3,240.81,8,4426,370.55,3,76.46,9,4457,606.99,3,248.33,9,4469,498.04,3,229.31,9,4514,347.6,3,38.41,9,4526,355.44,3,137.16,8,4647,456.31,3,209.81,8,4662,228.88,3,118.48,8,4688,391.96,3,127.48,8,4690,367.59,3,108.83,8,4712,357.69,3,7.83,9,
2530,4293,406.15,3,94.07,8,4415,529.8,3,242.28,8,4426,367.64,3,77.0,9,4457,605.48,3,246.83,9,4469,515.82,3,252.97,9,4514,351.97,3,24.19,9,4526,343.04,3,133.98,8,4647,476.09,3,233.79,8,4662,257.99,3,105.35,8,4688,396.33,3,133.68,8,4690,351.0,3,81.02,8,4712,361.82,3,5.08,9,
2531,4293,422.89,3,110.94,8,4415,529.18,3,245.39,8,4426,365.34,3,77.52,9,4457,602.9,3,244.26,9,4469,530.62,3,272.2,9,4514,355.26,3,14.5,9,4526,331.25,3,132.0,8,4662,286.79,3,98.14,8,4688,399.7,3,141.53,8,4690,335.58,3,52.63,8,4712,367.99,3,10.96,9,
2532,4293,439.86,3,128.03,8,4415,528.7,3,249.53,8,4426,363.31,3,78.04,9,4457,601.05,3,242.43,9,4469,542.13,3,286.93,9,4514,357.5,3,8.31,9,4526,323.31,3,122.19,8,4662,315.44,3,98.65,8,4688,406.57,3,150.95,8,4690,321.78,3,24.04,8,4712,376.35,3,19.98,9,
2533,4293,457.56,3,145.86,8,4426,361.25,3,78.64,9,4457,599.45,3,240.84,9,4469,550.27,3,297.23,9,4514,361.44,3,4.9,9,4526,322.69,3,109.89,8,4662,343.46,3,104.0,8,4688,415.69,3,162.56,8,4690,310.86,3,5.48,8,4712,386.82,3,31.26,9,
2534,4293,475.05,3,163.47,8,4426,358.49,3,79.53,9,4457,597.31,3,238.72,9,4514,367.26,3,10.18,9,4662,371.51,3,115.67,8,4688,424.87,3,176.47,8,4690,299.58,3,32.82,8,4712,398.86,3,44.19,9,
2535,4293,492.13,3,180.67,8,4426,355.71,3,80.54,9,4457,594.72,3,236.15,9,4514,375.09,3,18.62,9,4662,400.32,3,132.64,8,4688,438.23,3,192.6,8,4690,292.15,3,60.95,8,4712,413.33,3,59.66,9,
2536,4293,509.83,3,198.48,8,4426,353.55,3,81.39,9,4457,593.01,3,234.45,9,4514,384.34,3,28.58,9,4662,428.23,3,152.25,8,4688,453.13,3,210.69,8,4690,288.74,3,89.84,8,4712,429.26,3,76.61,9,
2537,4293,526.86,3,215.6,8,4426,350.71,3,82.6,9,4457,591.36,3,232.82,9,4514,395.17,3,40.23,9,4662,456.18,3,174.23,8,4688,469.49,3,230.38,8,4690,288.24,3,118.91,8,4712,447.33,3,95.74,9,
2538,4293,543.91,3,232.75,8,4426,347.97,3,83.86,9,4457,589.94,3,231.42,9,4514,408.28,3,54.27,9,4662,485.37,3,199.16,8,4690,290.55,3,146.98,8,4712,467.59,3,117.09,9,4766,352.96,3,12.47,9,
2539,4293,560.62,3,249.52,8,4426,346.01,3,84.83,9,4457,587.47,3,228.98,9,4514,423.13,3,70.09,9,4662,513.71,3,224.41,8,4690,295.72,3,176.0,8,4712,490.22,3,140.81,9,4766,352.24,3,14.47,9,
2540,4426,343.76,3,85.99,9,4457,585.53,3,227.07,9,4514,439.63,3,87.6,9,4690,303.27,3,203.91,8,4712,514.62,3,166.28,9,4766,350.89,3,18.36,9,
2541,4426,341.13,3,87.42,9,4457,583.92,3,225.48,9,4514,458.17,3,107.17,9,4690,313.13,3,231.87,8,4712,540.48,3,193.16,9,4766,348.85,3,24.43,9,
2542,4426,338.31,3,89.04,9,4432,432.26,3,248.72,8,4457,582.27,3,223.86,9,4514,478.16,3,128.18,9,4712,566.12,3,219.72,9,4766,346.27,3,32.58,9,
2543,4426,336.39,3,90.18,9,4432,426.42,3,238.09,8,4457,579.71,3,221.34,9,4514,499.62,3,150.63,9,4712,588.83,3,243.06,9,4766,343.23,3,43.0,9,
2544,4426,334.34,3,91.45,9,4432,420.14,3,226.26,8,4457,577.69,3,219.36,9,4514,522.67,3,174.66,9,4712,607.23,3,261.9,9,4766,340.03,3,55.28,9,
2545,4426,332.36,3,92.72,9,4432,413.11,3,217.79,8,4457,576.01,3,217.71,9,4514,548.24,3,201.21,9,4712,621.58,3,276.58,9,4726,532.33,3,238.87,8,4766,337.06,3,69.29,9,
2546,4426,329.56,3,94.56,9,4432,402.88,3,213.94,8,4457,573.7,3,215.43,9,4514,571.63,3,225.39,9,4712,631.54,3,286.76,9,4726,503.95,3,212.76,8,4766,334.43,3,84.78,9,
2547,4426,327.29,3,96.11,9,4432,392.28,3,210.47,8,4457,571.7,3,213.48,9,4514,591.59,3,245.89,9,4712,637.32,3,292.65,9,4726,475.45,3,187.09,8,4766,332.35,3,101.67,9,4779,517.47,3,239.63,8,
2548,4426,325.38,3,97.45,9,4432,382.02,3,207.61,8,4457,569.15,3,210.99,9,4514,607.92,3,262.61,9,4712,638.99,3,293.78,9,4726,447.41,3,162.76,8,4766,331.37,3,114.21,9,4779,515.9,3,238.26,8,
2549,4426,322.91,3,99.22,9,4432,371.26,3,205.2,8,4457,567.43,3,209.31,9,4514,619.87,3,274.83,9,4712,635.88,3,290.45,9,4726,418.59,3,139.39,8,4766,329.67,3,122.63,9,4779,512.28,3,235.12,8,
2550,4426,320.02,3,101.36,9,4432,360.95,3,203.46,8,4457,565.65,3,207.57,9,4514,629.9,3,285.08,9,4712,630.81,3,285.26,9,4726,390.44,3,119.0,8,4766,328.75,3,127.04,9,4779,506.17,3,229.84,8,
2551,4426,317.19,3,103.52,9,4432,350.85,3,202.34,8,4457,563.22,3,205.2,9,4514,635.89,3,291.19,9,4712,623.93,3,278.22,9,4726,362.76,3,102.32,8,4745,242.2,3,245.82,8,4763,560.92,3,247.57,8,4766,326.97,3,133.6,9,4779,498.58,3,223.36,8,
2552,4426,315.18,3,105.08,9,4432,340.53,3,201.8,8,4457,561.7,3,203.72,9,4514,639.09,3,294.19,9,4712,615.43,3,269.52,9,4726,334.77,3,90.75,8,4745,246.6,3,235.11,8,4763,552.61,3,239.68,8,4766,324.18,3,141.76,9,4779,489.7,3,215.86,8,
2553,4426,313.38,3,106.52,9,4432,330.28,3,201.87,8,4457,559.29,3,201.38,9,4514,638.08,3,292.7,9,4712,605.5,3,259.34,9,4726,306.57,3,85.71,8,4745,251.28,3,225.09,8,4763,542.16,3,229.85,8,4766,320.56,3,151.78,9,4779,478.81,3,206.82,8,
2554,4426,310.87,3,108.54,9,4432,332.53,3,212.09,8,4457,557.1,3,199.27,9,4514,633.84,3,288.36,9,4712,593.46,3,247.0,9,4726,278.55,3,89.34,8,4745,256.34,3,215.34,8,4763,529.9,3,218.47,8,4766,316.16,3,163.09,9,4779,465.5,3,196.02,8,4789,393.9,3,130.25,8,
2555,4426,308.41,3,110.56,9,4432,335.95,3,223.16,8,4457,555.02,3,197.25,9,4514,627.95,3,282.33,9,4726,250.28,3,100.09,8,4745,261.75,3,205.92,8,4763,516.83,3,206.56,8,4766,310.64,3,176.09,9,4779,452.86,3,186.09,8,4789,395.07,3,131.89,8,
2556,4426,305.78,3,112.78,9,4432,339.74,3,234.36,8,4457,552.47,3,194.78,9,4514,620.5,3,274.71,9,4726,222.19,3,116.05,8,4745,267.94,3,196.08,8,4763,504.07,3,195.19,8,4766,304.17,3,190.43,9,4779,439.37,3,176.28,8,4789,397.59,3,135.45,8,
2557,4415,369.87,3,249.8,8,4426,303.69,3,114.56,9,4457,550.46,3,192.85,9,4514,611.65,3,265.65,9,4726,194.3,3,135.76,8,4745,274.73,3,186.26,8,4763,491.73,3,184.5,8,4766,297.65,3,206.94,9,4779,425.98,3,167.96,8,4789,401.14,3,140.41,8,
2558,4415,359.39,3,248.57,8,4426,300.95,3,116.94,9,4457,548.45,3,190.92,9,4514,600.36,3,254.07,9,4726,166.68,3,157.86,8,4745,281.3,3,177.55,8,4763,479.55,3,174.31,8,4766,292.62,3,226.0,9,4779,412.52,3,160.35,8,4789,406.25,3,147.5,8,
2559,4415,353.01,3,248.08,8,4426,298.1,3,119.46,9,4457,546.12,3,188.68,9,4514,586.73,3,240.09,9,4726,139.36,3,181.25,8,4744,295.02,3,293.09,9,4745,288.5,3,168.84,8,4763,467.55,3,164.69,8,4766,289.83,3,247.15,9,4779,399.35,3,153.76,8,4789,412.84,3,156.31,8,
2560,4415,347.87,3,245.76,8,4426,295.45,3,121.86,9,4457,544.64,3,187.26,9,4726,111.17,3,206.61,8,4744,292.69,3,268.46,9,4745,295.6,3,160.82,8,4763,455.22,3,155.37,8,4766,289.61,3,270.6,9,4779,386.97,3,148.44,8,4789,421.37,3,166.94,8,
2561,4415,344.92,3,240.58,8,4426,293.19,3,123.92,9,4457,542.3,3,185.02,9,4726,84.1,3,231.97,8,4744,293.17,3,245.04,9,4745,303.4,3,152.18,8,4763,443.33,3,147.02,8,4766,292.28,3,295.99,9,4771,543.38,3,249.2,8,4779,374.05,3,143.88,8,4789,431.06,3,178.9,8,
2562,4325,295.72,3,298.37,9,4415,342.2,3,233.18,8,4426,290.75,3,126.16,9,4457,539.86,3,182.7,9,4744,296.93,3,221.86,9,4745,310.72,3,144.87,8,4763,431.74,3,139.62,8,4771,538.53,3,244.57,8,4779,360.56,3,138.78,8,4789,442.78,3,193.18,8,
2563,4325,292.69,3,268.6,9,4415,339.29,3,224.5,8,4426,288.66,3,128.12,9,4457,537.78,3,180.71,9,4744,303.51,3,200.56,9,4745,318.3,3,138.12,8,4754,532.17,3,249.94,8,4763,419.72,3,132.89,8,4771,535.54,3,241.13,8,4779,346.83,3,134.83,8,4789,455.93,3,209.34,8,
2564,4325,293.46,3,241.12,9,4415,335.99,3,213.86,8,4426,285.96,3,130.67,9,4457,535.72,3,178.76,9,4721,542.04,3,247.94,8,4744,310.74,3,183.45,9,4745,326.6,3,131.66,8,4754,532.65,3,246.91,8,4763,408.21,3,127.12,8,4771,535.01,3,239.19,8,4779,334.24,3,132.4,8,4789,470.88,3,227.52,8,
2565,4325,297.89,3,218.04,9,4415,337.03,3,204.96,8,4426,283.71,3,132.83,9,4457,533.73,3,176.88,9,4721,538.63,3,244.74,8,4744,316.63,3,170.56,9,4745,335.23,3,126.01,8,4754,533.03,3,245.17,8,4763,399.47,3,123.41,8,4771,535.73,3,237.75,8,4779,324.17,3,124.67,8,4789,487.99,3,248.0,8,
2566,4325,303.88,3,199.61,9,4415,348.39,3,205.27,8,4426,281.59,3,134.89,9,4457,532.0,3,175.24,9,4721,533.13,3,239.61,8,4744,320.18,3,161.51,9,4745,343.88,3,121.44,8,4754,533.44,3,243.57,8,4763,393.85,3,121.41,8,4771,536.74,3,236.3,8,4779,322.75,3,114.59,8,
2567,4325,309.85,3,185.41,9,4415,359.59,3,206.3,8,4426,279.5,3,136.93,9,4457,529.92,3,173.29,9,4721,525.77,3,232.77,8,4726,91.34,3,293.4,9,4744,322.12,3,156.57,9,4745,352.74,3,117.91,8,4754,533.87,3,242.07,8,4763,389.28,3,120.32,8,4771,538.15,3,234.95,8,4779,322.68,3,108.03,8,
2568,4325,314.89,3,174.56,9,4415,370.67,3,208.01,8,4426,277.41,3,138.99,9,4457,527.81,3,171.31,9,4721,516.39,3,224.12,8,4726,119.47,3,272.47,9,4744,325.24,3,150.2,9,4745,358.42,3,116.28,8,4754,534.55,3,240.23,8,4763,389.75,3,124.19,8,4771,539.68,3,234.13,8,4779,323.33,3,102.58,8,
2569,4325,319.0,3,164.58,9,4415,382.65,3,210.59,8,4426,275.17,3,141.23,9,4457,526.21,3,169.8,9,4721,504.45,3,213.21,8,4726,147.11,3,254.59,9,4744,330.47,3,142.88,9,4745,361.28,3,115.64,8,4754,535.49,3,238.19,8,4763,393.37,3,129.5,8,4771,541.48,3,233.72,8,4779,328.61,3,100.51,8,
2570,4325,321.7,3,157.6,9,4415,394.03,3,213.72,8,4426,272.92,3,143.49,9,4457,524.67,3,168.37,9,4721,490.63,3,200.66,8,4726,175.65,3,240.17,9,4744,338.28,3,136.01,9,4745,366.1,3,115.26,8,4754,536.72,3,236.31,8,4763,398.8,3,137.15,8,4771,543.13,3,233.74,8,4779,336.6,3,102.13,8,
2571,4325,325.93,3,149.13,9,4415,406.25,3,217.78,8,4426,270.96,3,145.49,9,4457,522.6,3,166.43,9,4721,474.79,3,186.51,8,4726,203.87,3,225.98,9,4744,349.42,3,132.46,9,4745,373.03,3,116.16,8,4754,538.45,3,234.75,8,4763,405.82,3,146.9,8,4771,543.98,3,233.87,8,4779,346.91,3,105.1,8,
2572,4325,332.85,3,140.19,9,4415,416.45,3,223.82,8,4426,268.79,3,147.71,9,4457,520.06,3,164.08,9,4721,456.45,3,170.48,8,4726,231.37,3,211.31,9,4744,362.11,3,129.67,9,4745,381.81,3,120.93,8,4754,540.25,3,233.92,8,4763,414.92,3,158.91,8,4771,543.94,3,232.92,8,4779,359.54,3,109.96,8,
2573,4325,344.04,3,134.05,9,4415,422.74,3,235.7,8,4426,266.72,3,149.85,9,4457,517.66,3,161.86,9,4721,436.72,3,153.84,8,4726,258.03,3,194.16,9,4744,375.77,3,126.64,9,4745,389.49,3,130.53,8,4754,542.13,3,233.68,8,4763,426.43,3,173.21,8,4771,540.24,3,228.68,8,4779,374.54,3,117.27,8,
2574,4325,358.42,3,130.34,9,4415,429.63,3,248.22,8,4426,264.26,3,152.42,9,4457,516.1,3,160.42,9,4721,415.2,3,136.79,8,4726,279.67,3,179.42,9,4744,390.69,3,125.09,9,4745,397.59,3,141.76,8,4754,543.35,3,233.77,8,4763,439.72,3,189.47,8,4771,534.72,3,223.04,8,4779,391.02,3,126.82,8,4818,294.49,3,289.04,9,
2575,4325,374.71,3,126.83,9,4426,261.57,3,155.24,9,4457,514.52,3,158.97,9,4721,391.56,3,119.75,8,4726,296.28,3,166.61,9,4744,407.42,3,126.9,9,4745,407.14,3,154.71,8,4754,544.2,3,233.29,8,4763,454.95,3,208.14,8,4771,526.92,3,215.19,8,4779,409.02,3,138.44,8,4818,294.25,3,287.0,9,
2576,4325,392.6,3,125.13,9,4426,259.02,3,157.96,9,4457,512.97,3,157.56,9,4721,365.6,3,103.85,8,4726,309.0,3,156.93,9,4744,425.86,3,132.47,9,4745,419.03,3,169.35,8,4754,537.86,3,226.23,8,4763,472.07,3,228.95,8,4771,517.45,3,205.65,8,4779,428.37,3,152.36,8,4818,293.85,3,283.35,9,
2577,4325,412.1,3,128.03,9,4426,256.75,3,160.4,9,4457,510.67,3,155.47,9,4721,338.5,3,91.89,8,4726,317.13,3,149.33,9,4744,446.59,3,142.98,9,4745,433.11,3,186.45,8,4754,528.92,3,217.21,8,4771,506.3,3,194.41,8,4779,449.08,3,168.47,8,4818,293.32,3,277.89,9,
2578,4325,432.71,3,135.19,9,4426,254.7,3,162.62,9,4457,509.0,3,153.94,9,4721,310.44,3,85.91,8,4726,321.35,3,144.53,9,4744,470.54,3,160.25,9,4745,448.52,3,205.09,8,4754,517.68,3,205.88,8,4771,493.51,3,181.53,8,4779,471.79,3,187.38,8,4818,292.79,3,270.54,9,
2579,4325,456.21,3,149.7,9,4426,252.35,3,165.19,9,4457,507.51,3,152.6,9,4721,282.93,3,88.2,8,4726,326.43,3,137.85,9,4744,493.66,3,181.68,9,4745,465.07,3,225.09,8,4754,504.57,3,192.68,8,4771,479.0,3,166.9,8,4779,492.55,3,205.49,8,4818,292.64,3,260.67,9,
2580,4325,480.74,3,169.33,9,4426,250.51,3,167.21,9,4457,505.2,3,150.52,9,4721,255.38,3,97.66,8,4726,331.7,3,128.45,9,4744,515.76,3,205.91,9,4745,483.99,3,247.58,8,4754,489.5,3,177.49,8,4771,462.9,3,150.65,8,4779,508.84,3,220.02,8,4818,292.88,3,250.49,9,
2581,4325,504.5,3,193.0,9,4426,248.49,3,169.46,9,4457,502.87,3,148.44,9,4721,227.28,3,112.85,8,4726,334.44,3,115.9,9,4744,536.22,3,230.51,9,4754,473.48,3,161.34,8,4771,445.52,3,133.12,8,4779,521.84,3,231.79,8,4818,293.18,3,244.75,9,
2582,4325,526.04,3,217.99,9,4426,246.4,3,171.8,9,4457,500.31,3,146.16,9,4721,200.32,3,131.23,8,4726,335.61,3,100.99,9,4744,555.29,3,253.72,9,4754,455.94,3,143.64,8,4771,429.1,3,116.54,8,4779,529.4,3,237.82,8,4818,291.8,3,242.74,9,
2583,4325,544.97,3,241.21,9,4426,244.18,3,174.3,9,4457,497.76,3,143.9,9,4721,172.58,3,152.99,8,4726,337.6,3,84.69,9,4744,571.58,3,273.26,9,4754,439.9,3,127.44,8,4771,411.92,3,99.18,8,4779,534.09,3,239.64,8,4818,289.95,3,244.92,9,
2584,4325,561.32,3,260.98,9,4426,242.5,3,176.21,9,4457,496.25,3,142.58,9,4702,295.02,3,293.11,9,4721,145.51,3,175.86,8,4726,340.63,3,67.05,9,4744,584.42,3,288.49,9,4754,422.98,3,110.35,8,4771,395.88,3,82.68,8,4779,535.39,3,238.38,8,4818,289.68,3,250.21,9,
2585,4325,574.32,3,276.52,9,4426,240.74,3,178.23,9,4457,494.26,3,140.84,9,4702,292.69,3,268.51,9,4721,117.82,3,200.53,8,4726,345.1,3,47.47,9,4744,593.71,3,299.27,9,4754,406.56,3,93.76,8,4771,379.58,3,65.63,8,4779,536.57,3,236.51,8,4818,289.46,3,257.76,9,
2586,4325,584.28,3,288.33,9,4426,238.52,3,180.78,9,4457,492.08,3,138.95,9,4702,293.41,3,241.71,9,4721,90.57,3,225.82,8,4726,351.43,3,25.86,9,4754,389.76,3,76.28,8,4771,362.95,3,48.22,8,4779,538.31,3,234.84,8,4818,289.49,3,267.82,9,
2587,4325,591.84,3,297.1,9,4426,236.81,3,182.77,9,4457,490.13,3,137.27,9,4702,298.17,3,216.96,9,4726,359.83,3,2.88,9,4754,373.5,3,59.26,8,4771,349.24,3,33.93,8,4779,540.42,3,233.89,8,4814,556.67,3,243.53,8,4818,290.36,3,279.94,9,
2588,4426,234.37,3,185.63,9,4457,487.87,3,135.33,9,4702,304.9,3,197.05,9,4726,371.07,3,24.14,9,4754,359.84,3,44.97,8,4771,339.81,3,24.27,8,4779,542.37,3,233.69,8,4814,547.35,3,234.72,8,4818,292.1,3,294.61,9,
2589,4426,232.55,3,187.78,9,4457,485.32,3,133.17,9,4702,311.69,3,181.37,9,4726,384.66,3,51.64,9,4754,350.21,3,34.94,8,4771,334.6,3,19.1,8,4779,543.62,3,233.81,8,4805,545.91,3,294.16,9,4814,535.94,3,224.06,8,
2590,4426,230.79,3,189.88,9,4457,483.66,3,131.77,9,4702,317.26,3,169.07,9,4726,400.28,3,80.43,9,4754,343.6,3,28.13,8,4771,330.43,3,15.36,8,4779,544.31,3,233.44,8,4805,537.9,3,284.03,9,4814,524.78,3,213.78,8,
2591,4426,228.45,3,192.69,9,4457,481.81,3,130.17,9,4702,320.52,3,160.62,9,4726,416.73,3,109.0,9,4754,339.07,3,23.53,8,4771,329.98,3,16.58,8,4779,539.61,3,228.02,8,4805,528.59,3,272.15,9,4814,512.98,3,203.1,8,
2592,4426,226.24,3,195.37,9,4457,479.64,3,128.31,9,4702,322.33,3,156.05,9,4717,479.87,3,246.32,8,4726,434.12,3,137.12,9,4754,334.16,3,18.68,8,4771,332.01,3,20.8,8,4779,532.62,3,220.93,8,4805,518.34,3,258.93,9,4814,501.97,3,193.35,8,
2593,4426,224.38,3,197.64,9,4457,478.03,3,126.94,9,4702,324.6,3,150.05,9,4717,457.67,3,219.46,8,4721,109.75,3,279.43,9,4726,452.36,3,164.92,9,4754,330.23,3,15.23,8,4771,335.28,3,27.58,8,4779,524.07,3,212.32,8,4805,507.16,3,244.28,9,4814,490.77,3,183.68,8,
2594,4426,222.47,3,200.0,9,4457,475.52,3,124.82,9,4702,327.43,3,141.99,9,4717,433.93,3,191.82,8,4721,136.73,3,260.92,9,4726,471.4,3,192.52,9,4754,330.69,3,18.14,8,4771,339.49,3,36.31,8,4779,514.06,3,202.24,8,4805,494.98,3,228.05,9,4814,479.5,3,174.27,8,
2595,4426,220.88,3,201.98,9,4457,473.03,3,122.73,9,4702,330.54,3,132.61,9,4717,410.12,3,164.36,8,4721,164.27,3,245.33,9,4726,491.74,3,220.77,9,4754,334.61,3,26.19,8,4771,344.69,3,46.78,8,4779,501.73,3,189.81,8,4805,482.04,3,210.46,9,4814,468.55,3,165.48,8,
2596,4426,219.01,3,204.33,9,4457,471.48,3,121.45,9,4702,333.32,3,120.79,9,4717,387.95,3,136.99,8,4721,191.92,3,231.83,9,4726,509.99,3,245.29,9,4754,336.86,3,35.97,8,4771,350.91,3,58.82,8,4779,488.11,3,176.08,8,4805,468.03,3,190.92,9,4814,457.53,3,157.06,8,4850,296.12,3,225.26,9,
2597,4426,216.84,3,207.09,9,4457,470.03,3,120.25,9,4702,335.03,3,107.44,9,4717,368.07,3,109.58,8,4721,219.65,3,217.99,9,4726,525.8,3,265.98,9,4754,343.09,3,48.56,8,4771,358.5,3,72.85,8,4779,472.33,3,160.17,8,4805,453.39,3,169.85,9,4814,446.08,3,148.88,8,4819,544.67,3,292.59,9,4850,296.59,3,223.3,9,
2598,4426,214.98,3,209.46,9,4457,468.55,3,119.03,9,4702,336.65,3,91.66,9,4717,352.01,3,82.79,8,4721,245.92,3,201.9,9,4726,538.4,3,282.17,9,4744,545.77,3,291.75,9,4754,350.88,3,63.44,8,4771,367.43,3,88.56,8,4779,454.05,3,141.72,8,4805,438.35,3,147.38,9,4814,434.9,3,141.56,8,4819,535.15,3,280.54,9,4850,297.42,3,219.9,9,
2599,4426,212.85,3,212.21,9,4457,466.15,3,117.08,9,4702,339.44,3,73.39,9,4717,339.69,3,60.52,8,4721,269.04,3,186.75,9,4726,548.08,3,294.47,9,4744,534.35,3,283.45,9,4754,360.03,3,79.96,8,4771,377.7,3,105.76,8,4779,434.39,3,121.88,8,4805,422.39,3,122.38,9,4814,424.41,3,135.4,8,4819,523.97,3,266.21,9,4850,298.73,3,214.85,9,
2600,4426,210.84,3,214.84,9,4457,464.58,3,115.81,9,4702,343.69,3,53.0,9,4717,330.35,3,42.23,8,4721,287.22,3,173.84,9,4744,522.72,3,275.24,9,4754,370.61,3,98.02,8,4771,390.21,3,124.97,8,4779,413.25,3,100.52,8,4805,406.45,3,95.85,9,4814,413.19,3,129.52,8,4819,511.23,3,249.63,9,4850,300.77,3,207.81,9,
2601,4426,209.02,3,217.24,9,4457,463.14,3,114.66,9,4702,348.5,3,35.36,9,4717,323.8,3,28.47,8,4721,300.74,3,163.23,9,4744,511.18,3,267.34,9,4754,383.38,3,118.22,8,4771,405.74,3,146.79,8,4779,391.9,3,78.52,8,4805,391.57,3,69.46,9,4814,402.77,3,124.74,8,4819,497.71,3,231.72,9,4850,303.87,3,199.63,9,
2602,4426,207.2,3,219.67,9,4457,460.86,3,112.85,9,4702,352.87,3,21.47,9,4717,319.65,3,19.25,8,4721,310.38,3,155.64,9,4744,499.91,3,259.9,9,4754,399.13,3,140.74,8,4771,422.37,3,168.19,8,4779,372.47,3,58.18,8,4805,377.9,3,43.81,9,4814,395.48,3,121.96,8,4819,483.43,3,212.36,9,4850,307.83,3,190.03,9,
2603,4426,205.13,3,222.46,9,4457,459.05,3,111.43,9,4702,356.1,3,12.12,9,4717,317.71,3,14.54,8,4721,315.94,3,150.61,9,4744,487.56,3,252.07,9,4754,418.11,3,165.56,8,4771,439.84,3,189.62,8,4779,357.2,3,42.21,8,4805,365.6,3,18.39,9,4814,392.08,3,120.84,8,4819,468.16,3,191.09,9,4850,312.94,3,178.68,9,
2604,4426,203.2,3,225.09,9,4457,457.41,3,110.16,9,4702,358.08,3,6.3,9,4717,318.79,3,10.98,8,4721,320.12,3,147.9,9,4744,476.31,3,242.4,9,4754,439.68,3,191.88,8,4771,457.21,3,210.9,8,4779,345.78,3,30.37,8,4805,354.74,3,7.6,9,4814,388.52,3,120.96,8,4819,452.38,3,168.36,9,4850,317.87,3,167.51,9,
2605,4426,201.08,3,228.04,9,4457,454.92,3,108.25,9,4702,356.89,3,2.25,9,4717,322.6,3,12.58,8,4721,320.33,3,152.29,9,4744,467.44,3,230.69,9,4754,462.84,3,220.08,8,4771,475.08,3,232.58,8,4779,338.19,3,22.65,8,4805,345.82,3,34.06,9,4814,390.55,3,125.48,8,4819,436.27,3,144.2,9,4850,320.67,3,160.23,9,4862,335.27,3,247.29,8,
2606,4426,199.65,3,230.03,9,4457,452.46,3,106.4,9,4702,348.68,3,11.66,9,4717,325.55,3,17.13,8,4721,318.44,3,157.18,9,4744,461.68,3,218.68,9,4754,487.77,3,249.88,8,4779,334.41,3,18.92,8,4805,339.04,3,59.67,9,4814,395.15,3,132.01,8,4819,419.83,3,118.25,9,4850,322.59,3,155.39,9,4862,333.93,3,247.27,8,
2607,4426,197.63,3,232.89,9,4457,450.41,3,104.88,9,4702,338.7,3,22.52,9,4717,328.37,3,23.41,8,4721,315.85,3,163.91,9,4779,329.84,3,15.0,8,4805,334.91,3,81.61,9,4814,401.01,3,140.24,8,4819,403.6,3,90.91,9,4850,322.85,3,154.74,9,4862,330.83,3,247.26,8,
2608,4426,195.46,3,236.01,9,4457,448.38,3,103.39,9,4702,327.41,3,34.95,9,4717,331.97,3,31.17,8,4721,312.31,3,172.48,9,4779,327.81,3,16.66,8,4805,332.55,3,99.74,9,4814,408.72,3,150.88,8,4819,387.25,3,61.59,9,4850,322.87,3,154.7,9,4862,326.42,3,247.33,8,
2609,4426,193.59,3,238.74,9,4457,446.35,3,101.93,9,4702,314.34,3,49.44,9,4717,336.4,3,40.38,8,4721,307.46,3,182.93,9,4779,331.36,3,24.34,8,4805,331.41,3,113.47,9,4814,418.71,3,163.64,8,4819,371.25,3,30.41,9,4850,322.88,3,154.69,9,4862,319.91,3,247.62,8,
2610,4426,192.27,3,240.7,9,4457,443.96,3,100.25,9,4702,299.62,3,65.96,9,4717,342.27,3,52.02,8,4721,302.07,3,195.49,9,4779,333.41,3,34.2,8,4805,329.68,3,122.6,9,4814,431.02,3,178.86,8,4819,357.36,3,1.38,9,4850,322.88,3,154.67,9,4862,311.91,3,248.27,8,4867,365.75,3,12.45,9,
2611,4426,190.5,3,243.35,9,4457,442.48,3,99.21,9,4702,282.93,3,84.97,9,4717,349.76,3,66.1,8,4721,296.83,3,209.63,9,4779,338.52,3,44.64,8,4805,328.69,3,127.35,9,4814,445.06,3,195.95,8,4819,346.9,3,30.57,9,4850,322.89,3,154.67,9,4862,301.92,3,249.55,8,4867,366.52,3,14.2,9,
2612,4426,188.68,3,246.12,9,4457,440.98,3,98.19,9,4702,264.65,3,106.21,9,4717,358.75,3,82.11,8,4721,292.6,3,226.13,9,4779,344.74,3,56.74,8,4805,326.96,3,133.64,9,4814,460.68,3,215.15,8,4819,339.88,3,55.92,9,4850,322.89,3,154.67,9,4867,368.34,3,18.23,9,4872,405.02,3,88.87,9,
2613,4426,187.27,3,248.28,9,4457,439.12,3,96.95,9,4702,244.76,3,129.98,9,4717,369.1,3,99.57,8,4721,289.97,3,244.61,9,4779,352.68,3,71.39,8,4805,324.43,3,141.1,9,4814,477.81,3,235.85,8,4819,335.46,3,78.15,9,4839,365.25,3,249.19,8,4850,322.89,3,154.67,9,4867,371.32,3,24.66,9,4872,405.76,3,90.18,9,
2614,4426,186.05,3,250.2,9,4457,437.56,3,95.91,9,4702,223.99,3,155.84,9,4721,289.44,3,265.03,9,4779,361.93,3,87.57,8,4805,320.95,3,150.73,9,4819,332.91,3,96.35,9,4839,344.46,3,247.55,8,4850,322.89,3,154.67,9,4867,375.58,3,33.62,9,4872,407.94,3,93.99,9,
2615,4426,184.67,3,252.37,9,4457,435.44,3,94.54,9,4702,203.67,3,182.87,9,4721,291.22,3,287.87,9,4779,372.56,3,105.23,8,4805,316.7,3,161.68,9,4819,331.61,3,110.47,9,4839,323.72,3,247.43,8,4850,322.89,3,154.67,9,4867,381.15,3,44.82,9,4872,411.23,3,99.68,9,
2616,4426,182.96,3,255.13,9,4457,433.3,3,93.2,9,4702,185.46,3,209.44,9,4779,385.98,3,125.6,8,4805,311.41,3,174.47,9,4819,330.11,3,120.6,9,4839,302.74,3,249.43,8,4850,322.89,3,154.67,9,4867,387.17,3,56.41,9,4872,416.12,3,107.98,9,
2617,4426,181.55,3,257.44,9,4457,430.92,3,91.74,9,4702,169.77,3,235.5,9,4779,402.04,3,147.84,8,4805,304.86,3,188.81,9,4819,328.92,3,126.23,9,4850,322.89,3,154.67,9,4867,391.0,3,63.55,9,4872,422.3,3,118.22,9,
2618,4426,179.84,3,260.3,9,4457,428.92,3,90.56,9,4702,156.5,3,262.36,9,4779,421.17,3,171.97,8,4805,298.33,3,205.08,9,4819,326.73,3,134.31,9,4850,322.89,3,154.67,9,4867,393.18,3,67.54,9,4872,430.21,3,130.97,9,
2619,3922,293.06,3,274.67,9,4426,178.01,3,263.41,9,4457,426.44,3,89.14,9,4702,147.17,3,288.62,9,4779,443.04,3,198.4,8,4805,293.06,3,224.1,9,4819,323.55,3,143.51,9,4850,322.96,3,154.21,9,4867,392.17,3,69.19,9,4872,439.48,3,145.45,9,
2620,3922,293.12,3,245.87,9,4426,176.81,3,265.49,9,4457,424.57,3,88.11,9,4779,461.5,3,220.8,8,4784,475.64,3,241.25,8,4805,289.95,3,245.06,9,4819,319.55,3,154.43,9,4850,323.1,3,153.01,9,4867,389.86,3,66.34,9,4872,450.71,3,162.46,9,
2621,3922,296.93,3,221.88,9,4426,175.45,3,267.89,9,4457,422.85,3,87.18,9,4779,476.67,3,238.93,8,4784,453.94,3,214.89,8,4805,289.48,3,267.73,9,4819,314.62,3,167.06,9,4850,323.35,3,149.38,9,4867,387.39,3,61.84,9,4872,463.36,3,181.02,9,
2622,3922,302.79,3,202.41,9,4426,174.01,3,270.49,9,4457,420.58,3,86.01,9,4784,431.68,3,189.24,8,4805,291.78,3,292.17,9,4819,308.13,3,181.44,9,4850,320.49,3,145.5,9,4867,383.78,3,55.13,9,4872,477.54,3,201.16,9,
2623,3922,308.88,3,187.61,9,4426,172.89,3,272.56,9,4457,418.61,3,85.04,9,4784,410.01,3,164.24,8,4819,301.17,3,197.71,9,4850,315.65,3,145.03,9,4867,379.09,3,46.14,9,4872,493.99,3,223.84,9,
2624,3922,313.95,3,176.58,9,4426,171.55,3,275.08,9,4457,416.97,3,84.26,9,4609,539.08,3,245.11,8,4784,389.09,3,138.48,8,4819,295.15,3,215.76,9,4850,311.34,3,147.04,9,4867,373.59,3,35.21,9,4872,512.04,3,248.0,9,
2625,3922,321.37,3,171.63,9,4426,170.52,3,277.04,9,4457,414.42,3,83.11,9,4609,535.02,3,240.2,8,4784,370.12,3,112.82,8,4819,290.81,3,235.71,9,4850,305.71,3,150.98,9,4862,144.04,3,288.81,9,4867,367.33,3,22.13,9,4872,527.09,3,267.65,9,
2626,3922,331.17,3,171.04,9,4426,169.17,3,279.7,9,4457,412.55,3,82.32,9,4609,535.2,3,238.78,8,4784,354.45,3,87.0,8,4819,289.45,3,258.67,9,4850,298.8,3,156.11,9,4862,152.76,3,264.39,9,4867,362.43,3,11.36,9,4872,539.38,3,283.42,9,
2627,3922,343.0,3,171.36,9,4426,168.02,3,281.99,9,4457,410.74,3,81.6,9,4609,535.9,3,237.49,8,4784,340.62,3,62.27,8,4819,290.81,3,284.31,9,4850,290.52,3,162.62,9,4862,164.69,3,239.89,9,4867,359.42,3,5.24,9,4872,548.27,3,294.7,9,
2628,3922,356.81,3,172.75,9,4426,166.84,3,284.41,9,4457,408.34,3,80.69,9,4609,536.96,3,236.04,8,4784,330.27,3,42.06,8,4850,279.92,3,170.75,9,4862,179.36,3,215.16,9,4867,353.66,3,6.39,9,
2629,3922,371.27,3,175.39,9,4426,165.73,3,286.79,9,4457,406.75,3,80.14,9,4609,538.44,3,234.76,8,4784,322.86,3,26.4,8,4839,142.6,3,294.3,9,4850,267.9,3,180.56,9,4862,195.59,3,191.09,9,4867,348.41,3,11.95,9,
2630,3922,385.43,3,179.06,9,4426,164.37,3,289.73,9,4609,540.34,3,233.9,8,4784,317.94,3,15.35,8,4839,149.87,3,271.47,9,4850,253.55,3,190.96,9,4862,213.75,3,166.45,9,4867,341.77,3,19.17,9,
2631,3922,399.34,3,183.69,9,4426,163.26,3,292.23,9,4609,542.7,3,233.7,8,4784,317.97,3,9.06,8,4839,160.56,3,247.74,9,4850,236.38,3,202.04,9,4862,233.3,3,141.75,9,4867,332.92,3,28.87,9,4872,547.33,3,295.94,9,
2632,3922,413.89,3,189.5,9,4426,162.17,3,294.77,9,4784,323.48,3,8.52,8,4839,173.73,3,224.21,9,4850,216.4,3,213.96,9,4862,254.03,3,116.74,9,4867,322.57,3,40.29,9,4872,541.0,3,287.96,9,
2633,3922,428.49,3,196.24,9,4426,161.35,3,296.74,9,4784,331.49,3,15.97,8,4839,189.16,3,200.34,9,4850,195.67,3,224.92,9,4862,274.89,3,92.39,9,4867,311.07,3,53.09,9,4872,533.57,3,278.52,9,
2634,3922,442.59,3,203.55,9,4426,160.19,3,299.62,9,4784,340.55,3,25.35,8,4839,205.47,3,177.45,9,4850,174.45,3,235.29,9,4862,296.64,3,67.66,9,4866,555.49,3,243.93,8,4867,298.31,3,67.44,9,4872,524.54,3,266.95,9,
2635,4442,293.85,3,283.47,9,4784,351.23,3,36.57,8,4839,223.76,3,153.64,9,4850,152.87,3,246.54,9,4862,315.33,3,46.78,9,4866,549.69,3,238.14,8,4867,283.76,3,84.01,9,4872,514.21,3,253.53,9,
2636,4442,292.67,3,257.52,9,4784,364.29,3,50.3,8,4839,242.19,3,130.9,9,4850,131.45,3,259.41,9,4862,330.18,3,30.42,9,4866,544.02,3,232.84,8,4867,267.3,3,103.09,9,4872,502.09,3,237.57,9,4906,531.76,3,220.06,8,
2637,4442,294.69,3,231.92,9,4784,379.77,3,66.57,8,4839,262.29,3,107.01,9,4850,109.5,3,274.47,9,4862,341.03,3,18.57,9,4866,541.15,3,230.8,8,4867,249.58,3,124.15,9,4872,488.59,3,219.42,9,4906,530.19,3,218.48,8,
2638,4442,300.68,3,208.07,9,4784,397.28,3,84.91,8,4839,282.87,3,83.25,9,4850,87.57,3,291.27,9,4862,348.16,3,10.87,9,4866,539.71,3,230.52,8,4867,231.29,3,146.6,9,4872,474.38,3,199.83,9,4906,526.85,3,215.12,8,
2639,4442,308.18,3,189.2,9,4601,477.26,3,243.19,8,4784,417.4,3,105.4,8,4839,302.87,3,60.66,9,4862,354.04,3,4.68,9,4866,538.0,3,230.55,8,4867,214.03,3,168.79,9,4872,458.77,3,177.67,9,4893,556.71,3,245.15,8,4906,521.45,3,209.68,8,
2640,4442,314.8,3,174.71,9,4601,453.08,3,213.83,8,4784,438.11,3,126.26,8,4839,319.88,3,41.76,9,4862,354.48,3,8.29,9,4866,536.23,3,231.04,8,4867,197.8,3,191.15,9,4872,442.79,3,154.11,9,4893,543.1,3,231.47,8,4906,513.93,3,202.11,8,
2641,4442,319.18,3,164.1,9,4601,428.06,3,185.09,8,4784,458.36,3,146.66,8,4839,333.76,3,26.5,9,4862,351.09,3,17.76,9,4866,534.51,3,232.16,8,4867,182.65,3,213.84,9,4872,426.44,3,128.86,9,4893,531.12,3,219.41,8,4906,504.07,3,192.17,8,4914,312.17,3,38.72,8,
2642,4442,321.72,3,157.56,9,4601,403.73,3,156.92,8,4784,479.29,3,167.74,8,4839,343.63,3,15.76,9,4862,347.26,3,29.38,9,4866,533.14,3,233.7,8,4867,169.6,3,235.8,9,4872,409.6,3,101.23,9,4893,518.13,3,206.34,8,4906,491.8,3,179.81,8,4914,312.8,3,36.59,8,
2643,4442,325.46,3,149.82,9,4601,381.83,3,128.95,8,4784,499.85,3,188.43,8,4839,349.4,3,9.54,9,4862,343.25,3,42.92,9,4866,532.27,3,235.14,8,4867,158.44,3,257.95,9,4872,392.86,3,71.81,9,4893,504.73,3,192.84,8,4906,477.01,3,164.89,8,4913,318.05,3,158.18,9,4914,313.95,3,32.76,8,
2644,4442,331.88,3,141.28,9,4601,362.88,3,101.16,8,4784,519.87,3,208.58,8,4839,351.43,3,7.38,9,4862,339.21,3,58.89,9,4866,531.86,3,236.01,8,4867,149.83,3,279.87,9,4872,376.85,3,41.74,9,4893,489.78,3,177.77,8,4906,460.82,3,148.56,8,4913,317.4,3,159.85,9,4914,315.55,3,27.73,8,
2645,4442,342.45,3,134.56,9,4601,347.41,3,74.69,8,4784,539.91,3,228.73,8,4839,351.64,3,7.15,9,4850,67.12,3,249.2,8,4862,335.61,3,77.26,9,4866,532.17,3,238.06,8,4872,363.11,3,12.88,9,4893,472.46,3,160.3,8,4906,442.95,3,130.52,8,4913,315.95,3,163.64,9,4914,317.97,3,20.88,8,
2646,4442,356.55,3,130.72,9,4601,335.54,3,52.56,8,4784,560.44,3,249.35,8,4839,351.65,3,7.14,9,4850,87.55,3,230.2,8,4862,333.01,3,95.56,9,4866,535.49,3,243.21,8,4872,351.51,3,16.56,9,4893,454.06,3,141.74,8,4906,423.69,3,111.07,8,4913,313.87,3,168.91,9,4914,321.25,3,13.23,8,
2647,4442,371.61,3,127.46,9,4601,326.72,3,34.71,8,4839,352.95,3,5.76,9,4850,108.33,3,211.4,8,4862,331.65,3,109.94,9,4866,540.65,3,249.05,8,4872,342.97,3,43.96,9,4893,434.2,3,121.68,8,4906,402.14,3,89.22,8,4913,310.98,3,175.39,9,4914,325.73,3,10.24,8,
2648,4442,388.46,3,125.18,9,4500,295.89,3,299.53,9,4601,320.61,3,21.41,8,4839,355.22,3,4.4,9,4850,129.03,3,193.16,8,4862,330.27,3,119.88,9,4872,337.49,3,67.05,9,4893,414.23,3,101.51,8,4906,380.59,3,66.69,8,4913,307.34,3,183.18,9,4914,331.22,3,19.19,8,4924,584.02,3,238.13,9,
2649,4442,407.15,3,126.84,9,4500,292.84,3,271.45,9,4601,317.38,3,12.64,8,4839,353.99,3,9.6,9,4850,150.23,3,175.1,8,4862,329.1,3,125.34,9,4872,334.29,3,85.69,9,4893,395.24,3,82.01,8,4906,363.36,3,48.65,8,4913,303.25,3,192.61,9,4914,338.4,3,34.06,8,4924,585.9,3,240.06,9,
2650,4442,428.39,3,133.43,9,4500,293.29,3,243.28,9,4601,318.17,3,8.77,8,4839,351.42,3,16.83,9,4850,171.87,3,157.53,8,4862,327.14,3,133.01,9,4872,332.45,3,100.71,9,4893,377.11,3,63.04,8,4906,349.84,3,34.56,8,4913,298.66,3,204.23,9,4914,347.08,3,51.48,8,4924,589.67,3,243.92,9,
2651,4442,451.54,3,146.39,9,4500,297.92,3,217.94,9,4601,322.21,3,7.8,8,4839,348.4,3,25.82,9,4850,193.65,3,141.11,8,4862,323.75,3,142.95,9,4872,331.43,3,113.14,9,4893,362.63,3,47.88,8,4901,572.55,3,272.56,9,4906,340.35,3,24.82,8,4913,294.56,3,217.96,9,4914,357.37,3,70.81,8,4924,594.92,3,249.3,9,
2652,4442,476.9,3,165.68,9,4500,304.83,3,197.23,9,4601,329.25,3,13.71,8,4839,345.15,3,36.3,9,4850,215.11,3,126.62,8,4862,319.42,3,154.75,9,4872,329.77,3,122.15,9,4893,352.38,3,37.19,8,4901,548.33,3,243.34,9,4906,335.09,3,19.58,8,4913,291.09,3,233.68,9,4914,369.56,3,92.2,8,4924,602.37,3,256.93,9,
2653,4442,502.04,3,190.17,9,4500,311.79,3,181.15,9,4601,338.98,3,23.72,8,4839,341.57,3,49.16,9,4850,236.51,3,114.5,8,4862,314.06,3,168.46,9,4872,328.79,3,126.81,9,4893,345.7,3,30.29,8,4901,525.22,3,215.0,9,4906,330.43,3,15.36,8,4913,289.62,3,251.84,9,4914,383.95,3,115.55,8,4924,611.64,3,266.41,9,
2654,4442,524.86,3,216.55,9,4500,317.19,3,169.23,9,4601,351.26,3,36.59,8,4839,338.19,3,63.63,9,4850,258.18,3,105.27,8,4862,307.15,3,183.61,9,4872,327.04,3,133.36,9,4893,339.47,3,23.93,8,4901,499.96,3,185.94,9,4906,330.48,3,17.71,8,4913,289.67,3,271.43,9,4914,401.24,3,140.56,8,4924,622.95,3,277.97,9,
2655,4442,546.19,3,242.69,9,4500,320.5,3,160.69,9,4601,365.96,3,52.06,8,4839,335.07,3,80.56,9,4850,279.64,3,99.2,8,4862,300.08,3,200.5,9,4872,324.26,3,141.55,9,4893,335.07,3,19.56,8,4901,471.71,3,159.19,9,4906,334.21,3,25.34,8,4913,291.96,3,293.48,9,4914,420.76,3,166.2,8,4924,632.08,3,287.31,9,
2656,4442,568.08,3,269.07,9,4500,322.27,3,156.18,9,4601,382.39,3,69.31,8,4839,332.73,3,97.99,9,4850,301.18,3,97.57,8,4862,294.04,3,220.02,9,4872,320.55,3,151.81,9,4893,330.5,3,15.41,8,4901,442.62,3,138.02,9,4906,339.21,3,35.72,8,4914,441.67,3,191.84,8,4924,636.82,3,292.15,9,
2657,4442,590.7,3,295.78,9,4500,322.8,3,154.87,9,4601,400.79,3,88.57,8,4839,331.57,3,111.13,9,4850,322.37,3,99.57,8,4862,290.21,3,241.27,9,4872,315.97,3,163.58,9,4893,330.12,3,16.96,8,4901,414.83,3,126.01,9,4906,342.37,3,47.11,8,4914,462.42,3,217.26,8,4924,639.22,3,294.1,9,
2658,4500,322.87,3,154.71,9,4601,422.23,3,110.27,8,4839,330.17,3,120.33,9,4850,343.7,3,104.07,8,4862,289.45,3,265.4,9,4872,309.97,3,177.49,9,4893,332.34,3,21.47,8,4901,387.53,3,121.97,9,4906,349.43,3,60.72,8,4914,484.22,3,243.52,8,4924,636.56,3,291.14,9,
2659,4500,322.88,3,154.67,9,4601,444.98,3,133.18,8,4839,329.09,3,125.36,9,4850,364.79,3,112.34,8,4862,291.63,3,291.11,9,4872,303.16,3,192.83,9,4893,335.66,3,28.37,8,4901,361.29,3,126.46,9,4906,358.22,3,76.77,8,4924,631.74,3,286.22,9,
2660,4500,322.89,3,154.67,9,4601,467.47,3,155.83,8,4839,328.58,3,127.87,9,4850,386.71,3,124.23,8,4872,296.5,3,210.78,9,4893,339.8,3,36.94,8,4901,334.42,3,134.1,9,4906,368.84,3,95.07,8,4924,625.34,3,279.67,9,
2661,4500,323.59,3,152.73,9,4601,490.82,3,179.34,8,4839,327.36,3,132.24,9,4844,328.48,3,240.43,8,4850,407.8,3,137.61,8,4872,291.55,3,231.04,9,4893,345.29,3,47.97,8,4901,308.37,3,149.1,9,4906,381.88,3,115.96,8,4924,616.43,3,270.55,9,
2662,4500,325.16,3,148.49,9,4601,510.35,3,199.0,8,4839,325.29,3,138.49,9,4844,319.61,3,216.05,8,4850,428.81,3,152.68,8,4872,289.55,3,253.8,9,4893,351.93,3,60.76,8,4901,283.21,3,168.2,9,4906,395.4,3,138.75,8,4924,605.1,3,258.94,9,
2663,4500,327.43,3,142.01,9,4601,525.48,3,214.22,8,4652,480.62,3,247.22,8,4839,322.47,3,146.58,9,4844,312.37,3,191.6,8,4850,449.95,3,169.17,8,4872,290.21,3,278.37,9,4893,359.8,3,75.2,8,4901,257.56,3,187.96,9,4906,414.01,3,163.2,8,4924,591.46,3,244.95,9,
2664,4500,330.18,3,133.88,9,4601,536.41,3,225.22,8,4652,458.65,3,220.66,8,4784,553.0,3,241.43,8,4839,318.83,3,156.21,9,4844,306.97,3,167.41,8,4850,471.9,3,187.47,8,4893,369.34,3,91.83,8,4901,230.72,3,205.41,9,4906,435.9,3,189.8,8,4924,575.6,3,228.64,9,
2665,4500,332.77,3,123.32,9,4601,541.13,3,230.45,8,4652,435.34,3,193.43,8,4839,314.56,3,167.21,9,4844,303.46,3,143.69,8,4850,493.15,3,206.01,8,4893,381.0,3,111.03,8,4901,201.73,3,221.84,9,4906,458.91,3,217.69,8,4924,557.76,3,210.2,9,
2666,4500,334.78,3,110.9,9,4601,540.21,3,230.57,8,4652,411.99,3,166.54,8,4839,308.91,3,179.77,9,4844,301.77,3,119.57,8,4850,515.11,3,225.68,8,4893,395.47,3,132.47,8,4901,172.59,3,236.25,9,4906,482.0,3,245.23,8,4924,537.87,3,189.55,9,
2667,3821,462.46,3,225.31,8,4500,336.03,3,96.92,9,4601,538.56,3,230.49,8,4652,389.97,3,139.62,8,4839,302.69,3,193.96,9,4844,302.03,3,95.09,8,4850,536.42,3,245.16,8,4893,412.88,3,156.36,8,4901,143.78,3,251.77,9,4924,516.35,3,167.15,9,
2668,3821,440.15,3,198.92,8,4500,338.21,3,80.67,9,4601,536.8,3,230.83,8,4652,370.55,3,113.49,8,4839,296.67,3,210.19,9,4844,304.28,3,70.54,8,4893,433.45,3,181.83,8,4901,114.23,3,271.13,9,4915,325.57,3,232.93,8,4924,493.56,3,143.31,9,
2669,3821,417.51,3,172.93,8,4465,464.33,3,229.94,8,4500,341.62,3,62.19,9,4601,534.89,3,231.85,8,4652,354.03,3,86.3,8,4839,292.0,3,228.8,9,4844,309.61,3,46.48,8,4893,454.47,3,207.55,8,4901,84.77,3,293.52,9,4915,317.23,3,208.64,8,4924,469.06,3,117.59,9,
2670,3821,394.89,3,146.0,8,4153,322.82,3,299.91,9,4465,443.03,3,204.57,8,4500,346.28,3,43.13,9,4601,533.26,3,233.54,8,4652,338.65,3,58.56,8,4809,295.35,3,295.57,9,4839,289.7,3,249.83,9,4844,316.85,3,23.93,8,4893,475.64,3,233.25,8,4915,310.7,3,184.92,8,4924,442.84,3,89.88,9,
2671,3821,375.23,3,120.19,8,4153,334.14,3,299.21,9,4465,420.95,3,179.47,8,4500,350.67,3,28.25,9,4601,532.24,3,235.19,8,4652,325.22,3,31.54,8,4809,293.94,3,284.27,9,4839,289.8,3,273.35,9,4844,325.36,3,10.0,8,4915,305.79,3,160.68,8,4924,419.95,3,65.52,9,
2672,3821,358.56,3,93.99,8,4153,346.24,3,299.03,9,4465,398.72,3,153.88,8,4500,354.23,3,17.44,9,4601,531.78,3,236.2,8,4652,313.82,3,5.39,8,4809,292.79,3,270.69,9,4839,292.7,3,299.13,9,4844,335.61,3,28.28,8,4915,302.8,3,136.91,8,4924,401.41,3,45.68,9,
2673,3821,343.02,3,66.72,8,4153,358.09,3,299.42,9,4435,471.75,3,236.57,8,4465,379.06,3,128.63,8,4500,356.7,3,10.48,9,4601,532.75,3,239.1,8,4652,305.04,3,23.33,8,4809,292.71,3,255.74,9,4844,347.33,3,51.97,8,4915,301.65,3,113.24,8,4924,386.97,3,30.12,9,
2674,3821,329.02,3,39.51,8,4435,454.57,3,215.66,8,4465,360.93,3,102.28,8,4500,357.71,3,7.74,9,4601,537.65,3,245.9,8,4652,297.55,3,49.94,8,4809,293.71,3,238.52,9,4844,360.28,3,76.06,8,4915,302.44,3,88.47,8,4924,376.19,3,18.47,9,
2675,3821,316.9,3,12.81,8,4435,436.47,3,194.73,8,4465,345.75,3,76.64,8,4500,357.59,3,6.72,9,4652,293.08,3,76.74,8,4809,297.3,3,220.37,9,4844,374.11,3,99.85,8,4901,94.58,3,223.78,8,4915,305.12,3,64.57,8,4924,369.58,3,11.31,9,
2676,3821,307.38,3,15.35,8,4435,418.55,3,174.14,8,4465,331.8,3,50.97,8,4500,357.54,3,6.47,9,4652,291.33,3,103.96,8,4809,303.61,3,200.29,9,4844,389.1,3,123.32,8,4901,123.03,3,198.39,8,4915,311.56,3,40.9,8,4924,361.82,3,3.2,9,
2677,3821,300.37,3,42.3,8,4435,402.77,3,155.79,8,4465,319.22,3,25.38,8,4500,357.51,3,6.33,9,4652,292.15,3,131.69,8,4809,310.93,3,183.04,9,4844,406.41,3,147.72,8,4901,151.47,3,174.07,8,4915,319.24,3,17.63,8,4924,355.51,3,6.01,9,
2678,3821,294.06,3,68.86,8,4435,391.41,3,141.5,8,4465,308.74,3,6.84,8,4500,357.5,3,6.32,9,4652,295.52,3,158.96,8,4809,316.89,3,169.96,9,4844,425.38,3,171.92,8,4901,180.77,3,150.63,8,4915,328.18,3,13.42,8,4924,352.42,3,13.95,9,
2679,3821,291.57,3,96.26,8,4435,383.85,3,131.61,8,4465,300.72,3,28.46,8,4500,355.69,3,6.46,9,4632,293.65,3,281.45,9,4652,301.18,3,185.63,8,4809,320.48,3,160.72,9,4844,445.38,3,196.34,8,4901,210.08,3,129.84,8,4915,338.9,3,35.11,8,4924,349.03,3,23.88,9,
2680,3821,291.63,3,123.34,8,4435,379.74,3,126.18,8,4465,293.46,3,53.68,8,4500,353.93,3,9.78,9,4632,292.64,3,264.8,9,4652,309.3,3,213.09,8,4809,322.48,3,155.67,9,4844,465.63,3,221.17,8,4901,239.69,3,112.94,8,4915,351.14,3,59.25,8,4924,345.31,3,35.78,9,
2681,3821,294.11,3,149.74,8,4435,378.81,3,122.56,8,4465,289.68,3,79.07,8,4500,352.11,3,14.84,9,4632,292.8,3,252.67,9,4652,319.45,3,240.21,8,4809,326.19,3,148.75,9,4844,486.27,3,245.96,8,4901,268.38,3,101.87,8,4915,364.31,3,83.17,8,4924,341.57,3,49.16,9,
2682,3821,299.1,3,177.02,8,4435,380.85,3,121.72,8,4465,288.11,3,105.09,8,4500,349.6,3,22.16,9,4632,293.19,3,244.63,9,4809,331.91,3,141.23,9,4901,297.64,3,97.52,8,4915,378.76,3,107.49,8,4924,337.95,3,64.8,9,
2683,3821,306.25,3,203.62,8,4435,381.88,3,122.14,8,4465,288.88,3,130.8,8,4500,346.56,3,31.64,9,4632,292.96,3,240.83,9,4809,340.62,3,135.18,9,4901,326.78,3,100.22,8,4915,394.78,3,131.48,8,4924,334.71,3,82.89,9,
2684,3821,315.69,3,230.78,8,4435,385.45,3,125.04,8,4465,292.05,3,157.2,8,4500,343.31,3,42.7,9,4632,290.29,3,236.39,9,4809,352.65,3,131.62,9,4901,356.04,3,108.48,8,4915,412.9,3,156.38,8,4924,332.48,3,100.41,9,
2685,4435,387.66,3,127.97,8,4465,297.53,3,183.56,8,4500,340.02,3,55.32,9,4632,282.94,3,236.5,9,4809,366.87,3,128.59,9,4901,385.55,3,123.53,8,4915,432.75,3,180.98,8,4924,331.41,3,113.42,9,
2686,4435,391.35,3,133.13,8,4465,305.22,3,210.0,8,4500,337.02,3,69.51,9,4632,274.35,3,239.57,9,4809,382.08,3,125.72,9,4901,414.49,3,142.24,8,4915,452.1,3,204.63,8,4924,329.83,3,121.87,9,
2687,4435,396.24,3,139.9,8,4465,314.85,3,236.19,8,4500,334.36,3,85.2,9,4632,263.88,3,243.74,9,4697,295.28,3,294.99,9,4809,398.99,3,125.65,9,4901,443.16,3,163.76,8,4915,472.25,3,229.17,8,4924,328.93,3,126.12,9,
2688,4435,402.36,3,148.27,8,4500,332.54,3,99.71,9,4632,253.63,3,248.31,9,4697,292.71,3,269.27,9,4809,417.78,3,129.69,9,4901,467.7,3,183.88,8,4924,327.2,3,132.79,9,
2689,4435,410.46,3,158.82,8,4500,331.48,3,112.26,9,4632,243.36,3,253.33,9,4697,293.2,3,244.57,9,4809,438.21,3,137.6,9,4901,487.82,3,201.31,8,4924,324.35,3,141.3,9,
2690,4435,420.11,3,170.68,8,4500,328.71,3,127.22,9,4632,234.19,3,258.2,9,4697,297.27,3,220.47,9,4809,461.11,3,153.24,9,4901,503.73,3,215.43,8,4924,320.47,3,152.03,9,
2691,4435,431.97,3,185.07,8,4632,225.04,3,263.41,9,4697,304.14,3,198.96,9,4809,486.12,3,174.46,9,4901,515.33,3,225.88,8,4924,315.76,3,164.16,9,
2692,4435,445.81,3,201.78,8,4632,215.81,3,269.02,9,4697,311.33,3,182.16,9,4809,511.64,3,201.19,9,4901,524.3,3,234.03,8,4924,309.93,3,177.6,9,
2693,4435,460.77,3,219.93,8,4632,206.66,3,274.94,9,4697,317.07,3,169.55,9,4809,534.95,3,228.95,9,4901,529.42,3,239.52,8,4924,303.19,3,192.75,9,4934,549.9,3,299.16,9,
2694,4435,477.72,3,240.17,8,4632,197.42,3,281.28,9,4697,320.46,3,160.78,9,4809,554.91,3,253.26,9,4901,529.84,3,242.11,8,4924,296.77,3,209.85,9,4934,543.07,3,290.57,9,
2695,4632,188.01,3,288.12,9,4697,322.26,3,156.21,9,4809,571.44,3,273.09,9,4901,529.29,3,244.75,8,4924,291.93,3,229.13,9,4934,534.39,3,279.57,9,
2696,4632,179.59,3,294.59,9,4697,325.04,3,150.58,9,4809,584.37,3,288.43,9,4901,528.8,3,248.38,8,4924,289.66,3,250.54,9,4934,524.42,3,266.79,9,4981,529.68,3,242.76,8,
2697,4697,329.7,3,143.77,9,4809,593.74,3,299.3,9,4924,289.82,3,273.6,9,4934,513.55,3,252.68,9,4981,529.59,3,243.16,8,
2698,4697,336.54,3,137.12,9,4924,292.56,3,298.11,9,4934,501.87,3,237.26,9,4968,157.02,3,299.37,9,4981,529.42,3,244.03,8,
2699,4697,346.6,3,133.26,9,4934,489.03,3,220.0,9,4968,157.98,3,296.98,9,4981,529.16,3,245.53,8,
2700,4697,358.81,3,130.26,9,4934,475.46,3,201.33,9,4968,158.76,3,295.12,9,4981,528.91,3,247.32,8,
2701,4697,372.64,3,127.24,9,4934,460.48,3,180.14,9,4968,159.33,3,293.8,9,4981,530.54,3,249.68,8,5000,530.66,3,214.74,9,
2702,4697,388.62,3,125.18,9,4934,444.98,3,157.41,9,4968,160.22,3,291.76,9,5000,531.81,3,214.66,9,
2703,4697,407.18,3,126.85,9,4934,429.24,3,133.28,9,4968,160.82,3,290.42,9,4981,532.37,3,248.5,8,5000,533.81,3,214.58,9,
2704,3821,330.7,3,233.56,8,4697,427.95,3,133.25,9,4934,413.35,3,107.56,9,4968,161.75,3,288.38,9,4981,532.82,3,246.08,8,5000,536.67,3,214.62,9,5003,543.3,3,289.94,9,
2705,3821,323.8,3,212.85,8,4697,451.76,3,146.54,9,4934,397.8,3,80.67,9,4968,162.4,3,286.97,9,4981,533.1,3,244.89,8,5000,540.71,3,214.97,9,5003,541.8,3,288.85,9,
2706,3821,318.11,3,192.17,8,4697,473.42,3,162.45,9,4934,383.18,3,53.99,9,4968,163.1,3,285.5,9,4981,534.89,3,244.48,8,5000,545.55,3,215.8,9,5003,538.4,3,286.37,9,
2707,3821,313.49,3,170.47,8,4697,490.13,3,178.3,9,4934,369.63,3,27.04,9,4968,164.29,3,283.03,9,4981,540.64,3,249.05,8,5000,551.79,3,217.45,9,5003,533.04,3,282.52,9,
2708,3821,310.44,3,149.67,8,4697,503.21,3,191.52,9,4934,357.73,3,1.12,9,4968,165.03,3,281.53,9,5000,559.12,3,220.16,9,5003,525.31,3,277.05,9,5009,321.69,3,157.63,9,
2709,3821,308.75,3,128.27,8,4697,511.62,3,201.18,9,4934,348.34,3,25.99,9,4968,166.04,3,279.53,9,5000,564.28,3,222.5,9,5003,515.16,3,270.03,9,5009,322.66,3,155.21,9,
2710,3821,308.55,3,106.63,8,4697,516.13,3,206.34,9,4934,340.65,3,52.76,9,4968,166.71,3,278.22,9,5000,568.11,3,224.44,9,5003,502.44,3,261.55,9,5009,324.6,3,151.4,9,
2711,3821,309.81,3,86.04,8,4697,518.37,3,208.1,9,4934,335.91,3,75.54,9,4968,167.94,3,275.85,9,5000,569.57,3,225.19,9,5003,488.71,3,252.78,9,5009,328.31,3,145.67,9,5013,309.07,3,179.43,9,
2712,3821,312.3,3,65.04,8,4697,518.16,3,206.83,9,4934,333.09,3,94.81,9,4968,169.07,3,273.72,9,5000,568.1,3,223.19,9,5003,475.36,3,241.27,9,5009,333.51,3,139.45,9,5013,308.12,3,181.47,9,
2713,3821,315.96,3,43.87,8,4697,515.93,3,204.16,9,4934,331.67,3,109.59,9,4968,170.07,3,271.85,9,5000,565.58,3,221.45,9,5003,465.7,3,227.88,9,5009,341.79,3,134.79,9,5013,306.28,3,185.58,9,
2714,3821,321.07,3,23.76,8,4697,512.12,3,199.78,9,4934,330.29,3,119.81,9,4968,171.35,3,269.54,9,5000,562.45,3,219.83,9,5003,461.78,3,218.94,9,5009,353.05,3,131.51,9,5013,303.81,3,191.26,9,
2715,4632,119.71,3,245.64,8,4697,506.1,3,192.84,9,4934,329.06,3,125.54,9,4968,172.16,3,268.08,9,5000,558.6,3,218.0,9,5003,459.51,3,214.26,9,5009,366.4,3,128.71,9,5013,300.58,3,199.2,9,
2716,4632,124.64,3,234.66,8,4697,497.65,3,183.7,9,4934,327.26,3,132.57,9,4968,173.54,3,265.65,9,5000,554.04,3,216.07,9,5003,454.15,3,208.07,9,5009,380.47,3,125.91,9,5013,297.13,3,208.58,9,
2717,4632,130.13,3,223.99,8,4697,486.51,3,172.94,9,4934,324.55,3,140.75,9,4968,174.82,3,263.45,9,5000,548.46,3,214.11,9,5003,445.84,3,202.81,9,5009,396.99,3,125.45,9,5013,293.89,3,220.68,9,
2718,4632,135.99,3,213.77,8,4697,472.86,3,160.08,9,4934,321.17,3,150.15,9,4968,176.12,3,261.24,9,5000,541.94,3,212.44,9,5003,435.35,3,197.1,9,5009,416.33,3,129.24,9,5013,290.97,3,234.56,9,
2719,4632,142.46,3,203.33,8,4934,316.89,3,161.2,9,4968,176.89,3,259.92,9,5000,534.61,3,211.46,9,5003,422.96,3,190.87,9,5009,437.21,3,137.15,9,5013,289.67,3,250.51,9,
2720,4632,149.59,3,192.59,8,4934,311.41,3,174.48,9,4968,177.96,3,258.16,9,4980,589.71,3,292.89,9,5000,529.68,3,211.41,9,5003,408.75,3,184.52,9,5009,460.48,3,152.78,9,5013,289.49,3,268.17,9,
2721,4632,156.72,3,182.44,8,4934,304.62,3,189.35,9,4968,179.27,3,256.02,9,4980,579.55,3,280.9,9,5000,526.92,3,211.63,9,5003,394.93,3,179.2,9,5009,485.14,3,173.53,9,5013,291.29,3,288.4,9,
2722,4632,164.37,3,172.01,8,4934,297.82,3,206.49,9,4968,180.05,3,254.75,9,4980,567.7,3,266.75,9,5000,524.01,3,211.59,9,5003,380.91,3,174.78,9,5009,510.07,3,199.4,9,5018,649.22,3,299.94,9,
2723,4632,172.53,3,161.3,8,4934,292.65,3,225.89,9,4968,181.03,3,253.18,9,4972,327.57,3,238.12,8,4980,554.76,3,251.15,9,5000,518.59,3,207.16,9,5003,367.27,3,171.46,9,5009,534.56,3,228.47,9,5018,646.57,3,299.01,9,
2724,4632,180.75,3,150.94,8,4934,289.79,3,247.94,9,4968,182.42,3,250.97,9,4972,319.46,3,215.61,8,4980,542.28,3,235.94,9,5000,513.57,3,201.46,9,5003,353.3,3,169.15,9,5009,558.57,3,257.67,9,5018,645.29,3,298.66,9,
2725,4632,189.67,3,140.28,8,4934,289.71,3,272.02,9,4968,183.42,3,249.4,9,4972,312.7,3,192.85,8,4980,531.73,3,222.96,9,5000,507.4,3,194.35,9,5003,339.33,3,167.99,9,5009,583.27,3,287.14,9,5018,641.77,3,296.24,9,
2726,4632,199.02,3,129.32,8,4934,292.59,3,298.31,9,4968,184.39,3,247.92,9,4972,307.54,3,170.38,8,4980,521.83,3,210.98,9,5000,498.88,3,184.9,9,5003,329.85,3,167.86,9,5018,636.14,3,290.71,9,
2727,4632,208.26,3,118.66,8,4968,185.7,3,245.89,9,4972,303.92,3,147.67,8,4980,510.94,3,198.42,9,5000,487.42,3,173.81,9,5003,324.86,3,168.01,9,5018,628.72,3,283.13,9,
2728,4632,218.24,3,107.32,8,4968,186.88,3,244.09,9,4972,301.96,3,124.52,8,4980,499.83,3,185.81,9,5000,473.75,3,160.77,9,5003,318.34,3,169.13,9,5018,619.85,3,274.04,9,
2729,4632,227.37,3,97.07,8,4968,187.89,3,242.59,9,4972,301.76,3,101.54,8,4980,485.89,3,172.34,9,5000,458.01,3,148.89,9,5003,311.3,3,174.75,9,5018,608.76,3,262.69,9,
2730,4632,237.19,3,86.16,8,4968,189.17,3,240.67,9,4972,303.38,3,78.07,8,4980,470.36,3,158.15,9,5000,440.2,3,136.38,9,5003,306.86,3,184.25,9,5018,595.17,3,248.76,9,
2731,4632,246.59,3,75.83,8,4968,190.4,3,238.87,9,4972,306.79,3,54.6,8,4980,452.58,3,144.96,9,4992,331.84,3,248.7,8,5000,420.65,3,127.92,9,5003,302.1,3,195.42,9,5018,579.7,3,232.88,9,
2732,4632,256.02,3,65.54,8,4968,191.64,3,237.05,9,4972,313.87,3,33.02,8,4980,432.99,3,132.79,9,4992,321.87,3,222.71,8,5000,398.95,3,122.59,9,5003,297.12,3,208.6,9,5018,562.16,3,214.76,9,
2733,4632,265.61,3,55.15,8,4968,193.05,3,235.01,9,4972,321.55,3,12.69,8,4980,412.77,3,125.41,9,4992,313.78,3,196.88,8,5000,378.17,3,122.86,9,5003,293.07,3,224.08,9,5018,542.36,3,194.22,9,5027,590.86,3,294.22,9,
2734,4632,276.1,3,43.9,8,4968,194.74,3,232.61,9,4972,330.44,3,17.62,8,4980,390.85,3,121.91,9,4992,307.67,3,171.07,8,5000,361.82,3,126.37,9,5003,290.14,3,242.17,9,5018,520.29,3,171.25,9,5027,583.6,3,285.71,9,
2735,4632,285.57,3,33.82,8,4968,195.69,3,231.26,9,4972,340.54,3,38.44,8,4980,373.46,3,123.64,9,4992,303.68,3,145.61,8,5000,348.37,3,129.32,9,5003,289.42,3,262.23,9,5018,496.76,3,146.67,9,5027,574.64,3,275.06,9,
2736,4632,296.22,3,22.63,8,4968,197.01,3,229.4,9,4972,352.36,3,61.56,8,4980,360.05,3,126.67,9,4992,301.78,3,119.89,8,5000,339.19,3,132.23,9,5003,290.74,3,283.68,9,5018,470.95,3,119.57,9,5027,563.62,3,261.85,9,
2737,4968,198.51,3,227.3,9,4972,365.22,3,84.75,8,4980,350.12,3,128.85,9,4992,302.08,3,94.18,8,5000,334.56,3,134.71,9,5018,445.58,3,92.78,9,5027,551.55,3,247.25,9,
2738,4968,200.27,3,224.88,9,4972,378.59,3,107.22,8,4980,343.96,3,130.64,9,4992,304.45,3,69.21,8,5000,329.25,3,139.79,9,5018,422.19,3,67.92,9,5027,538.37,3,231.14,9,
2739,4968,201.95,3,222.59,9,4972,393.88,3,130.21,8,4980,336.52,3,133.28,9,4992,310.71,3,43.93,8,5000,323.16,3,147.8,9,5018,403.1,3,47.49,9,5027,523.81,3,213.3,9,
2740,4968,203.56,3,220.42,9,4972,410.62,3,153.49,8,4980,329.22,3,139.82,9,4992,318.45,3,19.57,8,5000,318.02,3,158.29,9,5018,388.3,3,31.56,9,5027,506.77,3,193.62,9,
2741,4713,480.44,3,247.0,8,4968,205.06,3,218.41,9,4972,428.68,3,175.99,8,4980,322.35,3,149.09,9,4992,328.01,3,13.13,8,5000,313.01,3,170.95,9,5018,377.27,3,19.63,9,5027,486.37,3,172.8,9,
2742,4713,459.64,3,221.87,8,4968,206.36,3,216.69,9,4972,447.2,3,198.59,8,4980,316.83,3,161.35,9,4992,339.08,3,35.46,8,5000,306.29,3,185.54,9,5018,370.43,3,12.22,9,5027,466.05,3,154.86,9,
2743,4585,470.23,3,234.72,8,4713,438.73,3,197.3,8,4968,207.61,3,215.05,9,4972,466.53,3,222.25,8,4980,310.91,3,175.51,9,4992,351.56,3,60.05,8,5000,299.68,3,201.53,9,5018,363.67,3,5.05,9,5027,444.42,3,139.25,9,
2744,4585,449.34,3,209.37,8,4655,480.7,3,247.32,8,4713,419.63,3,175.39,8,4894,294.19,3,286.52,9,4968,208.72,3,213.59,9,4972,485.9,3,245.52,8,4980,303.73,3,191.46,9,4992,365.66,3,85.53,8,5000,293.98,3,220.28,9,5018,356.9,3,3.34,9,5027,423.8,3,129.06,9,
2745,4585,429.8,3,187.09,8,4655,459.77,3,222.02,8,4713,404.2,3,157.46,8,4894,292.64,3,259.65,9,4968,209.65,3,212.38,9,4980,296.73,3,210.0,9,4992,381.16,3,111.29,8,5000,290.18,3,241.67,9,5018,353.66,3,10.53,9,5027,403.7,3,123.28,9,
2746,4585,413.62,3,168.43,8,4655,440.03,3,198.78,8,4700,470.19,3,234.67,8,4713,393.22,3,143.83,8,4876,293.7,3,282.02,9,4894,294.39,3,233.49,9,4968,210.95,3,210.7,9,4980,291.67,3,230.43,9,4992,398.71,3,137.03,8,5000,289.45,3,265.53,9,5018,350.42,3,19.74,9,5027,384.46,3,122.16,9,
2747,4585,401.29,3,154.08,8,4655,423.66,3,180.03,8,4700,450.78,3,211.0,8,4713,385.37,3,133.62,8,4876,292.77,3,253.62,9,4894,299.62,3,211.62,9,4968,212.75,3,208.38,9,4980,289.56,3,253.53,9,4992,417.82,3,162.53,8,5000,291.6,3,290.82,9,5018,346.68,3,31.26,9,5027,366.72,3,125.14,9,5065,393.9,3,130.25,8,
2748,4585,392.91,3,143.44,8,4655,411.01,3,165.4,8,4700,434.15,3,192.07,8,4713,379.9,3,126.38,8,4876,295.08,3,229.9,9,4894,305.91,3,194.57,9,4968,213.9,3,206.91,9,4980,290.23,3,278.54,9,4992,438.73,3,188.28,8,4995,322.96,3,225.78,8,5018,342.58,3,45.37,9,5027,352.63,3,128.23,9,5065,395.33,3,132.27,8,
2749,4585,387.4,3,136.27,8,4655,400.96,3,153.68,8,4700,420.94,3,176.89,8,4713,378.91,3,122.34,8,4876,299.78,3,211.07,9,4894,311.45,3,181.88,9,4968,215.8,3,204.51,9,4992,459.21,3,213.36,8,4995,314.45,3,199.24,8,5018,338.79,3,60.83,9,5027,342.28,3,131.18,9,5065,398.54,3,136.78,8,
2750,4585,382.97,3,130.45,8,4655,395.09,3,146.27,8,4700,409.76,3,163.94,8,4713,381.96,3,122.2,8,4876,305.31,3,196.06,9,4894,316.14,3,173.84,9,4968,217.64,3,202.19,9,4992,480.96,3,239.62,8,4995,308.0,3,172.7,8,5018,335.54,3,77.7,9,5027,336.22,3,133.5,9,5065,402.96,3,142.96,8,
2751,4585,379.13,3,125.38,8,4655,390.18,3,139.89,8,4700,402.44,3,155.42,8,4713,385.98,3,125.6,8,4876,310.02,3,185.02,9,4894,324.25,3,171.26,9,4968,218.99,3,200.51,9,4995,303.7,3,145.84,8,5018,332.97,3,95.82,9,5027,329.67,3,139.32,9,5065,408.46,3,150.53,8,
2752,4585,373.58,3,117.95,8,4655,385.84,3,134.23,8,4700,397.33,3,149.15,8,4713,390.24,3,131.58,8,4876,315.72,3,172.73,9,4894,332.66,3,171.04,9,4968,220.26,3,198.95,9,4995,301.77,3,119.54,8,5018,331.69,3,109.47,9,5027,322.94,3,148.1,9,5065,415.92,3,160.16,8,
2753,4585,367.04,3,107.94,8,4655,379.72,3,126.16,8,4700,392.9,3,143.43,8,4713,396.09,3,139.69,8,4876,319.53,3,163.2,9,4894,343.37,3,171.38,9,4968,221.34,3,197.61,9,4995,302.15,3,92.86,8,5018,330.44,3,119.18,9,5027,317.26,3,160.22,9,5065,424.93,3,171.36,8,
2754,4585,359.75,3,95.97,8,4655,376.61,3,119.07,8,4700,386.88,3,135.59,8,4713,403.33,3,149.59,8,4876,321.63,3,157.78,9,4894,356.37,3,172.69,9,4968,222.53,3,196.15,9,4995,304.84,3,66.48,8,5018,328.98,3,125.91,9,5027,311.56,3,174.13,9,5065,435.14,3,183.9,8,
2755,4585,351.87,3,82.56,8,4655,381.04,3,116.07,8,4700,381.13,3,128.03,8,4713,412.96,3,161.9,8,4876,324.54,3,150.19,9,4894,369.72,3,175.05,9,4968,224.06,3,194.29,9,4995,311.57,3,40.87,8,5018,326.75,3,134.23,9,5027,304.41,3,189.87,9,5065,447.33,3,198.74,8,
2756,4585,343.52,3,67.63,8,4655,388.89,3,117.31,8,4700,374.42,3,119.1,8,4713,424.42,3,175.93,8,4876,328.01,3,140.27,9,4894,383.51,3,178.51,9,4968,225.28,3,192.81,9,4995,319.92,3,16.02,8,5018,323.41,3,143.92,9,5027,297.6,3,207.1,9,5065,461.2,3,215.77,8,
2757,4585,334.55,3,50.63,8,4655,396.52,3,119.88,8,4700,366.99,3,107.86,8,4713,437.23,3,191.41,8,4876,331.6,3,128.94,9,4894,396.38,3,182.62,9,4968,226.63,3,191.17,9,4995,329.81,3,16.41,8,5018,318.98,3,155.85,9,5027,292.37,3,227.09,9,5065,476.42,3,234.19,8,
2758,4585,326.27,3,33.77,8,4655,405.68,3,123.74,8,4700,358.64,3,94.12,8,4713,451.68,3,208.93,8,4876,334.51,3,115.06,9,4894,410.23,3,187.94,9,4968,228.59,3,188.83,9,4995,341.43,3,40.24,8,5018,313.58,3,169.57,9,5027,289.81,3,247.42,9,5064,365.81,3,296.85,9,
2759,4585,320.19,3,20.46,8,4655,416.91,3,129.44,8,4700,349.49,3,78.38,8,4713,468.36,3,229.03,8,4876,335.74,3,99.61,9,4894,422.88,3,193.55,9,4968,230.16,3,186.96,9,4995,355.15,3,66.74,8,5018,306.6,3,184.84,9,5027,289.49,3,268.15,9,5064,350.44,3,295.94,9,
2760,4585,317.24,3,11.66,8,4655,428.42,3,135.87,8,4700,339.89,3,60.89,8,4876,337.89,3,82.76,9,4894,436.77,3,200.44,9,4968,231.9,3,184.9,9,4995,370.25,3,93.38,8,5018,299.54,3,201.89,9,5027,291.44,3,289.64,9,5064,335.27,3,295.93,9,
2761,4585,318.63,3,8.13,8,4655,439.78,3,143.1,8,4700,331.1,3,43.76,8,4876,341.16,3,64.42,9,4968,233.74,3,182.75,9,4995,386.85,3,119.95,8,5018,293.84,3,220.89,9,5064,321.41,3,296.72,9,
2762,4585,323.73,3,8.69,8,4655,451.02,3,150.97,8,4700,324.39,3,29.74,8,4876,346.11,3,43.74,9,4968,235.3,3,180.92,9,4995,405.28,3,146.16,8,5018,290.15,3,241.97,9,5064,311.29,3,297.8,9,
2763,4585,332.08,3,16.57,8,4655,463.07,3,160.06,8,4700,319.22,3,18.28,8,4876,350.89,3,27.55,9,4968,236.63,3,179.38,9,4995,426.31,3,173.07,8,5018,289.45,3,265.8,9,5064,304.78,3,298.71,9,
2764,4585,342.51,3,27.4,8,4655,474.91,3,169.52,8,4700,317.18,3,11.16,8,4876,354.86,3,15.65,9,4968,237.7,3,178.14,9,4995,446.03,3,199.58,8,5018,291.64,3,291.2,9,5064,298.2,3,298.84,9,
2765,4585,354.85,3,40.37,8,4655,486.68,3,179.34,8,4700,318.49,3,8.31,8,4876,357.5,3,8.3,9,4968,239.49,3,176.09,9,4995,467.26,3,225.43,8,5057,326.85,3,236.25,8,5064,295.11,3,293.72,9,
2766,4585,368.66,3,54.9,8,4655,498.21,3,189.31,8,4700,322.17,3,7.79,8,4876,358.36,3,5.1,9,4968,240.77,3,174.63,9,5057,317.48,3,209.45,8,5064,294.2,3,286.55,9,
2767,4585,383.83,3,70.82,8,4655,509.66,3,199.47,8,4700,328.95,3,13.41,8,4876,358.22,3,0.7,9,4968,242.27,3,172.93,9,5057,309.65,3,180.4,8,5064,293.27,3,277.28,9,
2768,4585,400.75,3,88.53,8,4655,522.22,3,210.89,8,4700,336.75,3,21.39,8,4876,353.5,3,6.43,9,4968,243.4,3,171.64,9,5057,304.11,3,149.13,8,5064,292.66,3,266.58,9,
2769,4585,419.98,3,108.01,8,4655,534.8,3,222.52,8,4700,345.89,3,30.94,8,4876,345.34,3,15.27,9,4968,245.03,3,169.81,9,5057,301.72,3,117.74,8,5064,292.75,3,254.35,9,
2770,4585,441.15,3,129.32,8,4655,546.48,3,233.5,8,4700,357.1,3,42.74,8,4876,335.86,3,25.64,9,4968,246.83,3,167.81,9,5057,302.57,3,86.75,8,5064,293.55,3,240.19,9,5097,289.73,3,249.01,9,
2771,4585,464.48,3,152.82,8,4655,556.5,3,243.01,8,4700,370.57,3,56.9,8,4876,324.5,3,38.16,9,4886,295.93,3,299.86,9,4968,248.53,3,165.92,9,5057,306.63,3,55.52,8,5064,296.32,3,224.42,9,5097,289.63,3,251.47,9,
2772,4585,487.23,3,175.73,8,4655,562.38,3,248.64,8,4700,385.82,3,72.91,8,4876,311.21,3,52.94,9,4886,293.15,3,275.74,9,4968,249.59,3,164.74,9,5057,316.55,3,24.81,8,5064,300.92,3,207.41,9,5097,289.5,3,255.67,9,
2773,4585,505.54,3,194.16,8,4700,402.89,3,90.76,8,4876,296.14,3,69.9,9,4886,292.82,3,252.18,9,4968,250.98,3,163.22,9,4974,473.93,3,239.19,8,5057,328.03,3,13.17,8,5064,308.29,3,188.96,9,5097,289.43,3,261.48,9,
2774,4585,519.42,3,208.12,8,4700,422.89,3,110.94,8,4876,279.45,3,88.97,9,4886,295.5,3,227.97,9,4968,252.18,3,161.9,9,4974,450.93,3,211.18,8,5057,342.18,3,41.78,8,5064,314.74,3,174.88,9,5097,289.53,3,269.22,9,
2775,4585,528.96,3,217.72,8,4700,443.59,3,131.79,8,4810,294.96,3,292.62,9,4876,261.84,3,109.52,9,4886,301.26,3,206.49,9,4968,254.14,3,159.77,9,4974,427.4,3,184.33,8,5057,358.67,3,73.15,8,5064,318.97,3,164.67,9,5097,290.3,3,279.35,9,
2776,4585,534.79,3,223.59,8,4700,463.53,3,151.87,8,4810,292.63,3,261.54,9,4876,243.16,3,131.94,9,4886,307.9,3,189.86,9,4968,255.23,3,158.59,9,4974,404.57,3,157.9,8,5057,376.87,3,104.4,8,5064,321.44,3,158.27,9,5097,291.61,3,290.95,9,
2777,4585,538.02,3,226.65,8,4700,484.2,3,172.68,8,4810,294.15,3,235.12,9,4876,223.84,3,156.03,9,4886,313.62,3,177.26,9,4968,256.65,3,157.06,9,4974,383.63,3,131.32,8,5057,397.54,3,135.39,8,5064,324.37,3,150.63,9,
2778,4585,536.0,3,224.33,8,4700,501.19,3,189.78,8,4810,299.05,3,213.68,9,4876,204.41,3,181.85,9,4886,318.47,3,165.98,9,4968,258.49,3,155.09,9,4974,364.81,3,104.33,8,5057,421.66,3,167.31,8,5064,327.75,3,141.05,9,
2779,4585,531.17,3,219.47,8,4700,515.95,3,204.63,8,4810,305.38,3,195.87,9,4876,187.04,3,207.03,9,4886,321.39,3,158.39,9,4968,260.17,3,153.3,9,4974,348.6,3,76.79,8,5057,447.64,3,199.13,8,5064,331.57,3,129.06,9,5105,429.48,3,243.68,8,
2780,4585,524.94,3,213.19,8,4700,527.46,3,216.21,8,4810,311.69,3,181.36,9,4876,171.44,3,232.51,9,4886,325.75,3,149.4,9,4968,262.02,3,151.35,9,4974,333.84,3,49.24,8,5057,473.39,3,230.55,8,5064,334.51,3,115.03,9,5105,424.46,3,234.45,8,
2781,4585,517.12,3,205.32,8,4700,535.63,3,224.43,8,4810,317.0,3,169.68,9,4876,158.71,3,257.37,9,4886,332.91,3,140.12,9,4968,263.52,3,149.77,9,4974,320.66,3,21.51,8,5064,335.77,3,99.4,9,5105,418.75,3,223.59,8,
2782,4585,506.74,3,194.86,8,4700,539.92,3,228.91,8,4810,320.18,3,161.49,9,4876,149.17,3,281.92,9,4886,344.44,3,133.92,9,4968,265.29,3,147.92,9,4974,310.21,3,7.08,8,5064,338.06,3,81.61,9,5105,408.95,3,216.17,8,
2783,4585,493.84,3,181.86,8,4700,540.9,3,230.69,8,4810,321.88,3,157.14,9,4886,358.42,3,130.34,9,4968,267.19,3,145.94,9,4974,302.43,3,33.31,8,5064,341.75,3,61.59,9,5105,396.17,3,211.67,8,
2784,4585,478.96,3,166.86,8,4700,539.32,3,230.49,8,4810,322.7,3,153.46,9,4886,373.5,3,127.07,9,4968,268.58,3,144.52,9,4974,295.27,3,60.89,8,5064,347.35,3,39.29,9,5105,383.04,3,207.87,8,
2785,4585,462.76,3,150.52,8,4700,537.55,3,230.63,8,4810,319.78,3,153.86,9,4886,389.61,3,125.13,9,4968,270.53,3,142.53,9,4974,292.05,3,88.06,8,5064,355.18,3,14.71,9,5105,370.57,3,205.06,8,
2786,4585,444.49,3,132.08,8,4700,535.66,3,231.32,8,4810,317.55,3,159.49,9,4886,408.1,3,127.03,9,4968,272.04,3,140.98,9,4974,291.36,3,115.79,8,5064,365.7,3,12.35,9,5105,357.04,3,202.96,8,
2787,4585,424.84,3,112.23,8,4700,533.94,3,232.71,8,4886,429.4,3,133.82,9,4968,273.14,3,139.87,9,4974,293.34,3,143.81,8,5064,379.33,3,41.2,9,5105,344.1,3,201.92,8,
2788,4585,402.74,3,89.84,8,4700,532.7,3,234.38,8,4886,453.88,3,148.03,9,4968,274.6,3,138.41,9,4974,298.0,3,171.95,8,5064,395.69,3,72.16,9,5105,330.99,3,201.84,8,
2789,4585,379.59,3,65.63,8,4700,531.99,3,235.74,8,4886,475.78,3,164.62,9,4968,276.2,3,136.81,9,4974,305.12,3,199.93,8,5064,414.47,3,105.21,9,5105,333.24,3,214.49,8,
2790,4585,357.18,3,42.19,8,4700,531.15,3,237.66,8,4886,492.75,3,180.82,9,4968,277.39,3,135.63,9,4974,314.34,3,227.23,8,5064,434.51,3,137.74,9,5105,337.36,3,227.43,8,
2791,4585,334.51,3,19.02,8,4700,530.28,3,240.37,8,4886,504.97,3,193.54,9,4968,279.09,3,133.94,9,5064,455.66,3,169.8,9,5105,340.43,3,236.24,8,
2792,4700,529.41,3,244.05,8,4886,512.55,3,202.24,9,4968,280.91,3,132.17,9,4979,465.34,3,231.16,8,5064,478.43,3,202.4,9,5105,342.08,3,240.59,8,
2793,4700,528.97,3,246.82,8,4876,142.39,3,295.14,9,4886,516.44,3,206.69,9,4968,282.84,3,130.28,9,4979,443.7,3,205.33,8,5064,498.92,3,230.5,9,5105,345.67,3,246.92,8,
2794,4700,529.15,3,248.66,8,4876,146.63,3,280.44,9,4886,518.47,3,208.15,9,4968,284.77,3,128.42,9,4979,421.23,3,179.79,8,5064,516.68,3,254.1,9,
2795,4876,153.27,3,263.2,9,4886,517.48,3,205.94,9,4968,286.09,3,127.16,9,4979,399.01,3,154.21,8,5064,531.39,3,273.21,9,
2796,4876,162.75,3,243.53,9,4886,512.53,3,200.25,9,4968,287.37,3,125.95,9,4979,378.35,3,127.69,8,5064,542.82,3,287.81,9,5104,593.6,3,297.4,9,5117,562.11,3,248.7,8,
2797,4876,174.9,3,222.3,9,4886,505.78,3,192.46,9,4968,288.86,3,124.54,9,4979,360.67,3,101.85,8,5064,551.32,3,298.54,9,5104,583.35,3,285.41,9,5117,550.09,3,237.3,8,
2798,4876,189.85,3,199.33,9,4886,496.71,3,182.79,9,4968,290.27,3,123.22,9,4979,344.74,3,74.86,8,5104,571.59,3,271.41,9,5117,537.68,3,225.67,8,
2799,4876,207.54,3,174.67,9,4886,485.57,3,172.03,9,4968,291.85,3,121.75,9,4979,330.5,3,48.45,8,5104,557.98,3,255.05,9,5117,525.28,3,214.24,8,
2800,4876,226.66,3,149.99,9,4886,472.19,3,159.56,9,4968,293.94,3,119.82,9,4979,318.03,3,22.83,8,5104,544.4,3,238.54,9,5117,513.46,3,203.52,8,
2801,4876,247.75,3,124.22,9,4968,295.53,3,118.38,9,4979,307.54,3,8.41,8,5104,533.76,3,225.46,9,5117,501.13,3,192.62,8,
2802,4876,269.48,3,98.65,9,4968,297.61,3,116.49,9,4979,299.76,3,32.1,8,5104,527.67,3,217.19,9,5117,489.33,3,182.46,8,
2803,4876,291.53,3,73.42,9,4968,299.57,3,114.75,9,4979,292.53,3,58.73,8,5104,529.35,3,214.87,9,5117,477.58,3,172.7,8,
2804,4876,314.51,3,47.7,9,4968,300.76,3,113.7,9,4979,289.09,3,85.3,8,5104,534.0,3,214.57,9,5117,465.29,3,162.94,8,
2805,4876,337.39,3,22.55,9,4968,302.49,3,112.18,9,4979,288.09,3,111.75,8,4988,292.92,3,272.69,9,5104,540.0,3,214.89,9,5117,453.59,3,154.18,8,
2806,4968,304.1,3,110.79,9,4979,289.47,3,137.59,8,4988,293.29,3,243.36,9,5104,547.46,3,216.24,9,5117,441.78,3,145.98,8,
2807,4968,306.03,3,109.14,9,4979,293.25,3,164.01,8,4988,297.92,3,217.94,9,5104,556.24,3,219.01,9,5117,430.41,3,138.83,8,
2808,4968,307.42,3,107.97,9,4979,299.31,3,190.41,8,4988,304.72,3,197.49,9,5104,562.95,3,221.86,9,5117,418.24,3,132.14,8,
2809,4968,309.27,3,106.42,9,4979,307.78,3,217.5,8,4988,311.55,3,181.68,9,5104,567.41,3,224.08,9,5117,406.63,3,126.4,8,
2810,4968,311.09,3,104.92,9,4979,318.2,3,244.28,8,4988,317.22,3,169.17,9,5104,573.93,3,228.27,9,5117,398.07,3,122.89,8,
2811,4968,312.62,3,103.68,9,4988,320.56,3,160.51,9,5104,583.04,3,237.12,9,5117,393.43,3,121.28,8,5156,519.07,3,226.58,8,
2812,4968,314.63,3,102.07,9,4988,322.33,3,156.06,9,5104,594.56,3,248.94,9,5117,389.03,3,120.53,8,5146,362.39,3,248.87,8,5156,516.89,3,224.58,8,
2813,4968,316.21,3,100.82,9,4988,322.09,3,152.52,9,5104,608.13,3,262.82,9,5117,389.94,3,124.5,8,5123,595.34,3,299.42,9,5146,355.69,3,248.26,8,5156,512.99,3,221.0,8,
2814,4968,317.73,3,99.64,9,4988,319.52,3,154.48,9,5104,623.22,3,278.25,9,5117,393.91,3,130.27,8,5123,586.33,3,288.95,9,5146,352.79,3,248.17,8,5156,507.46,3,215.95,8,
2815,4968,319.2,3,98.52,9,4988,317.4,3,159.87,9,5104,640.6,3,296.01,9,5117,399.02,3,137.46,8,5123,576.04,3,276.73,9,5156,499.88,3,209.04,8,
2816,4968,320.43,3,97.58,9,5117,406.08,3,147.25,8,5123,564.16,3,262.5,9,5156,490.39,3,200.44,8,
2817,4968,321.91,3,96.48,9,5117,414.72,3,158.66,8,5123,551.1,3,246.7,9,5156,478.54,3,189.83,8,
2818,4968,323.82,3,95.09,9,5117,425.11,3,171.59,8,5123,536.33,3,228.64,9,5156,464.5,3,177.46,8,
2819,4968,325.65,3,93.77,9,5117,436.77,3,185.9,8,5123,519.27,3,208.0,9,5156,447.91,3,163.19,8,
2820,4892,538.9,3,245.0,8,4968,327.8,3,92.26,9,5117,449.84,3,201.85,8,5119,331.83,3,248.67,8,5123,499.83,3,185.81,9,5156,429.0,3,147.58,8,
2821,4892,516.26,3,224.0,8,4968,329.1,3,91.36,9,5117,464.41,3,219.68,8,5119,322.17,3,223.57,8,5123,476.55,3,163.39,9,5156,407.78,3,131.22,8,
2822,4892,494.08,3,203.78,8,4968,330.71,3,90.28,9,5117,480.8,3,239.43,8,5119,313.7,3,196.59,8,5123,452.13,3,144.64,9,5156,385.0,3,115.44,8,
2823,4892,471.7,3,183.77,8,4968,332.14,3,89.35,9,5119,307.48,3,170.1,8,5123,428.03,3,130.71,9,5156,360.08,3,100.94,8,
2824,4892,449.13,3,164.22,8,4968,333.75,3,88.31,9,5119,303.37,3,142.85,8,5123,404.22,3,123.37,9,5156,334.24,3,90.6,8,
2825,4892,426.77,3,145.81,8,4968,335.58,3,87.16,9,5119,301.68,3,115.54,8,5123,382.27,3,122.36,9,5156,307.87,3,85.75,8,
2826,4892,404.5,3,128.81,8,4968,337.17,3,86.19,9,5119,302.46,3,88.27,8,5123,364.79,3,125.65,9,5156,282.06,3,88.41,8,
2827,4892,382.66,3,113.95,8,4968,338.64,3,85.32,9,5119,305.68,3,61.04,8,5123,350.6,3,128.73,9,5156,255.69,3,97.52,8,
2828,4892,360.23,3,101.01,8,4968,340.61,3,84.19,9,5119,310.17,3,34.37,8,5123,340.55,3,131.75,9,5156,229.53,3,111.49,8,
2829,4892,337.74,3,91.64,8,4968,342.07,3,83.38,9,5119,316.29,3,7.02,8,5123,335.0,3,134.37,9,5156,203.26,3,129.07,8,
2830,4892,315.94,3,86.5,8,4968,344.31,3,82.17,9,5119,327.69,3,21.9,8,5123,329.28,3,139.76,9,5156,177.51,3,148.97,8,5184,535.39,3,238.39,8,
2831,4892,293.74,3,86.27,8,4968,346.16,3,81.23,9,5119,340.78,3,49.1,8,5123,323.48,3,147.35,9,5156,151.53,3,170.66,8,5184,535.58,3,238.02,8,
2832,4892,271.94,3,91.32,8,4968,347.75,3,80.45,9,5119,355.55,3,76.5,8,5123,318.44,3,157.21,9,5156,125.77,3,193.34,8,5184,535.99,3,237.34,8,
2833,4892,250.08,3,100.18,8,4968,350.03,3,79.39,9,5119,371.88,3,104.12,8,5123,313.65,3,169.41,9,5156,100.81,3,216.2,8,5184,536.63,3,236.43,8,
2834,4892,227.48,3,112.73,8,4968,352.21,3,78.44,9,5119,390.47,3,131.89,8,5123,307.52,3,182.78,9,5156,75.28,3,240.46,8,5184,537.66,3,235.35,8,
2835,4892,205.31,3,127.58,8,4968,354.51,3,77.51,9,5119,410.17,3,158.45,8,5123,300.88,3,198.44,9,5184,539.01,3,234.41,8,5191,292.66,3,57.97,8,
2836,4892,183.02,3,144.55,8,4968,355.98,3,76.94,9,5119,432.64,3,185.88,8,5123,295.04,3,216.15,9,5184,540.97,3,233.77,8,5191,292.4,3,59.48,8,
2837,4892,160.72,3,162.85,8,4968,357.94,3,76.24,9,5119,454.57,3,212.44,8,5123,290.75,3,236.15,9,5184,542.7,3,233.7,8,5191,291.78,3,63.19,8,
2838,4892,138.34,3,182.15,8,4968,360.26,3,75.48,9,5119,477.14,3,239.48,8,5123,289.45,3,258.73,9,5184,543.7,3,233.82,8,5191,290.88,3,69.21,8,
2839,4892,116.78,3,201.48,8,4968,362.11,3,74.93,9,5105,329.24,3,242.36,8,5123,290.67,3,283.07,9,5184,543.95,3,232.93,8,5191,289.92,3,76.77,8,
2840,4892,95.71,3,220.97,8,4968,364.31,3,74.35,9,5105,319.93,3,217.02,8,5156,87.45,3,296.5,9,5184,538.49,3,226.87,8,5191,289.03,3,86.08,8,
2841,4892,74.41,3,241.3,8,4968,366.46,3,73.85,9,5105,311.81,3,189.44,8,5156,112.85,3,277.15,9,5184,531.44,3,219.74,8,5191,288.34,3,97.1,8,
2842,4968,367.8,3,73.57,9,5105,305.9,3,161.35,8,5156,138.84,3,259.62,9,5184,522.59,3,210.83,8,5191,291.28,3,110.25,8,
2843,4968,369.58,3,73.24,9,5105,302.43,3,132.42,8,5156,165.04,3,244.97,9,5184,512.2,3,200.36,8,5191,291.71,3,125.0,8,
2844,4879,474.07,3,239.35,8,4968,370.98,3,73.03,9,5105,301.71,3,103.57,8,5156,191.23,3,232.17,9,5184,499.94,3,188.0,8,5191,293.17,3,142.33,8,
2845,4879,453.11,3,213.87,8,4968,372.54,3,72.83,9,5105,303.73,3,74.9,8,5156,217.36,3,219.18,9,5184,485.25,3,173.2,8,5191,296.03,3,161.88,8,
2846,4879,431.41,3,188.94,8,4968,374.03,3,72.66,9,5105,309.3,3,46.96,8,5156,242.64,3,203.98,9,5184,469.03,3,156.84,8,5191,300.66,3,183.56,8,5207,539.96,3,230.54,8,
2847,4879,409.73,3,163.91,8,4968,375.32,3,72.56,9,5105,318.08,3,20.55,8,5156,266.26,3,188.75,9,5184,451.23,3,138.88,8,5191,307.37,3,207.21,8,5207,539.52,3,230.5,8,
2848,4879,390.01,3,139.68,8,4892,86.9,3,296.94,9,4968,376.5,3,72.47,9,5105,328.44,3,13.86,8,5156,285.14,3,175.57,9,5184,431.19,3,118.65,8,5191,316.58,3,233.08,8,5207,538.65,3,230.49,8,
2849,4879,371.32,3,114.65,8,4892,108.27,3,280.53,9,4968,377.93,3,72.41,9,5105,341.37,3,40.13,8,5156,299.31,3,164.29,9,5184,408.78,3,96.0,8,5207,537.46,3,230.65,8,5211,332.4,3,21.6,8,
2850,4879,356.42,3,90.38,8,4892,129.73,3,265.48,9,4968,379.17,3,72.38,9,5105,356.18,3,68.62,8,5156,309.64,3,156.34,9,5184,387.2,3,73.6,8,5207,535.98,3,231.17,8,5211,330.33,3,22.12,8,
2851,4879,342.06,3,64.96,8,4892,152.35,3,251.5,9,4968,380.81,3,72.38,9,4987,294.33,3,287.71,9,5105,372.19,3,96.64,8,5156,315.85,3,150.69,9,5175,532.38,3,248.47,8,5184,369.01,3,54.56,8,5207,534.38,3,232.27,8,5211,332.3,3,26.36,8,
2852,4879,329.13,3,39.73,8,4892,173.87,3,241.0,9,4968,382.46,3,72.43,9,4987,292.63,3,262.43,9,5105,390.49,3,125.38,8,5156,319.51,3,148.01,9,5175,532.84,3,245.98,8,5184,354.39,3,39.28,8,5207,532.95,3,233.98,8,5211,335.34,3,32.82,8,
2853,4879,317.87,3,15.2,8,4892,195.46,3,230.13,9,4968,384.37,3,72.53,9,4987,293.8,3,237.83,9,5105,410.81,3,153.74,8,5156,320.65,3,151.32,9,5175,533.12,3,244.81,8,5184,344.04,3,28.58,8,5207,532.09,3,235.49,8,5211,339.7,3,41.78,8,
2854,4879,309.01,3,10.42,8,4892,217.82,3,218.94,9,4907,466.69,3,232.79,8,4968,386.76,3,72.74,9,4987,299.2,3,213.16,9,5105,431.25,3,181.66,8,5156,319.07,3,155.61,9,5175,535.14,3,244.6,8,5184,337.46,3,21.92,8,5207,530.77,3,236.39,8,5211,342.76,3,52.95,8,
2855,4879,301.92,3,35.46,8,4892,239.35,3,206.07,9,4907,444.15,3,205.83,8,4968,388.62,3,72.96,9,4987,306.38,3,193.46,9,5105,454.2,3,209.6,8,5156,316.83,3,161.37,9,5184,334.39,3,18.9,8,5207,524.35,3,231.44,8,5211,349.86,3,66.28,8,
2856,4879,295.33,3,60.48,8,4892,260.2,3,192.84,9,4907,420.52,3,178.98,8,4968,391.85,3,72.17,9,4987,313.14,3,178.28,9,5105,477.4,3,237.56,8,5156,314.1,3,168.36,9,5184,329.99,3,15.09,8,5207,516.89,3,224.58,8,5211,358.28,3,81.3,8,
2857,4879,292.27,3,85.13,8,4892,279.98,3,179.21,9,4907,397.37,3,152.25,8,4968,390.48,3,67.46,9,4987,318.11,3,166.88,9,5156,309.96,3,177.54,9,5184,330.83,3,18.41,8,5207,507.52,3,216.01,8,5211,366.37,3,95.06,8,5222,549.13,3,298.2,9,
2858,4879,291.29,3,109.85,8,4892,298.49,3,164.92,9,4907,376.12,3,124.77,8,4968,386.54,3,60.26,9,4987,320.99,3,159.42,9,5156,304.8,3,188.95,9,5184,334.32,3,25.6,8,5207,496.71,3,206.16,8,5211,372.02,3,104.35,8,5222,547.32,3,295.92,9,
2859,4879,292.45,3,135.31,8,4892,315.91,3,150.64,9,4907,358.22,3,97.85,8,4968,381.55,3,50.88,9,4987,322.53,3,155.56,9,5156,299.57,3,201.84,9,5184,338.88,3,35.06,8,5207,484.18,3,194.87,8,5211,374.87,3,109.1,8,5222,544.12,3,291.9,9,
2860,4879,295.77,3,160.42,8,4892,334.74,3,137.68,9,4907,342.43,3,70.75,8,4968,376.07,3,40.21,9,4987,322.86,3,154.72,9,5146,322.93,3,225.72,8,5156,294.72,3,217.36,9,5184,344.61,3,46.62,8,5207,469.26,3,181.62,8,5211,375.12,3,112.29,8,5222,539.35,3,285.87,9,
2861,4879,301.13,3,185.45,8,4892,354.58,3,131.16,9,4907,327.91,3,43.34,8,4968,370.09,3,28.01,9,4987,323.86,3,152.01,9,5146,314.06,3,197.84,8,5156,290.85,3,235.43,9,5184,351.83,3,60.57,8,5207,452.8,3,167.34,8,5211,372.19,3,112.53,8,5222,533.15,3,277.99,9,
2862,4879,308.29,3,210.05,8,4892,375.15,3,126.74,9,4907,314.97,3,16.27,8,4968,363.34,3,13.39,9,4987,325.31,3,148.02,9,5146,306.98,3,167.49,8,5156,289.51,3,255.28,9,5184,360.8,3,76.98,8,5207,433.89,3,151.54,8,5211,368.0,3,109.19,8,5222,525.0,3,267.54,9,
2863,4879,317.16,3,234.53,8,4892,394.68,3,125.26,9,4907,305.01,3,14.45,8,4968,356.42,3,3.37,9,4987,327.4,3,142.09,9,5146,302.8,3,137.02,8,5156,290.05,3,276.52,9,5184,371.65,3,95.73,8,5207,413.43,3,135.44,8,5211,365.36,3,105.21,8,5222,515.25,3,254.9,9,
2864,4892,415.26,3,128.92,9,4907,297.55,3,41.33,8,4948,294.54,3,289.43,9,4968,349.93,3,21.18,9,4987,330.18,3,133.88,9,5146,301.66,3,106.54,8,5156,292.79,3,299.77,9,5184,384.32,3,116.12,8,5207,391.43,3,119.66,8,5211,361.69,3,99.2,8,5222,503.82,3,239.86,9,
2865,4892,432.24,3,134.99,9,4907,290.94,3,68.81,8,4948,292.63,3,261.94,9,4968,343.64,3,41.53,9,4987,332.75,3,123.39,9,5146,303.5,3,76.89,8,5184,399.95,3,138.76,8,5207,367.37,3,104.83,8,5211,357.15,3,91.62,8,5222,490.69,3,222.25,9,
2866,4892,445.24,3,142.05,9,4907,288.38,3,96.3,8,4948,294.09,3,235.5,9,4968,338.13,3,63.89,9,4987,334.77,3,111.0,9,5146,309.48,3,46.69,8,5184,418.8,3,163.76,8,5207,340.77,3,92.64,8,5211,351.25,3,81.47,8,5222,476.09,3,202.21,9,
2867,4892,454.57,3,148.52,9,4907,288.45,3,123.87,8,4948,299.81,3,210.96,9,4968,334.34,3,85.32,9,4987,336.13,3,96.0,9,5146,318.9,3,18.45,8,5184,440.73,3,190.7,8,5207,311.61,3,86.0,8,5211,344.62,3,69.64,8,5222,460.32,3,179.9,9,
2868,4892,459.2,3,152.58,9,4907,291.12,3,151.18,8,4948,307.23,3,191.41,9,4968,332.27,3,102.48,9,4987,338.56,3,78.56,9,5146,330.61,3,17.97,8,5184,463.53,3,218.62,8,5207,282.63,3,88.27,8,5211,337.18,3,55.75,8,5222,443.66,3,155.43,9,
2869,4892,460.54,3,155.79,9,4907,296.27,3,178.39,8,4948,314.06,3,176.34,9,4968,331.3,3,115.27,9,4987,342.3,3,59.02,9,5146,344.48,3,46.36,8,5184,486.83,3,246.63,8,5191,321.81,3,230.72,8,5207,253.71,3,98.43,8,5211,328.95,3,39.36,8,5222,428.36,3,131.9,9,
2870,4892,460.15,3,158.08,9,4907,303.7,3,205.3,8,4948,318.77,3,165.18,9,4968,329.49,3,123.47,9,4987,347.15,3,40.0,9,5146,360.17,3,75.86,8,5191,313.07,3,204.91,8,5207,224.4,3,114.65,8,5211,320.65,3,21.52,8,5222,413.86,3,108.42,9,
2871,4892,459.39,3,161.12,9,4907,313.42,3,232.61,8,4948,321.53,3,158.05,9,4968,328.71,3,127.22,9,4987,351.61,3,25.31,9,5146,377.98,3,106.23,8,5191,306.3,3,179.31,8,5207,195.67,3,134.72,8,5211,312.75,3,3.61,8,5222,400.12,3,84.78,9,
2872,4892,458.47,3,165.48,9,4948,326.02,3,149.0,9,4968,327.2,3,132.78,9,4987,355.15,3,14.81,9,5191,301.57,3,153.69,8,5207,167.0,3,157.6,8,5211,305.75,3,20.81,8,5222,387.22,3,61.52,9,5244,539.96,3,230.54,8,
2873,4892,457.41,3,171.61,9,4948,333.4,3,139.57,9,4968,324.75,3,140.14,9,4987,357.78,3,7.58,9,5191,298.95,3,127.89,8,5207,137.99,3,182.45,8,5211,299.74,3,45.0,8,5222,374.58,3,37.21,9,5244,539.66,3,230.51,8,
2874,4892,456.49,3,178.69,9,4948,345.49,3,133.6,9,4968,321.52,3,149.23,9,4987,362.04,3,5.2,9,5191,298.53,3,102.64,8,5207,108.48,3,209.09,8,5211,293.94,3,69.78,8,5222,363.29,3,13.28,9,5244,538.96,3,230.49,8,
2875,4892,455.85,3,185.86,9,4948,360.2,3,130.0,9,4968,317.47,3,159.67,9,4987,366.85,3,9.74,9,5191,300.24,3,77.49,8,5207,80.21,3,235.69,8,5211,291.63,3,94.89,8,5222,353.46,3,11.05,9,5244,537.93,3,230.56,8,
2876,4757,540.86,3,246.83,8,4892,455.44,3,193.17,9,4948,376.63,3,126.49,9,4968,312.83,3,171.37,9,4987,372.82,3,16.17,9,5191,304.08,3,52.06,8,5211,291.52,3,120.65,8,5222,345.67,3,34.55,9,5244,536.63,3,230.89,8,
2877,4757,534.69,3,242.18,8,4892,455.27,3,201.0,9,4948,395.43,3,125.31,9,4968,306.94,3,184.08,9,4987,380.94,3,24.93,9,5030,293.1,3,275.18,9,5191,309.3,3,26.71,8,5211,293.58,3,145.83,8,5222,339.4,3,58.03,9,5244,535.19,3,231.63,8,
2878,4757,530.86,3,240.92,8,4948,416.21,3,129.2,9,4968,300.86,3,198.51,9,4987,390.73,3,35.46,9,5030,293.03,3,247.39,9,5191,318.42,3,3.42,8,5211,297.84,3,171.23,8,5222,335.15,3,80.05,9,5244,533.61,3,233.08,8,
2879,4757,529.77,3,242.4,8,4948,438.87,3,137.9,9,4968,295.36,3,214.95,9,4987,402.7,3,48.3,9,5030,296.97,3,221.72,9,5191,329.33,3,25.51,8,5211,304.02,3,196.12,8,5222,332.78,3,97.59,9,5244,532.49,3,234.75,8,
2880,4757,529.19,3,245.32,8,4948,464.28,3,155.57,9,4968,291.04,3,234.05,9,4987,416.68,3,63.24,9,5030,303.75,3,199.95,9,5191,341.56,3,50.64,8,5211,312.37,3,221.88,8,5222,331.5,3,112.02,9,5244,531.89,3,235.96,8,
2881,4757,528.74,3,249.06,8,4948,490.87,3,179.01,9,4968,289.51,3,255.24,9,4987,432.95,3,80.52,9,5030,310.98,3,182.92,9,5191,355.05,3,75.63,8,5207,102.98,3,284.47,9,5211,322.6,3,247.71,8,5222,329.84,3,121.88,9,5237,532.24,3,249.29,8,5244,531.75,3,236.27,8,
2882,4948,515.18,3,205.25,9,4968,290.26,3,278.78,9,4987,450.56,3,99.16,9,5030,316.92,3,169.87,9,5191,369.9,3,100.9,8,5207,131.95,3,264.01,9,5222,328.71,3,127.26,9,5237,532.73,3,246.48,8,5244,531.74,3,236.31,8,
2883,4948,538.06,3,232.77,9,4987,469.63,3,119.23,9,5030,320.51,3,160.66,9,5191,386.88,3,126.85,8,5207,161.67,3,246.56,9,5222,326.77,3,134.18,9,5237,533.13,3,244.82,8,5244,531.73,3,236.3,8,
2884,4879,323.44,3,235.01,8,4948,559.98,3,259.37,9,4987,490.76,3,141.38,9,5030,322.49,3,155.63,9,5191,405.03,3,151.9,8,5207,190.48,3,232.54,9,5222,323.75,3,142.97,9,5237,534.65,3,244.37,8,5244,531.73,3,236.31,8,
2885,4879,314.6,3,209.86,8,4948,582.31,3,286.0,9,4987,513.57,3,165.19,9,5030,325.96,3,149.1,9,5191,426.14,3,178.01,8,5207,219.24,3,218.2,9,5222,319.67,3,154.09,9,5237,540.22,3,248.68,8,5244,531.93,3,237.17,8,
2886,4879,307.46,3,184.29,8,4987,538.79,3,191.41,9,5030,331.15,3,142.11,9,5191,446.8,3,202.99,8,5207,246.98,3,201.2,9,5222,314.89,3,166.37,9,5244,532.93,3,239.41,8,
2887,4879,302.47,3,159.57,8,4987,563.17,3,216.66,9,4999,293.6,3,280.91,9,5030,339.63,3,135.52,9,5191,468.37,3,229.04,8,5207,269.68,3,186.29,9,5222,308.81,3,179.98,9,5244,536.2,3,244.14,8,
2888,4879,299.37,3,134.05,8,4987,585.69,3,239.84,9,4999,292.64,3,259.24,9,5030,352.28,3,131.71,9,5090,294.91,3,292.24,9,5207,287.47,3,173.64,9,5222,302.29,3,194.94,9,
2889,4879,298.44,3,109.36,8,4987,604.77,3,259.39,9,4999,293.75,3,238.19,9,5030,367.1,3,128.53,9,5090,292.81,3,270.86,9,5207,300.63,3,163.3,9,5222,296.11,3,212.18,9,
2890,4879,299.53,3,84.7,8,4987,619.77,3,274.72,9,4999,298.14,3,217.08,9,5030,382.61,3,125.66,9,5090,292.92,3,249.82,9,5207,310.3,3,155.73,9,5222,291.39,3,231.92,9,
2891,4879,302.71,3,59.69,8,4987,630.38,3,285.57,9,4999,304.98,3,196.85,9,5030,400.84,3,125.87,9,5090,295.37,3,228.55,9,5207,315.86,3,150.68,9,5222,289.53,3,254.5,9,5271,405.02,3,88.87,9,
2892,4879,309.91,3,35.23,8,4987,636.6,3,291.92,9,4999,311.95,3,180.8,9,5030,419.12,3,130.11,9,5090,300.91,3,207.43,9,5207,320.76,3,147.79,9,5222,290.15,3,277.67,9,5242,575.96,3,276.62,9,5271,405.86,3,90.35,9,
2893,4987,639.17,3,294.25,9,4999,317.33,3,168.87,9,5030,433.8,3,135.65,9,5090,307.61,3,190.54,9,5207,320.08,3,153.03,9,5242,550.11,3,245.5,9,5271,407.93,3,93.97,9,
2894,4947,294.52,3,289.28,9,4987,638.37,3,293.03,9,4999,320.44,3,160.82,9,5030,445.36,3,142.14,9,5090,313.28,3,177.97,9,5207,318.22,3,157.77,9,5242,525.67,3,215.54,9,5251,563.75,3,248.72,8,5271,411.39,3,99.95,9,
2895,4947,292.63,3,264.18,9,4987,635.22,3,289.77,9,4999,322.15,3,156.5,9,5030,452.69,3,147.2,9,5090,317.1,3,169.45,9,5207,315.84,3,163.94,9,5242,499.49,3,185.48,9,5251,560.39,3,244.99,8,5271,415.94,3,107.67,9,
2896,4947,293.73,3,238.38,9,4987,630.14,3,284.58,9,4999,324.34,3,150.72,9,5030,455.51,3,149.19,9,5090,319.04,3,164.46,9,5207,312.76,3,171.53,9,5238,532.39,3,248.37,8,5242,469.65,3,157.6,9,5251,557.21,3,241.67,8,5271,421.66,3,117.16,9,
2897,4947,298.21,3,216.83,9,4987,623.39,3,277.67,9,4999,326.85,3,143.6,9,5030,456.44,3,149.43,9,5090,321.42,3,158.34,9,5207,308.27,3,181.16,9,5238,532.88,3,245.82,8,5242,438.92,3,135.54,9,5251,554.34,3,238.88,8,5271,428.51,3,128.26,9,
2898,4947,304.54,3,197.95,9,4987,615.25,3,269.34,9,4999,329.76,3,135.16,9,5030,455.62,3,147.26,9,5090,324.13,3,151.31,9,5207,303.23,3,192.67,9,5238,533.15,3,244.75,8,5242,410.75,3,124.84,9,5251,551.6,3,236.47,8,5271,436.44,3,140.75,9,
2899,4330,293.92,3,284.04,9,4947,311.18,3,182.47,9,4987,605.44,3,259.29,9,4999,332.59,3,124.16,9,5030,451.96,3,144.52,9,5090,326.75,3,143.89,9,5207,298.07,3,205.8,9,5238,534.71,3,244.4,8,5242,387.46,3,121.97,9,5251,549.01,3,234.45,8,5271,446.06,3,155.49,9,
2900,4317,295.44,3,296.25,9,4330,292.65,3,266.59,9,4947,317.08,3,169.5,9,4987,594.03,3,247.58,9,4999,334.75,3,111.16,9,5030,446.07,3,140.38,9,5090,329.76,3,135.16,9,5207,293.7,3,221.4,9,5238,541.56,3,249.9,8,5242,369.02,3,124.58,9,5251,546.61,3,232.88,8,5271,457.62,3,172.66,9,
2901,4317,293.38,3,278.53,9,4330,292.77,3,253.65,9,4947,320.62,3,160.36,9,4987,580.97,3,234.18,9,4999,336.12,3,96.09,9,5030,438.59,3,135.34,9,5090,332.63,3,123.95,9,5207,290.47,3,238.61,9,5242,354.35,3,127.82,9,5251,545.08,3,232.07,8,5271,470.73,3,191.57,9,
2902,4317,292.63,3,264.48,9,4330,293.16,3,245.17,9,4947,322.58,3,155.42,9,4999,338.51,3,78.82,9,5030,430.05,3,131.54,9,5090,334.76,3,111.03,9,5207,289.46,3,258.26,9,5242,343.62,3,130.74,9,5251,544.18,3,231.68,8,5271,485.65,3,212.44,9,
2903,4317,292.73,3,254.93,9,4330,292.95,3,240.85,9,4947,322.88,3,154.67,9,4999,342.11,3,59.89,9,5030,419.11,3,127.39,9,5090,336.12,3,96.08,9,5207,290.37,3,280.11,9,5242,336.82,3,133.09,9,5251,542.95,3,231.2,8,5271,502.59,3,235.43,9,
2904,4317,292.92,3,249.82,9,4330,289.94,3,236.27,9,4947,322.88,3,154.67,9,4999,346.86,3,41.0,9,5030,406.67,3,123.82,9,5090,338.53,3,78.66,9,5242,329.5,3,139.51,9,5251,541.42,3,230.78,8,5271,518.83,3,256.92,9,
2905,4317,293.22,3,244.28,9,4330,284.03,3,236.26,9,4947,323.48,3,153.05,9,4999,351.38,3,26.04,9,5030,393.18,3,122.04,9,5090,342.13,3,59.77,9,5242,322.22,3,149.31,9,5251,539.61,3,230.51,8,5271,532.07,3,274.08,9,
2906,4317,293.83,3,237.44,9,4330,278.75,3,237.95,9,4947,324.98,3,148.99,9,4999,355.0,3,15.23,9,5030,377.89,3,122.9,9,5090,346.26,3,43.21,9,5242,316.7,3,161.7,9,5251,537.75,3,230.59,8,5271,542.9,3,287.91,9,
2907,4317,295.38,3,228.56,9,4330,271.87,3,240.51,9,4947,326.91,3,143.45,9,4999,357.39,3,8.61,9,5030,360.64,3,126.57,9,5090,349.98,3,30.45,9,5242,310.76,3,175.84,9,5251,536.1,3,231.11,8,5271,550.68,3,297.74,9,
2908,4317,297.98,3,217.69,9,4330,263.15,3,244.06,9,4757,358.77,3,248.51,8,4947,329.38,3,136.25,9,4999,358.46,3,4.7,9,5030,340.71,3,131.7,9,5090,352.95,3,21.22,9,5242,303.61,3,191.75,9,5251,534.56,3,232.11,8,
2909,4317,301.89,3,204.79,9,4330,254.23,3,248.03,9,4947,332.07,3,126.68,9,4999,357.64,3,1.09,9,5090,354.98,3,15.3,9,5242,296.74,3,209.93,9,5251,533.28,3,233.5,8,
2910,4317,307.48,3,190.84,9,4330,246.16,3,251.91,9,4947,334.49,3,115.41,9,4999,353.42,3,6.54,9,5090,357.35,3,8.72,9,5242,291.68,3,230.38,9,5251,532.34,3,235.02,8,
2911,4317,314.26,3,175.91,9,4330,238.32,3,255.97,9,4947,335.56,3,101.41,9,4999,347.96,3,12.43,9,5090,360.57,3,4.62,9,5242,289.59,3,252.6,9,5251,531.93,3,235.84,8,5271,547.05,3,295.59,9,
2912,4317,318.91,3,164.81,9,4330,230.51,3,260.25,9,4947,337.52,3,85.27,9,4999,340.88,3,20.14,9,5090,366.74,3,9.62,9,5242,290.12,3,277.25,9,5251,531.08,3,236.53,8,5271,540.56,3,287.41,9,
2913,4317,321.64,3,157.77,9,4330,222.03,3,265.2,9,4947,340.73,3,66.56,9,4999,332.31,3,29.54,9,5090,374.13,3,17.58,9,5251,527.8,3,234.43,8,5271,532.8,3,277.54,9,5277,626.04,3,280.38,9,
2914,4317,324.98,3,148.98,9,4330,213.62,3,270.4,9,4947,345.41,3,46.31,9,4999,321.51,3,41.47,9,5090,382.92,3,27.07,9,5251,522.63,3,229.86,8,5271,523.65,3,265.8,9,5277,598.98,3,252.66,9,
2915,4317,328.88,3,137.69,9,4330,205.69,3,275.59,9,4947,350.11,3,30.04,9,4999,309.39,3,54.97,9,5090,393.48,3,38.42,9,5251,515.49,3,223.3,8,5269,562.05,3,248.64,8,5271,512.86,3,251.76,9,5277,572.38,3,225.33,9,
2916,4317,332.67,3,123.76,9,4330,197.36,3,281.33,9,4947,354.13,3,17.75,9,4999,295.24,3,70.91,9,5090,405.45,3,51.24,9,5251,506.1,3,214.71,8,5269,550.04,3,237.25,8,5271,501.04,3,236.16,9,5277,546.0,3,198.0,9,
2917,4317,335.03,3,107.4,9,4330,189.81,3,286.79,9,4947,356.87,3,10.01,9,4999,280.19,3,88.12,9,5090,419.46,3,66.2,9,5251,494.34,3,204.01,8,5269,537.24,3,225.26,8,5271,487.96,3,218.55,9,5277,519.01,3,169.92,9,
2918,4317,336.95,3,89.31,9,4330,182.48,3,292.35,9,4947,357.58,3,6.67,9,4999,265.98,3,104.64,9,5090,435.75,3,83.5,9,5251,481.09,3,192.1,8,5269,524.39,3,213.42,8,5271,473.71,3,198.91,9,5277,492.36,3,142.06,9,
2919,4317,340.1,3,69.79,9,4330,175.01,3,298.02,9,4947,355.53,3,6.62,9,4999,251.28,3,122.1,9,5090,453.74,3,102.5,9,5247,532.54,3,247.41,8,5251,465.43,3,178.27,8,5269,511.13,3,201.44,8,5271,458.95,3,177.93,9,5277,466.18,3,114.55,9,
2920,4317,344.36,3,50.35,9,4947,353.96,3,9.69,9,4999,237.66,3,138.69,9,5090,474.06,3,123.88,9,5247,533.01,3,245.27,8,5251,448.0,3,163.26,8,5269,498.79,3,190.57,8,5271,443.15,3,154.65,9,5277,440.51,3,87.41,9,
2921,4317,349.6,3,31.7,9,4947,351.94,3,15.3,9,4999,223.93,3,155.92,9,5090,496.08,3,146.93,9,5247,533.62,3,242.9,8,5251,429.08,3,147.65,8,5269,485.86,3,179.54,8,5271,426.41,3,128.8,9,5277,417.97,3,63.42,9,
2922,4317,354.18,3,17.58,9,4947,349.2,3,23.38,9,4999,211.27,3,172.49,9,5090,520.6,3,172.51,9,5247,534.49,3,240.35,8,5251,408.04,3,131.41,8,5269,473.06,3,169.05,8,5271,409.5,3,101.08,9,5277,399.78,3,43.92,9,
2923,4317,357.62,3,7.97,9,4947,345.89,3,33.81,9,4999,198.45,3,190.22,9,5090,547.28,3,200.22,9,5247,535.69,3,237.84,8,5251,386.86,3,116.64,8,5269,460.56,3,159.34,8,5271,393.22,3,72.47,9,5277,385.88,3,28.94,9,
2924,4317,362.08,3,5.22,9,4947,342.41,3,46.0,9,4999,187.0,3,207.1,9,5090,572.84,3,226.64,9,5247,537.22,3,235.77,8,5251,365.94,3,104.03,8,5269,447.97,3,150.19,8,5271,378.06,3,44.13,9,5277,376.09,3,18.35,9,
2925,4317,367.79,3,10.75,9,4947,338.82,3,60.69,9,4999,176.38,3,224.02,9,5090,595.07,3,249.45,9,5247,538.95,3,234.45,8,5251,344.9,3,94.14,8,5269,435.35,3,141.84,8,5271,365.32,3,17.79,9,5277,370.36,3,12.15,9,
2926,4317,375.43,3,18.99,9,4947,335.51,3,77.9,9,4999,166.35,3,241.81,9,5090,612.97,3,267.77,9,5247,541.04,3,233.76,8,5251,323.17,3,87.79,8,5269,423.59,3,134.95,8,5271,354.89,3,7.19,9,5277,367.3,3,8.85,9,
2927,4317,385.22,3,29.54,9,4947,332.77,3,97.63,9,4999,158.1,3,258.72,9,5090,626.59,3,281.7,9,5247,542.85,3,233.71,8,5251,301.77,3,85.69,8,5269,411.16,3,128.52,8,5271,346.46,3,31.96,9,5277,362.12,3,3.48,9,5314,352.96,3,12.47,9,
2928,4317,396.73,3,41.9,9,4947,330.31,3,119.74,9,4999,151.31,3,275.56,9,5090,635.82,3,291.12,9,5247,543.88,3,233.85,8,5251,280.25,3,88.87,8,5269,401.04,3,124.03,8,5271,339.34,3,58.29,9,5277,357.34,3,2.83,9,5314,352.47,3,13.82,9,
2929,4317,409.71,3,55.79,9,4999,146.13,3,292.49,9,5090,640.71,3,296.01,9,5247,543.95,3,232.93,8,5251,258.9,3,96.1,8,5269,394.85,3,121.74,8,5271,334.98,3,81.11,9,5277,355.51,3,5.99,9,5314,351.49,3,16.6,9,
2930,4317,424.12,3,71.14,9,5247,538.69,3,227.08,8,5251,237.79,3,106.72,8,5269,390.46,3,120.47,8,5271,332.58,3,99.43,9,5277,354.28,3,8.84,9,5314,349.76,3,21.69,9,5315,368.78,3,249.65,8,
2931,4317,440.97,3,89.01,9,5247,532.24,3,220.55,8,5251,216.3,3,119.92,8,5269,388.92,3,122.8,8,5271,331.42,3,113.26,9,5277,352.76,3,13.02,9,5314,347.59,3,28.38,9,5315,359.39,3,248.57,8,
2932,4317,459.31,3,108.38,9,5247,523.86,3,212.11,8,5251,195.25,3,135.04,8,5269,392.56,3,128.33,8,5271,329.7,3,122.5,9,5277,350.51,3,19.45,9,5314,344.88,3,37.2,9,5315,354.08,3,248.14,8,
2933,4317,479.96,3,130.07,9,5247,513.14,3,201.31,8,5251,174.57,3,151.36,8,5269,397.92,3,135.91,8,5271,328.7,3,127.27,9,5277,347.86,3,27.5,9,5314,342.01,3,47.47,9,5315,352.18,3,249.51,8,
2934,4317,502.18,3,153.32,9,5247,500.87,3,188.94,8,5251,153.05,3,169.36,8,5269,404.96,3,145.71,8,5271,327.06,3,133.29,9,5277,344.62,3,38.12,9,5314,339.13,3,59.28,9,5319,648.84,3,299.79,9,
2935,4317,526.34,3,178.48,9,5247,486.5,3,174.46,8,5251,132.04,3,187.73,8,5269,411.27,3,157.07,8,5271,324.29,3,141.48,9,5277,341.47,3,49.54,9,5314,336.47,3,72.41,9,5319,646.5,3,299.0,9,5334,308.68,3,148.88,9,
2936,4317,552.35,3,205.47,9,5247,469.96,3,157.78,8,5251,111.58,3,206.23,8,5269,422.12,3,170.5,8,5271,320.6,3,151.66,9,5277,338.47,3,62.32,9,5314,334.02,3,87.66,9,5319,645.38,3,298.68,9,5334,306.58,3,150.37,9,
2937,4317,576.35,3,230.25,9,5247,451.05,3,138.7,8,5251,90.65,3,225.75,8,5269,435.21,3,186.48,8,5271,316.1,3,163.27,9,5277,335.6,3,77.33,9,5314,332.09,3,104.44,9,5319,642.5,3,296.89,9,5334,302.63,3,153.24,9,
2938,4317,597.03,3,251.46,9,5247,429.79,3,117.23,8,5251,70.77,3,244.85,8,5269,449.56,3,203.93,8,5271,310.7,3,175.97,9,5277,333.24,3,93.62,9,5287,329.42,3,242.79,8,5314,331.0,3,116.71,9,5319,635.99,3,290.56,9,5334,296.73,3,157.7,9,
2939,4317,613.57,3,268.38,9,5247,409.01,3,96.23,8,5269,464.08,3,223.91,8,5271,303.98,3,190.86,9,5277,331.92,3,106.46,9,5287,320.01,3,217.26,8,5314,329.29,3,124.42,9,5319,627.5,3,281.88,9,5334,288.83,3,163.94,9,
2940,4317,626.1,3,281.2,9,5247,389.28,3,75.77,8,5269,482.66,3,246.01,8,5271,297.27,3,208.13,9,5277,331.32,3,114.98,9,5287,312.23,3,191.05,8,5314,326.32,3,133.48,9,5319,616.66,3,270.78,9,5334,278.96,3,171.51,9,
2941,4317,634.25,3,289.52,9,4330,118.85,3,247.78,8,5247,370.18,3,55.78,8,5271,292.36,3,227.19,9,5277,329.5,3,123.41,9,5287,306.65,3,165.67,8,5314,318.33,3,141.99,9,5319,604.16,3,257.97,9,5334,267.63,3,180.74,9,
2942,4317,637.96,3,293.25,9,4330,123.05,3,238.03,8,5247,355.41,3,40.35,8,5271,289.73,3,249.08,9,5277,328.68,3,127.4,9,5287,303.08,3,139.99,8,5314,307.27,3,149.88,9,5319,590.13,3,243.59,9,5334,254.09,3,190.54,9,
2943,4317,638.58,3,293.29,9,4330,127.5,3,228.95,8,5247,344.31,3,28.85,8,5271,289.84,3,273.74,9,5277,326.99,3,133.52,9,5287,301.67,3,114.88,8,5314,294.83,3,159.18,9,5319,573.81,3,226.8,9,5334,238.35,3,200.76,9,
2944,4317,635.27,3,289.83,9,4330,132.6,3,219.58,8,5247,337.21,3,21.67,8,5277,324.45,3,141.03,9,5287,302.35,3,89.66,8,5314,281.14,3,169.79,9,5319,555.64,3,208.01,9,5334,220.46,3,211.64,9,
2945,4317,630.49,3,284.93,9,4330,138.25,3,210.02,8,5247,332.13,3,16.76,8,5251,85.67,3,297.94,9,5277,320.9,3,150.85,9,5287,305.08,3,64.84,8,5314,265.14,3,182.49,9,5319,536.13,3,187.75,9,5334,199.9,3,222.81,9,
2946,4317,623.29,3,277.57,9,4330,143.64,3,201.5,8,5247,329.57,3,15.58,8,5251,106.51,3,281.84,9,5277,316.32,3,162.68,9,5287,310.26,3,45.11,8,5314,246.19,3,195.7,9,5319,515.38,3,166.13,9,5334,177.5,3,233.74,9,
2947,4317,614.11,3,268.17,9,4330,149.56,3,192.64,8,5247,331.54,3,19.84,8,5251,128.04,3,266.62,9,5277,310.6,3,176.17,9,5287,314.9,3,29.73,8,5314,224.88,3,209.0,9,5319,492.23,3,141.92,9,5334,152.89,3,246.54,9,
2948,4317,602.73,3,256.51,9,4330,155.53,3,184.1,8,5247,334.72,3,26.43,8,5251,149.46,3,253.2,9,5277,303.84,3,191.21,9,5287,318.59,3,19.24,8,5314,201.47,3,221.98,9,5319,467.66,3,116.11,9,5334,127.87,3,261.79,9,
2949,4317,589.05,3,242.48,9,4330,162.08,3,175.08,8,5198,476.37,3,246.68,8,5247,338.96,3,35.22,8,5251,170.27,3,242.59,9,5277,297.34,3,207.86,9,5287,322.09,3,12.52,8,5314,175.52,3,234.74,9,5319,442.11,3,89.11,9,5334,102.72,3,279.45,9,
2950,4330,168.55,3,166.46,8,5198,452.46,3,218.0,8,5247,344.46,3,46.32,8,5251,191.06,3,232.25,9,5277,292.38,3,227.08,9,5287,327.28,3,12.12,8,5314,149.82,3,248.23,9,5319,420.0,3,65.58,9,5334,78.25,3,298.8,9,
2951,4330,175.63,3,157.32,8,5198,427.07,3,188.97,8,5247,351.36,3,59.68,8,5251,212.68,3,221.67,9,5277,289.77,3,248.22,9,5287,335.34,3,19.93,8,5314,124.4,3,264.11,9,5319,401.01,3,45.24,9,
2952,4330,183.45,3,147.69,8,4891,461.63,3,229.07,8,5198,401.78,3,160.2,8,5247,359.9,3,75.38,8,5251,232.95,3,210.25,9,5277,289.66,3,271.23,9,5287,346.06,3,31.13,8,5314,98.86,3,282.42,9,5319,386.32,3,29.42,9,
2953,4330,191.08,3,138.61,8,4891,437.71,3,200.98,8,5198,379.18,3,132.11,8,5247,370.38,3,93.58,8,5251,252.26,3,197.77,9,5277,292.29,3,296.14,9,5287,358.72,3,44.45,8,5319,375.85,3,18.09,9,
2954,4330,198.69,3,129.7,8,4891,413.26,3,173.31,8,5198,358.62,3,102.9,8,5247,382.71,3,113.67,8,5251,271.86,3,184.75,9,5287,373.69,3,60.18,8,5319,369.56,3,11.28,9,
2955,4330,206.97,3,120.14,8,4891,389.63,3,145.5,8,4971,466.98,3,233.14,8,5198,340.94,3,73.21,8,5247,397.76,3,135.69,8,5251,288.24,3,173.0,9,5287,390.19,3,77.49,8,5319,362.12,3,3.48,9,
2956,4330,214.93,3,111.06,8,4971,443.95,3,205.61,8,5198,325.03,3,43.78,8,5247,415.52,3,159.66,8,5251,300.82,3,163.17,9,5287,408.32,3,96.26,8,5319,356.37,3,4.29,9,5334,73.71,3,243.02,8,5364,342.61,3,241.91,8,
2957,4330,223.17,3,101.78,8,4971,420.81,3,179.31,8,5198,311.37,3,16.48,8,5247,436.3,3,185.32,8,5251,309.74,3,156.24,9,5287,428.83,3,116.91,8,5319,353.32,3,11.46,9,5334,98.49,3,220.24,8,5364,343.02,3,243.41,8,
2958,4330,231.9,3,92.02,8,4971,398.2,3,153.28,8,5198,300.75,3,19.39,8,5247,458.21,3,212.13,8,5251,315.4,3,151.08,9,5287,449.16,3,137.39,8,5319,350.06,3,20.79,9,5334,122.71,3,198.68,8,5364,342.62,3,246.56,8,
2959,4330,240.37,3,82.65,8,4971,376.9,3,125.8,8,5247,479.71,3,238.12,8,5251,318.41,3,148.73,9,5287,469.32,3,157.7,8,5314,85.6,3,231.99,8,5319,346.55,3,31.66,9,5334,146.72,3,178.03,8,5364,337.92,3,247.35,8,
2960,4330,249.15,3,73.02,8,4971,359.1,3,99.3,8,5251,321.11,3,148.32,9,5287,489.26,3,177.78,8,5314,111.23,3,208.82,8,5319,342.94,3,44.05,9,5334,171.84,3,157.56,8,5364,330.57,3,247.26,8,
2961,4330,257.11,3,64.35,8,4971,342.98,3,71.75,8,5062,468.67,3,232.84,8,5251,320.46,3,151.9,9,5287,507.38,3,196.01,8,5314,136.39,3,186.81,8,5319,339.43,3,57.93,9,5334,196.74,3,138.9,8,5364,321.97,3,247.51,8,
2962,4330,266.01,3,54.72,8,4971,328.64,3,44.79,8,5062,450.2,3,210.35,8,5167,479.51,3,245.89,8,5251,319.36,3,154.87,9,5287,521.74,3,210.46,8,5314,161.88,3,165.52,8,5315,532.46,3,247.96,8,5319,336.33,3,73.14,9,5334,221.85,3,122.51,8,5364,311.37,3,248.33,8,
2963,4330,274.78,3,45.32,8,4971,315.72,3,17.86,8,5062,430.94,3,188.39,8,5167,460.78,3,223.26,8,5251,317.3,3,160.13,9,5287,531.63,3,220.41,8,5314,187.69,3,145.44,8,5315,532.92,3,245.64,8,5319,333.74,3,89.68,9,5334,246.81,3,109.73,8,5346,540.94,3,246.91,8,5364,299.27,3,249.98,8,
2964,4330,283.74,3,35.76,8,4971,305.76,3,12.43,8,5062,411.83,3,166.34,8,5167,441.28,3,200.21,8,5251,314.47,3,167.45,9,5287,537.11,3,225.93,8,5314,213.86,3,127.41,8,5315,533.72,3,244.11,8,5319,332.05,3,104.96,9,5334,271.99,3,100.88,8,5346,537.29,3,244.23,8,
2965,4330,291.79,3,27.26,8,4971,298.21,3,38.4,8,5062,397.0,3,148.73,8,5167,422.23,3,178.37,8,5251,310.56,3,176.24,9,5287,540.87,3,230.08,8,5314,240.2,3,112.7,8,5315,539.12,3,247.71,8,5319,331.16,3,116.02,9,5334,296.13,3,97.53,8,5346,537.17,3,244.92,8,
2966,4330,300.36,3,18.35,8,4971,291.47,3,65.17,8,5062,386.73,3,135.38,8,5167,406.87,3,160.58,8,5251,305.84,3,186.56,9,5287,540.49,3,230.62,8,5314,265.3,3,102.81,8,5319,329.35,3,124.15,9,5334,320.24,3,99.27,8,5346,537.52,3,245.44,8,
2967,4971,288.56,3,92.77,8,5062,379.99,3,126.51,8,5167,395.79,3,147.16,8,5233,541.06,3,247.02,8,5251,300.74,3,198.8,9,5287,539.04,3,230.49,8,5314,291.24,3,97.74,8,5319,327.0,3,133.49,9,5334,344.66,3,104.37,8,5346,539.18,3,247.39,8,
2968,4971,288.27,3,119.61,8,5062,376.45,3,119.5,8,5167,387.87,3,136.88,8,5233,534.39,3,240.79,8,5251,295.75,3,213.48,9,5287,537.41,3,230.66,8,5314,316.49,3,98.78,8,5319,323.15,3,144.64,9,5334,369.52,3,114.66,8,
2969,4971,290.55,3,147.03,8,5062,377.43,3,116.93,8,5167,382.16,3,129.39,8,5233,525.28,3,232.32,8,5251,291.69,3,230.32,9,5287,535.53,3,231.41,8,5314,342.74,3,103.78,8,5319,318.18,3,157.85,9,5334,393.7,3,128.45,8,
2970,4971,295.32,3,174.2,8,5062,381.53,3,116.01,8,5167,378.15,3,124.09,8,5233,514.49,3,222.38,8,5251,289.71,3,249.55,9,5287,533.87,3,232.79,8,5314,367.78,3,113.79,8,5319,312.18,3,172.77,9,5334,418.47,3,145.08,8,
2971,4971,302.6,3,201.76,8,5062,387.4,3,116.96,8,5167,372.9,3,116.99,8,5233,502.25,3,211.2,8,5251,289.65,3,271.12,9,5287,532.66,3,234.44,8,5314,394.0,3,128.64,8,5319,304.98,3,188.55,9,5334,442.46,3,163.2,8,
2972,4971,311.96,3,228.86,8,5062,393.8,3,118.89,8,5167,367.04,3,107.94,8,5233,488.47,3,198.72,8,5251,291.78,3,292.17,9,5287,531.96,3,235.77,8,5314,419.01,3,145.46,8,5319,298.09,3,205.76,9,5334,467.02,3,183.3,8,
2973,5062,401.78,3,122.01,8,5167,359.88,3,96.2,8,5233,472.71,3,184.66,8,5287,531.14,3,237.68,8,5314,444.1,3,164.5,8,5319,292.8,3,225.24,9,5334,487.65,3,201.16,8,
2974,5062,411.03,3,126.34,8,5167,351.74,3,82.32,8,5233,455.19,3,169.39,8,5287,530.26,3,240.46,8,5314,467.19,3,183.44,8,5319,289.86,3,246.46,9,5334,503.81,3,215.5,8,
2975,5062,420.18,3,131.16,8,5167,342.74,3,66.2,8,5233,435.82,3,153.1,8,5287,529.38,3,244.23,8,5314,485.85,3,199.58,8,5319,289.57,3,269.81,9,5334,515.47,3,226.0,8,
2976,5062,430.1,3,136.89,8,5167,333.53,3,48.62,8,5233,415.11,3,136.72,8,5287,528.82,3,248.21,8,5314,500.03,3,212.12,8,5319,292.21,3,295.5,9,5334,523.48,3,233.28,8,5350,590.06,3,293.29,9,
2977,5062,439.47,3,142.89,8,5167,324.01,3,28.92,8,5233,392.06,3,120.09,8,5314,510.49,3,221.51,8,5334,527.06,3,235.98,8,5350,581.81,3,283.59,9,
2978,5062,448.89,3,149.43,8,5167,314.84,3,7.72,8,5233,367.07,3,104.66,8,5314,516.95,3,227.35,8,5334,527.82,3,235.68,8,5350,571.55,3,271.36,9,
2979,5062,459.01,3,156.92,8,5167,306.86,3,17.04,8,5233,339.8,3,92.31,8,5314,521.69,3,231.65,8,5334,525.14,3,232.39,8,5350,559.26,3,256.59,9,5364,146.0,3,282.36,9,
2980,5062,469.26,3,164.94,8,5167,300.44,3,41.97,8,5233,310.1,3,85.89,8,5314,528.6,3,237.96,8,5334,520.81,3,228.19,8,5350,545.22,3,239.54,9,5364,153.62,3,262.38,9,
2981,5062,479.6,3,173.38,8,5167,294.07,3,68.78,8,5233,280.61,3,88.78,8,5314,537.48,3,246.13,8,5334,514.05,3,221.97,8,5350,529.67,3,220.41,9,5364,163.27,3,242.55,9,
2982,5062,490.01,3,182.2,8,5167,291.53,3,97.06,8,5233,251.05,3,99.71,8,5334,505.05,3,213.75,8,5350,512.11,3,199.77,9,5364,174.45,3,223.03,9,
2983,5062,500.36,3,191.2,8,5167,291.87,3,127.63,8,5233,220.72,3,117.0,8,5334,494.5,3,204.16,8,5350,491.49,3,177.73,9,5364,187.36,3,202.99,9,
2984,5062,510.46,3,200.19,8,5167,295.41,3,158.3,8,5233,190.8,3,138.44,8,5334,481.49,3,192.46,8,5350,469.21,3,157.27,9,5364,200.89,3,183.7,9,
2985,5062,520.56,3,209.37,8,5167,302.03,3,188.94,8,5233,161.62,3,162.08,8,5334,466.19,3,178.94,8,5350,446.78,3,140.87,9,5364,215.97,3,163.56,9,
2986,5062,530.81,3,218.81,8,5167,311.52,3,219.52,8,5233,132.6,3,187.23,8,5334,448.31,3,163.53,8,5350,425.32,3,129.64,9,5364,232.05,3,143.3,9,
2987,5062,541.14,3,228.47,8,5193,466.58,3,235.01,8,5233,103.53,3,213.67,8,5334,429.1,3,147.67,8,5350,404.4,3,123.4,9,5364,247.98,3,123.95,9,
2988,5062,551.37,3,238.13,8,5193,444.89,3,209.03,8,5233,74.56,3,241.16,8,5334,407.38,3,130.92,8,5350,383.42,3,122.25,9,5364,265.26,3,103.56,9,
2989,5062,559.75,3,246.12,8,5193,422.6,3,183.91,8,5334,383.72,3,114.62,8,5350,366.63,3,125.17,9,5364,282.4,3,83.78,9,
2990,5193,400.42,3,158.64,8,5334,359.14,3,100.46,8,5350,353.01,3,128.13,9,5364,300.19,3,63.66,9,
2991,5193,380.05,3,133.22,8,5334,334.49,3,90.67,8,5350,342.96,3,130.95,9,5364,318.28,3,43.52,9,
2992,5193,361.6,3,107.66,8,5334,310.14,3,85.89,8,5350,336.45,3,133.33,9,5364,332.5,3,27.87,9,
2993,5062,563.4,3,249.93,8,5193,345.89,3,81.79,8,5334,285.63,3,87.59,8,5350,329.93,3,139.02,9,5364,342.72,3,16.75,9,
2994,5062,559.77,3,246.47,8,5193,333.23,3,59.33,8,5233,110.81,3,278.65,9,5334,261.08,3,95.19,8,5350,323.65,3,147.1,9,5364,348.98,3,9.99,9,5418,359.43,3,104.2,8,
2995,5062,554.02,3,241.02,8,5193,323.65,3,41.08,8,5233,140.2,3,258.78,9,5334,236.5,3,107.44,8,5350,318.18,3,157.85,9,5364,356.09,3,2.62,9,5418,360.8,3,102.08,8,
2996,5062,546.06,3,233.51,8,5193,316.81,3,27.35,8,5233,169.97,3,242.72,9,5334,212.33,3,122.62,8,5350,312.84,3,171.35,9,5364,362.01,3,4.73,9,5418,360.83,3,97.78,8,5420,329.46,3,171.07,9,
2997,5062,536.57,3,224.64,8,5193,312.36,3,18.45,8,5233,199.18,3,228.26,9,5334,188.02,3,140.6,8,5350,305.86,3,186.51,9,5364,365.16,3,11.13,9,5418,357.28,3,91.83,8,5420,331.64,3,171.05,9,
2998,5062,526.93,3,215.74,8,5193,308.18,3,14.74,8,5233,228.43,3,213.31,9,5334,163.05,3,160.89,8,5350,298.94,3,203.48,9,5364,369.19,3,20.07,9,5418,352.95,3,84.41,8,5420,335.31,3,171.06,9,
2999,5062,516.91,3,206.63,8,5193,302.77,3,18.19,8,5233,256.54,3,195.08,9,5334,138.7,3,181.83,8,5350,293.4,3,222.69,9,5364,374.57,3,31.5,9,5418,347.34,3,74.56,8,5420,340.54,3,171.22,9,
3000,5062,506.62,3,197.44,8,5193,296.19,3,24.68,8,5233,283.12,3,177.16,9,5334,114.29,3,203.75,8,5350,290.03,3,243.59,9,5364,381.23,3,44.97,9,5418,340.7,3,62.41,8,5420,348.04,3,171.74,9,
3001,5062,496.6,3,188.68,8,5193,288.26,3,32.82,8,5233,308.11,3,157.77,9,5334,90.76,3,225.64,8,5350,289.45,3,265.95,9,5364,389.53,3,60.82,9,5418,333.57,3,48.68,8,5420,357.38,3,172.83,9,
3002,5062,486.51,3,180.08,8,5193,278.98,3,42.58,8,5233,331.94,3,139.2,9,5334,66.67,3,248.89,8,5350,291.21,3,287.84,9,5364,399.36,3,78.81,9,5418,326.26,3,33.75,8,5420,369.29,3,174.96,9,
3003,5062,476.14,3,171.52,8,5193,269.14,3,53.07,8,5233,359.81,3,130.07,9,5364,410.51,3,98.45,9,5379,329.96,3,244.14,8,5418,320.86,3,21.99,8,5420,381.59,3,177.97,9,
3004,5062,466.93,3,164.21,8,5193,259.71,3,63.25,8,5233,386.89,3,125.28,9,5364,423.03,3,119.4,9,5379,320.02,3,217.3,8,5418,317.69,3,14.77,8,5420,394.22,3,181.88,9,
3005,5062,457.55,3,157.08,8,5193,250.36,3,73.43,8,5233,414.21,3,128.61,9,5364,437.43,3,142.29,9,5379,311.67,3,188.86,8,5418,319.01,3,10.79,8,5420,406.04,3,186.24,9,5429,481.12,3,247.81,8,
3006,5062,448.24,3,150.38,8,5193,240.91,3,83.83,8,5233,443.05,3,140.58,9,5364,453.8,3,167.05,9,5379,305.36,3,157.92,8,5418,323.2,3,13.22,8,5420,418.42,3,191.5,9,5429,475.02,3,240.5,8,
3007,5062,438.48,3,143.83,8,5193,231.43,3,94.37,8,5233,472.69,3,161.89,9,5364,471.15,3,192.16,9,5379,298.87,3,126.43,8,5418,325.99,3,18.11,8,5420,430.54,3,197.26,9,5429,467.66,3,231.63,8,
3008,5062,428.93,3,137.96,8,5193,222.39,3,104.52,8,5233,501.06,3,189.03,9,5334,87.91,3,296.14,9,5364,489.46,3,217.66,9,5379,298.82,3,95.09,8,5418,328.92,3,24.61,8,5420,441.2,3,202.8,9,5429,458.91,3,220.98,8,
3009,5062,420.01,3,133.04,8,5193,213.27,3,114.9,8,5233,526.86,3,218.99,9,5334,112.6,3,277.34,9,5364,508.32,3,243.07,9,5379,301.71,3,66.01,8,5418,332.9,3,33.15,8,5420,447.83,3,206.44,9,5429,448.14,3,208.01,8,
3010,5062,409.96,3,127.94,8,5193,205.0,3,124.43,8,5233,551.32,3,248.92,9,5334,137.18,3,260.64,9,5364,524.25,3,263.98,9,5379,305.52,3,39.42,8,5418,338.18,3,43.97,8,5420,450.3,3,207.8,9,5429,435.1,3,193.16,8,
3011,5062,400.4,3,123.78,8,5193,196.17,3,134.77,8,5233,576.31,3,278.88,9,5334,161.99,3,246.41,9,5364,537.08,3,280.5,9,5379,313.15,3,15.27,8,5418,344.89,3,57.02,8,5420,451.67,3,207.43,9,5429,420.95,3,176.9,8,
3012,5193,187.58,3,145.02,8,5334,186.9,3,234.31,9,5364,547.3,3,293.48,9,5379,322.29,3,9.7,8,5418,353.36,3,72.62,8,5420,449.26,3,204.75,9,5429,405.73,3,159.26,8,
3013,5193,179.57,3,154.8,8,5334,211.78,3,222.16,9,5379,332.61,3,32.53,8,5418,363.52,3,90.28,8,5420,443.83,3,201.68,9,5429,393.43,3,144.11,8,
3014,5193,172.29,3,164.26,8,5334,236.12,3,208.17,9,5379,344.52,3,56.33,8,5418,375.18,3,109.43,8,5420,436.08,3,197.48,9,5429,385.14,3,133.31,8,
3015,5193,164.34,3,174.94,8,5334,258.64,3,193.78,9,5379,357.39,3,79.74,8,5418,389.56,3,130.63,8,5420,426.55,3,192.62,9,5429,380.15,3,126.72,8,
3016,5193,156.93,3,185.3,8,5334,279.33,3,179.66,9,5379,372.13,3,104.54,8,5418,405.94,3,153.13,8,5420,414.49,3,186.98,9,5429,378.87,3,122.4,8,
3017,5193,150.15,3,195.26,8,5263,471.95,3,241.43,8,5334,295.04,3,167.57,9,5379,388.56,3,129.23,8,5418,425.89,3,177.72,8,5420,401.73,3,181.71,9,5429,381.11,3,121.83,8,
3018,5193,143.38,3,205.77,8,5263,449.69,3,214.63,8,5334,306.86,3,158.78,9,5379,407.66,3,155.36,8,5418,447.47,3,203.81,8,5420,389.39,3,177.33,9,5429,385.9,3,125.48,8,
3019,5193,137.62,3,215.36,8,5230,464.06,3,227.26,8,5263,426.42,3,188.24,8,5334,314.18,3,152.17,9,5379,430.36,3,183.12,8,5418,470.07,3,231.06,8,5420,376.63,3,173.63,9,5429,390.79,3,132.35,8,
3020,5193,132.05,3,225.44,8,5230,439.42,3,198.1,8,5263,403.34,3,161.99,8,5334,318.15,3,148.91,9,5379,453.86,3,211.58,8,5420,363.96,3,170.81,9,5429,396.79,3,140.65,8,
3021,5193,127.25,3,235.06,8,5230,414.93,3,169.94,8,5263,382.46,3,136.33,8,5334,321.16,3,148.77,9,5379,477.95,3,240.44,8,5420,352.39,3,169.04,9,5429,403.92,3,150.39,8,
3022,5193,122.71,3,245.46,8,5230,390.97,3,140.92,8,5263,362.69,3,109.38,8,5334,320.09,3,152.99,9,5403,549.69,3,298.89,9,5420,340.74,3,168.05,9,5429,412.62,3,161.49,8,
3023,5230,369.9,3,112.49,8,5263,346.22,3,82.35,8,5334,318.44,3,157.18,9,5403,542.8,3,290.24,9,5420,330.99,3,167.84,9,5429,423.72,3,175.08,8,
3024,5230,353.19,3,84.84,8,5263,331.16,3,55.49,8,5334,316.0,3,163.53,9,5403,534.78,3,280.07,9,5420,325.71,3,167.97,9,5429,436.42,3,190.43,8,
3025,5230,339.67,3,60.49,8,5263,318.17,3,30.12,8,5334,312.82,3,171.39,9,5403,525.79,3,268.56,9,5420,324.91,3,168.01,9,5429,452.79,3,207.88,8,
3026,5230,329.58,3,40.67,8,5263,306.62,3,12.62,8,5334,308.37,3,180.93,9,5349,544.04,3,249.82,8,5403,515.29,3,254.95,9,5420,321.94,3,168.33,9,5429,469.2,3,227.75,8,
3027,5230,322.41,3,25.42,8,5263,296.15,3,21.95,8,5334,303.31,3,192.47,9,5349,536.4,3,243.2,8,5403,503.88,3,239.94,9,5420,317.34,3,169.52,9,
3028,5230,317.69,3,14.77,8,5263,290.16,3,40.3,8,5334,298.0,3,205.99,9,5349,533.34,3,241.46,8,5403,491.2,3,222.95,9,5420,311.79,3,174.03,9,5467,591.03,3,294.42,9,
3029,5230,318.07,3,8.91,8,5263,285.64,3,60.66,8,5334,293.53,3,222.12,9,5349,530.58,3,241.04,8,5403,477.17,3,203.71,9,5420,307.86,3,182.05,9,5467,588.98,3,292.03,9,
3030,5230,323.55,3,8.56,8,5263,282.74,3,80.77,8,5334,290.35,3,239.75,9,5349,529.6,3,243.14,8,5403,461.94,3,182.24,9,5420,303.6,3,191.76,9,5467,585.55,3,288.03,9,
3031,5129,472.05,3,239.23,8,5230,332.59,3,17.09,8,5263,281.14,3,102.32,8,5334,289.44,3,259.8,9,5349,529.04,3,246.33,8,5403,445.87,3,158.73,9,5420,298.92,3,203.51,9,5467,580.05,3,281.51,9,
3032,5129,456.02,3,219.87,8,5230,343.67,3,28.62,8,5263,281.09,3,122.87,8,5334,290.58,3,282.2,9,5403,429.38,3,133.5,9,5412,322.97,3,225.81,8,5420,294.68,3,217.53,9,5467,572.95,3,273.04,9,
3033,5129,437.76,3,198.61,8,5230,357.11,3,42.76,8,5263,282.61,3,143.94,8,5403,413.64,3,108.04,9,5412,313.89,3,197.22,8,5420,291.18,3,233.06,9,5467,563.95,3,262.24,9,
3034,5129,417.45,3,175.47,8,5230,372.11,3,58.53,8,5263,285.6,3,164.51,8,5403,399.12,3,82.98,9,5412,306.9,3,167.01,8,5420,289.66,3,250.79,9,5467,553.07,3,249.1,9,
3035,5129,395.82,3,150.27,8,5230,389.57,3,76.83,8,5263,290.04,3,185.14,8,5403,384.82,3,57.07,9,5412,302.86,3,137.65,8,5420,289.62,3,270.58,9,5467,540.38,3,233.61,9,
3036,5129,376.09,3,124.73,8,5230,408.84,3,96.78,8,5263,295.89,3,205.83,8,5403,371.55,3,31.04,9,5412,301.65,3,107.69,8,5420,291.76,3,292.05,9,5467,526.5,3,216.53,9,
3037,5129,359.16,3,99.39,8,5230,430.77,3,118.87,8,5263,303.32,3,227.28,8,5403,359.77,3,5.24,9,5412,303.47,3,77.22,8,5467,509.57,3,196.85,9,5480,292.18,3,169.8,8,
3038,5129,343.99,3,73.55,8,5230,453.28,3,141.54,8,5263,312.13,3,248.88,8,5403,350.1,3,20.69,9,5412,308.71,3,47.93,8,5467,490.05,3,176.35,9,5480,290.99,3,171.15,8,
3039,5129,330.33,3,48.1,8,5230,476.4,3,164.83,8,5403,342.23,3,46.65,9,5412,318.3,3,20.01,8,5467,467.99,3,156.34,9,5480,288.85,3,173.66,8,
3040,5129,318.19,3,23.17,8,5230,497.23,3,185.8,8,5403,336.75,3,70.92,9,5412,329.36,3,15.54,8,5467,444.55,3,139.34,9,5480,285.61,3,177.59,8,
3041,5129,308.18,3,7.4,8,5230,514.63,3,203.3,8,5403,333.52,3,91.31,9,5412,342.98,3,43.39,8,5467,422.58,3,128.61,9,5480,281.65,3,182.62,8,
3042,5129,300.36,3,29.83,8,5230,527.56,3,216.31,8,5403,331.87,3,107.19,9,5412,358.42,3,72.71,8,5467,400.73,3,122.83,9,5480,277.01,3,188.85,8,
3043,5129,293.12,3,55.47,8,5193,183.29,3,295.61,9,5230,536.18,3,224.99,8,5403,330.58,3,118.55,9,5412,375.38,3,101.97,8,5467,379.38,3,122.69,9,5480,271.31,3,197.06,8,
3044,5129,289.51,3,80.74,8,5193,191.7,3,289.21,9,5230,540.75,3,229.92,8,5403,329.09,3,125.36,9,5412,394.88,3,131.62,8,5467,362.37,3,126.28,9,5480,265.1,3,206.86,8,
3045,5129,288.09,3,107.18,8,5193,199.99,3,283.22,9,5230,540.45,3,230.61,8,5403,326.08,3,133.83,9,5412,416.9,3,161.39,8,5467,348.85,3,129.2,9,5480,259.24,3,217.03,8,
3046,5129,289.09,3,133.35,8,5193,208.79,3,277.21,9,5230,538.78,3,230.49,8,5403,318.87,3,141.6,9,5412,439.5,3,189.21,8,5467,339.57,3,132.1,9,5480,253.64,3,227.94,8,
3047,5129,292.46,3,159.63,8,5193,217.96,3,271.33,9,5230,537.0,3,230.77,8,5403,308.56,3,148.97,9,5412,459.18,3,213.31,8,5467,334.78,3,134.54,9,5480,248.54,3,239.14,8,
3048,5129,297.92,3,185.12,8,5193,226.61,3,266.09,9,5230,535.07,3,231.71,8,5403,296.94,3,157.53,9,5412,476.74,3,234.57,8,5467,329.01,3,140.05,9,
3049,5129,305.57,3,211.06,8,5193,235.23,3,261.2,9,5230,533.35,3,233.41,8,5403,283.39,3,168.05,9,5467,322.62,3,148.6,9,5497,348.33,3,12.03,9,
3050,5129,315.24,3,237.15,8,5193,244.4,3,256.35,9,5230,532.29,3,235.11,8,5403,267.81,3,180.61,9,5467,317.55,3,159.49,9,5497,346.84,3,13.65,9,
3051,5193,253.55,3,251.85,9,5230,531.8,3,236.16,8,5403,250.19,3,193.21,9,5467,312.08,3,173.0,9,5497,344.08,3,16.66,9,
3052,5193,262.7,3,247.74,9,5230,531.09,3,237.81,8,5403,230.0,3,205.84,9,5467,305.07,3,188.31,9,5497,339.24,3,21.93,9,5501,564.07,3,220.66,9,
3053,5193,272.08,3,243.89,9,5230,530.33,3,240.19,8,5403,208.04,3,218.63,9,5467,298.16,3,205.55,9,5497,332.7,3,29.11,9,5501,563.07,3,220.14,9,
3054,5193,281.71,3,240.35,9,5230,529.54,3,243.41,8,5403,184.21,3,230.42,9,5467,292.83,3,225.08,9,5497,324.0,3,38.71,9,5501,560.86,3,219.05,9,
3055,5403,158.87,3,243.35,9,5467,289.81,3,247.33,9,5497,314.01,3,49.81,9,5501,557.88,3,217.68,9,
3056,5403,133.6,3,258.0,9,5467,289.59,3,270.06,9,5497,302.2,3,63.05,9,5501,554.21,3,216.14,9,
3057,5403,108.51,3,275.18,9,5467,291.95,3,293.45,9,5497,289.3,3,77.67,9,5501,549.39,3,214.4,9,
3058,5403,83.61,3,294.46,9,5497,274.69,3,94.48,9,5501,543.53,3,212.78,9,
3059,5490,157.42,3,298.37,9,5497,259.25,3,112.58,9,5501,536.87,3,211.66,9,
3060,5490,158.59,3,295.53,9,5497,243.37,3,131.67,9,5501,531.26,3,211.38,9,
3061,5490,159.57,3,293.24,9,5497,228.07,3,150.65,9,5501,527.88,3,211.53,9,
3062,5490,160.75,3,290.59,9,5497,212.86,3,170.36,9,5501,525.77,3,211.76,9,
3063,5490,161.6,3,288.7,9,5497,199.33,3,188.97,9,5501,521.92,3,210.33,9,
3064,5403,73.18,3,243.51,8,5490,162.82,3,286.08,9,5497,186.53,3,207.81,9,5501,516.68,3,205.03,9,
3065,5403,97.53,3,221.11,8,5490,164.21,3,283.21,9,5497,174.25,3,227.62,9,5501,509.84,3,197.16,9,
3066,5403,122.67,3,198.71,8,5490,165.61,3,280.37,9,5497,163.91,3,246.54,9,5501,501.47,3,187.49,9,
3067,5403,147.71,3,177.21,8,5490,166.66,3,278.31,9,5497,155.02,3,265.88,9,5501,489.67,3,175.98,9,
3068,5403,172.75,3,156.84,8,5490,167.76,3,276.19,9,5497,148.24,3,284.91,9,5501,475.89,3,162.75,9,
3069,5403,197.51,3,138.36,8,5458,532.4,3,248.27,8,5490,168.86,3,274.09,9,5501,460.38,3,150.63,9,
3070,5403,222.83,3,121.93,8,5458,532.9,3,245.7,8,5490,170.11,3,271.78,9,5501,443.02,3,138.29,9,
3071,5403,248.73,3,108.92,8,5458,533.18,3,244.58,8,5490,171.62,3,269.05,9,5501,424.09,3,129.17,9,
3072,5403,273.86,3,100.42,8,5458,535.28,3,244.67,8,5490,172.84,3,266.88,9,5501,403.54,3,123.26,9,
3073,5403,298.9,3,97.52,8,5458,541.35,3,249.7,8,5490,174.14,3,264.61,9,5501,381.69,3,122.42,9,
3074,5403,324.81,3,99.93,8,5490,175.56,3,262.18,9,5495,554.85,3,241.8,8,5501,359.75,3,126.72,9,
3075,5403,350.44,3,106.32,8,5490,176.96,3,259.82,9,5495,542.91,3,230.56,8,5501,336.91,3,133.05,9,
3076,5403,375.74,3,117.91,8,5490,178.3,3,257.6,9,5495,529.94,3,218.51,8,5501,315.57,3,144.25,9,
3077,5403,401.15,3,133.18,8,5490,180.04,3,254.77,9,5495,517.39,3,207.07,8,5501,295.03,3,159.02,9,
3078,5403,426.22,3,150.75,8,5490,181.84,3,251.89,9,5495,504.2,3,195.31,8,5501,274.7,3,174.93,9,
3079,5403,451.36,3,170.31,8,5490,183.03,3,250.03,9,5495,491.06,3,183.93,8,5501,253.68,3,190.86,9,
3080,5403,475.74,3,190.78,8,5490,185.0,3,246.98,9,5495,478.06,3,173.09,8,5501,230.86,3,205.32,9,
3081,5403,495.89,3,208.44,8,5490,186.61,3,244.52,9,5495,465.11,3,162.8,8,5501,207.88,3,218.71,9,
3082,5403,511.83,3,222.71,8,5490,188.49,3,241.68,9,5495,453.05,3,153.8,8,5501,183.94,3,230.55,9,
3083,5403,523.41,3,233.23,8,5490,189.82,3,239.73,9,5495,440.14,3,144.9,8,5501,159.76,3,242.89,9,
3084,5403,529.51,3,237.88,8,5490,191.29,3,237.55,9,5495,428.29,3,137.59,8,5501,136.15,3,256.38,9,
3085,5403,533.76,3,239.75,8,5490,192.63,3,235.62,9,5495,416.03,3,130.98,8,5501,112.39,3,272.42,9,5512,371.05,3,249.98,8,
3086,5403,535.27,3,238.63,8,5490,194.33,3,233.18,9,5495,405.01,3,125.68,8,5501,88.06,3,290.89,9,5549,292.18,3,169.8,8,
3087,5403,536.32,3,236.84,8,5490,196.03,3,230.77,9,5495,397.23,3,122.58,8,5549,291.29,3,170.8,8,
3088,5403,537.87,3,235.17,8,5490,197.35,3,228.92,9,5495,392.46,3,120.96,8,5549,289.35,3,173.07,8,
3089,5403,539.66,3,234.12,8,5490,198.9,3,226.77,9,5495,388.54,3,120.96,8,5549,286.2,3,176.86,8,
3090,5403,541.81,3,233.69,8,5490,200.3,3,224.84,9,5495,391.61,3,126.98,8,5549,281.68,3,182.58,8,
3091,5351,477.32,3,243.26,8,5403,543.33,3,233.76,8,5490,202.18,3,222.29,9,5495,397.77,3,135.71,8,5549,276.16,3,190.03,8,5556,458.47,3,202.42,9,
3092,5351,454.5,3,215.57,8,5403,544.33,3,233.58,8,5490,204.1,3,219.69,9,5495,405.03,3,145.81,8,5549,269.61,3,199.66,8,5556,458.49,3,200.7,9,
3093,5351,431.55,3,189.1,8,5403,540.92,3,229.38,8,5490,205.99,3,217.18,9,5495,414.22,3,158.04,8,5501,83.45,3,233.98,8,5549,263.47,3,209.59,8,5556,458.56,3,197.79,9,
3094,5351,412.46,3,167.08,8,5403,534.15,3,222.47,8,5490,208.23,3,214.23,9,5495,425.99,3,172.66,8,5501,107.05,3,212.55,8,5549,257.88,3,219.58,8,5556,458.74,3,193.08,9,
3095,5351,397.34,3,149.17,8,5403,525.55,3,213.81,8,5490,209.8,3,212.18,9,5495,439.91,3,189.7,8,5501,130.42,3,191.96,8,5549,252.84,3,229.57,8,5556,459.1,3,187.48,9,5558,474.96,3,245.0,8,
3096,5351,386.66,3,135.3,8,5403,514.57,3,202.75,8,5490,211.99,3,209.36,9,5495,455.11,3,208.33,8,5501,153.99,3,171.98,8,5549,248.21,3,239.92,8,5556,459.75,3,180.51,9,5558,466.67,3,235.12,8,
3097,4583,476.75,3,242.58,8,5351,379.56,3,125.9,8,5372,468.0,3,234.36,8,5403,501.88,3,189.97,8,5490,213.94,3,206.87,9,5495,472.12,3,229.01,8,5501,178.2,3,152.6,8,5549,244.26,3,249.97,8,5556,460.88,3,172.29,9,5558,456.76,3,223.2,8,
3098,4583,455.31,3,216.57,8,5351,376.6,3,119.12,8,5372,449.26,3,211.62,8,5403,487.89,3,175.87,8,5490,216.05,3,204.2,9,5495,485.61,3,247.33,8,5501,202.14,3,135.15,8,5556,462.17,3,165.52,9,5558,445.08,3,209.25,8,
3099,4583,432.69,3,190.4,8,5351,381.26,3,116.05,8,5372,429.51,3,189.24,8,5403,471.69,3,159.53,8,5490,217.61,3,202.23,9,5501,226.04,3,120.07,8,5556,463.07,3,161.69,9,5558,430.99,3,193.4,8,
3100,4583,410.91,3,165.28,8,5200,468.67,3,232.84,8,5351,388.98,3,117.34,8,5372,409.69,3,166.55,8,5403,454.2,3,141.87,8,5451,534.76,3,241.13,8,5490,219.2,3,200.25,9,5501,249.8,3,108.49,8,5556,463.73,3,157.28,9,5558,422.04,3,180.71,8,
3101,4583,389.54,3,139.05,8,5200,442.98,3,202.15,8,5351,397.08,3,120.09,8,5372,390.54,3,143.52,8,5403,434.25,3,121.74,8,5451,504.61,3,213.35,8,5490,221.54,3,197.36,9,5501,273.25,3,100.56,8,5556,460.26,3,151.22,9,5558,415.05,3,172.71,8,
3102,4583,370.59,3,113.57,8,5200,416.69,3,171.98,8,5351,406.78,3,124.26,8,5372,372.97,3,120.61,8,5403,414.14,3,101.42,8,5451,475.29,3,186.95,8,5490,223.52,3,194.93,9,5501,297.54,3,97.52,8,5556,453.61,3,145.69,9,5558,406.61,3,162.99,8,
3103,4583,354.78,3,87.58,8,5200,392.43,3,142.82,8,5351,417.95,3,129.97,8,5372,357.63,3,96.88,8,5403,394.37,3,81.09,8,5451,446.13,3,161.68,8,5490,225.94,3,192.01,9,5501,321.2,3,99.42,8,5556,444.24,3,139.13,9,5558,398.67,3,150.86,8,
3104,4583,340.26,3,61.59,8,5200,371.01,3,114.21,8,5351,428.77,3,136.08,8,5372,344.23,3,73.97,8,5403,375.23,3,61.07,8,5451,416.79,3,138.01,8,5490,228.09,3,189.43,9,5501,345.18,3,104.53,8,5556,433.78,3,133.14,9,5558,387.75,3,136.72,8,
3105,4583,326.9,3,35.11,8,5200,354.11,3,86.42,8,5351,440.79,3,143.78,8,5372,331.46,3,50.32,8,5403,355.82,3,40.77,8,5451,387.46,3,117.03,8,5490,230.46,3,186.6,9,5501,368.33,3,114.06,8,5556,422.28,3,128.5,9,5558,380.4,3,127.05,8,
3106,4583,315.84,3,10.15,8,5200,341.05,3,63.06,8,5320,293.58,3,280.75,9,5351,452.79,3,152.26,8,5372,320.29,3,27.65,8,5403,337.21,3,21.67,8,5451,357.54,3,99.67,8,5490,232.35,3,184.38,9,5501,391.56,3,127.14,8,5556,408.53,3,124.26,9,5558,378.9,3,122.37,8,
3107,4583,307.09,3,16.3,8,5200,330.59,3,42.73,8,5320,292.76,3,254.07,9,5351,463.99,3,160.77,8,5372,310.91,3,7.9,8,5451,327.46,3,88.83,8,5490,234.21,3,182.19,9,5501,414.99,3,142.6,8,5556,393.56,3,122.07,9,5558,381.69,3,122.06,8,
3108,4583,300.34,3,42.44,8,5200,323.12,3,26.96,8,5320,295.5,3,228.02,9,5351,475.55,3,170.04,8,5372,303.21,3,19.84,8,5451,297.55,3,85.9,8,5490,236.03,3,180.08,9,5501,438.83,3,160.36,8,5556,377.24,3,122.99,9,5558,386.32,3,126.07,8,
3109,4583,294.15,3,68.15,8,5200,318.13,3,15.79,8,5265,294.8,3,291.43,9,5320,301.49,3,205.88,9,5351,487.14,3,179.74,8,5372,297.26,3,42.62,8,5451,267.27,3,92.85,8,5490,237.66,3,178.19,9,5501,463.02,3,179.91,8,5556,361.4,3,126.43,9,5558,390.9,3,132.51,8,
3110,4583,291.68,3,93.92,8,5200,317.81,3,9.31,8,5265,292.63,3,261.94,9,5320,308.8,3,187.79,9,5351,498.71,3,189.75,8,5372,291.34,3,66.04,8,5451,238.13,3,106.54,8,5490,239.86,3,175.67,9,5501,486.4,3,200.07,8,5556,348.62,3,129.26,9,5558,396.49,3,140.25,8,
3111,4583,291.5,3,120.09,8,5200,323.96,3,8.85,8,5254,293.02,3,274.06,9,5265,294.12,3,235.34,9,5320,315.11,3,174.04,9,5351,511.02,3,200.7,8,5372,288.8,3,88.99,8,5451,207.92,3,125.71,8,5490,242.23,3,172.97,9,5501,510.02,3,221.08,8,5556,340.1,3,131.91,9,5558,403.92,3,150.39,8,
3112,4583,293.68,3,146.56,8,5200,333.4,3,17.92,8,5254,293.06,3,246.82,9,5265,299.41,3,212.36,9,5320,319.15,3,164.17,9,5351,523.37,3,211.94,8,5372,288.1,3,112.34,8,5451,178.41,3,148.24,8,5490,244.38,3,170.54,9,5501,534.25,3,243.15,8,5556,335.43,3,134.06,9,5558,413.15,3,162.14,8,
3113,4583,298.23,3,173.07,8,5200,345.52,3,30.56,8,5254,296.51,3,223.61,9,5265,306.04,3,194.26,9,5320,321.39,3,158.39,9,5351,535.04,3,222.75,8,5372,289.31,3,135.84,8,5451,149.28,3,172.6,8,5490,246.02,3,168.7,9,5497,532.21,3,249.59,8,5556,330.21,3,138.71,9,5558,424.43,3,175.94,8,
3114,4583,305.04,3,199.64,8,5200,359.45,3,45.21,8,5254,301.86,3,204.89,9,5265,312.04,3,180.6,9,5320,323.48,3,153.06,9,5351,547.6,3,234.56,8,5372,292.45,3,159.56,8,5451,120.12,3,198.44,8,5490,248.49,3,165.96,9,5497,532.73,3,246.5,8,5556,324.78,3,145.5,9,5558,437.17,3,191.34,8,
3115,4583,313.8,3,225.77,8,5200,375.08,3,61.64,8,5254,307.48,3,190.84,9,5265,318.22,3,172.56,9,5320,324.26,3,150.95,9,5340,293.46,3,279.4,9,5351,557.27,3,243.74,8,5372,297.29,3,182.6,8,5451,91.53,3,224.91,8,5490,250.63,3,163.6,9,5497,533.12,3,244.81,8,5556,319.3,3,155.03,9,5558,451.43,3,208.64,8,
3116,5200,392.55,3,79.96,8,5254,312.0,3,180.68,9,5265,327.44,3,171.12,9,5320,325.55,3,147.34,9,5340,292.77,3,253.57,9,5351,562.82,3,249.05,8,5372,303.95,3,206.1,8,5490,252.44,3,161.63,9,5497,535.01,3,244.54,8,5556,314.53,3,167.27,9,5558,468.98,3,227.49,8,
3117,5200,411.66,3,99.62,8,5254,317.66,3,172.8,9,5265,338.65,3,171.15,9,5320,327.39,3,142.09,9,5340,294.93,3,230.72,9,5372,312.36,3,229.88,8,5447,471.23,3,235.94,8,5490,254.41,3,159.47,9,5497,540.08,3,248.55,8,5556,308.39,3,180.9,9,5558,486.01,3,247.8,8,
3118,5200,432.59,3,120.7,8,5254,326.53,3,171.15,9,5265,351.93,3,172.13,9,5320,329.81,3,135.01,9,5340,299.7,3,211.36,9,5447,449.14,3,209.14,8,5490,256.12,3,157.63,9,5556,301.76,3,196.24,9,
3119,5200,455.44,3,143.73,8,5254,337.26,3,171.1,9,5265,366.88,3,174.46,9,5320,332.27,3,125.69,9,5340,305.69,3,195.11,9,5447,425.56,3,182.21,8,5490,258.12,3,155.49,9,5556,295.57,3,214.18,9,
3120,5200,480.35,3,168.81,8,5254,349.9,3,171.91,9,5265,381.5,3,177.94,9,5320,334.55,3,114.41,9,5340,310.88,3,183.14,9,5447,403.27,3,156.39,8,5490,259.99,3,153.49,9,5556,290.93,3,234.86,9,
3121,5200,500.81,3,189.4,8,5254,364.1,3,173.93,9,5265,396.52,3,182.67,9,5320,335.62,3,100.86,9,5340,315.13,3,174.82,9,5447,382.68,3,130.06,8,5451,93.09,3,292.01,9,5490,261.61,3,151.77,9,5556,289.46,3,257.74,9,
3122,5200,516.8,3,205.49,8,5254,377.67,3,176.92,9,5265,411.49,3,188.47,9,5320,337.49,3,85.44,9,5340,323.52,3,171.34,9,5451,122.8,3,270.18,9,5490,263.94,3,149.32,9,5556,290.68,3,283.23,9,
3123,5200,528.34,3,217.09,8,5254,391.45,3,180.95,9,5265,426.29,3,195.17,9,5320,340.36,3,68.43,9,5340,331.67,3,171.04,9,5451,151.96,3,251.73,9,5490,266.18,3,146.99,9,
3124,5200,536.08,3,224.88,8,5254,405.23,3,185.92,9,5265,440.39,3,202.36,9,5320,344.73,3,48.94,9,5340,341.37,3,171.27,9,5451,182.34,3,236.64,9,5490,267.87,3,145.25,9,
3125,5200,541.04,3,230.33,8,5254,418.55,3,191.55,9,5320,349.63,3,31.59,9,5340,352.66,3,172.22,9,5451,211.7,3,222.2,9,5490,270.12,3,142.94,9,
3126,5200,540.14,3,230.56,8,5254,431.77,3,197.88,9,5320,353.91,3,18.41,9,5340,365.35,3,174.16,9,5451,240.59,3,205.28,9,5490,272.24,3,140.79,9,
3127,5200,538.5,3,230.5,8,5254,441.3,3,202.85,9,5320,357.47,3,8.4,9,5340,378.32,3,177.08,9,5451,265.63,3,189.21,9,5490,274.69,3,138.32,9,
3128,5200,536.77,3,230.83,8,5254,446.77,3,205.85,9,5320,360.91,3,4.69,9,5340,390.64,3,180.68,9,5451,285.57,3,175.21,9,5490,277.23,3,135.77,9,
3129,5200,534.95,3,231.8,8,5254,453.54,3,209.34,9,5320,366.11,3,8.95,9,5340,403.77,3,185.35,9,5401,294.96,3,292.62,9,5451,300.61,3,163.32,9,5490,279.66,3,133.38,9,
3130,5200,533.32,3,233.44,8,5254,458.16,3,207.74,9,5320,372.62,3,15.96,9,5340,416.86,3,190.8,9,5401,292.71,3,269.23,9,5451,311.59,3,154.52,9,5490,281.38,3,131.71,9,5517,329.45,3,242.88,8,
3131,5200,532.4,3,234.91,8,5254,458.47,3,202.62,9,5320,380.88,3,24.86,9,5340,429.41,3,196.7,9,5401,293.09,3,246.48,9,5451,318.29,3,148.09,9,5490,283.66,3,129.49,9,5517,319.81,3,216.68,8,
3132,5200,531.88,3,235.97,8,5254,458.63,3,195.55,9,5320,391.05,3,35.81,9,5340,442.01,3,203.23,9,5401,296.47,3,223.78,9,5451,321.88,3,143.86,9,5490,286.16,3,127.1,9,5517,312.09,3,190.5,8,
3133,5200,532.35,3,238.43,8,5254,459.1,3,187.43,9,5320,402.92,3,48.53,9,5401,302.85,3,202.28,9,5451,326.68,3,137.49,9,5490,288.6,3,124.78,9,5517,306.45,3,164.51,8,
3134,5200,536.98,3,245.17,8,5225,479.45,3,245.81,8,5254,460.02,3,178.23,9,5320,416.52,3,63.06,9,5401,310.05,3,184.98,9,5451,331.62,3,128.87,9,5490,291.2,3,122.35,9,5517,302.91,3,138.21,8,
3135,5225,462.42,3,225.27,8,5254,461.42,3,169.22,9,5320,432.15,3,79.68,9,5401,316.19,3,171.61,9,5451,334.04,3,117.61,9,5490,293.65,3,120.09,9,5517,301.65,3,112.41,8,
3136,5225,443.16,3,202.35,8,5254,463.14,3,161.42,9,5320,449.66,3,98.2,9,5401,319.96,3,162.08,9,5451,335.3,3,104.23,9,5490,295.65,3,118.26,9,5517,302.64,3,85.87,8,
3137,5225,421.86,3,177.96,8,5320,468.54,3,118.08,9,5401,322.16,3,156.45,9,5451,337.07,3,88.43,9,5490,297.85,3,116.28,9,5517,305.91,3,59.61,8,
3138,5225,401.31,3,154.1,8,5320,489.87,3,140.45,9,5401,323.24,3,151.79,9,5451,339.96,3,70.53,9,5490,300.41,3,114.01,9,5517,313.19,3,35.24,8,
3139,5225,381.84,3,128.96,8,5320,512.85,3,164.44,9,5401,321.73,3,146.33,9,5451,344.16,3,51.16,9,5490,302.17,3,112.46,9,5517,321.59,3,12.61,8,
3140,5225,364.58,3,103.94,8,5320,537.78,3,190.36,9,5401,317.57,3,144.44,9,5451,350.33,3,29.33,9,5490,304.22,3,110.69,9,5517,331.77,3,20.31,8,
3141,5225,350.23,3,79.69,8,5320,563.21,3,216.71,9,5385,482.16,3,249.06,8,5401,312.85,3,146.02,9,5451,358.3,3,6.29,9,5490,306.83,3,108.47,9,5517,343.74,3,44.89,8,5531,328.23,3,239.81,8,
3142,5225,336.77,3,54.95,8,5320,586.98,3,241.17,9,5385,469.19,3,233.48,8,5401,307.25,3,149.89,9,5451,368.53,3,18.64,9,5490,309.36,3,106.35,9,5517,357.48,3,71.01,8,5531,319.29,3,215.1,8,
3143,5225,324.31,3,29.55,8,5320,606.47,3,261.12,9,5385,454.6,3,215.69,8,5401,300.49,3,154.83,9,5451,377.99,3,38.51,9,5490,311.59,3,104.52,9,5517,372.25,3,96.74,8,5531,311.98,3,190.07,8,
3144,5225,314.21,3,6.23,8,5320,621.59,3,276.59,9,5385,437.17,3,195.53,8,5401,292.1,3,161.35,9,5451,386.6,3,55.33,9,5490,313.32,3,103.11,9,5517,388.24,3,122.04,8,5531,306.52,3,164.95,8,
3145,5225,306.1,3,19.6,8,5320,632.32,3,287.55,9,5385,418.58,3,174.16,8,5401,282.09,3,169.06,9,5451,393.24,3,67.65,9,5490,315.23,3,101.6,9,5517,406.33,3,147.6,8,5531,303.13,3,140.58,8,
3146,5225,299.97,3,44.17,8,5320,638.67,3,294.0,9,5385,398.42,3,150.54,8,5401,270.07,3,178.76,9,5451,399.56,3,74.64,9,5490,317.78,3,99.59,9,5517,426.45,3,173.24,8,5531,301.69,3,116.27,8,
3147,5225,294.01,3,69.2,8,5385,379.0,3,125.2,8,5401,255.87,3,189.21,9,5451,402.8,3,76.18,9,5490,319.75,3,98.09,9,5517,447.83,3,199.37,8,5531,302.27,3,90.92,8,
3148,5225,291.66,3,94.32,8,5385,361.2,3,98.39,8,5401,239.27,3,200.16,9,5451,404.47,3,76.76,9,5490,321.87,3,96.52,9,5517,469.03,3,225.28,8,5531,304.86,3,66.33,8,
3149,5225,291.44,3,118.64,8,5385,346.47,3,72.99,8,5401,219.92,3,211.95,9,5451,406.36,3,77.42,9,5490,323.65,3,95.21,9,5531,311.02,3,42.89,8,
3150,5225,293.28,3,143.22,8,5385,334.88,3,51.27,8,5401,198.57,3,223.51,9,5451,408.96,3,78.41,9,5490,325.98,3,93.53,9,5531,318.66,3,19.05,8,
3151,5225,297.14,3,167.81,8,5385,326.42,3,34.08,8,5401,175.01,3,235.01,9,5451,411.73,3,79.56,9,5490,328.56,3,91.73,9,5531,327.84,3,12.86,8,
3152,5225,302.97,3,192.42,8,5385,320.59,3,21.37,8,5401,151.84,3,247.11,9,5451,413.8,3,80.47,9,5490,331.14,3,90.0,9,5531,338.47,3,34.21,8,
3153,5225,310.76,3,217.35,8,5385,317.38,3,12.65,8,5401,128.19,3,261.57,9,5451,415.61,3,81.33,9,5490,333.21,3,88.65,9,5531,350.9,3,58.8,8,
3154,5225,320.46,3,242.67,8,5385,318.44,3,8.38,8,5401,104.72,3,277.92,9,5451,417.91,3,82.45,9,5490,335.17,3,87.42,9,5531,364.33,3,83.21,8,5549,240.86,3,249.39,8,
3155,5385,323.69,3,8.66,8,5401,81.22,3,296.39,9,5451,420.36,3,83.72,9,5490,337.74,3,85.85,9,5531,379.01,3,107.9,8,5549,245.11,3,238.58,8,
3156,5385,331.56,3,16.03,8,5451,422.51,3,84.88,9,5490,340.6,3,84.2,9,5531,395.21,3,132.09,8,5549,249.91,3,227.89,8,
3157,5385,340.97,3,25.79,8,5451,424.93,3,86.24,9,5490,342.82,3,82.97,9,5531,413.14,3,156.69,8,5549,255.25,3,217.36,8,
3158,5385,352.78,3,38.2,8,5451,427.49,3,87.74,9,5490,345.62,3,81.5,9,5531,433.5,3,181.9,8,5549,260.73,3,207.62,8,
3159,5385,366.45,3,52.58,8,5451,429.94,3,89.23,9,5490,347.49,3,80.57,9,5531,454.23,3,207.25,8,5549,266.49,3,198.29,8,
3160,5385,381.68,3,68.57,8,5451,432.26,3,90.69,9,5490,349.64,3,79.56,9,5531,474.23,3,231.55,8,5549,273.03,3,188.63,8,
3161,5385,399.08,3,86.78,8,5451,434.85,3,92.37,9,5490,351.52,3,78.73,9,5549,279.64,3,179.68,8,5656,564.07,3,220.66,9,
3162,5385,418.98,3,107.0,8,5401,86.94,3,230.77,8,5409,293.23,3,276.83,9,5451,437.33,3,94.03,9,5490,354.26,3,77.6,9,5549,286.95,3,170.64,8,5656,563.33,3,220.28,9,
3163,5385,441.35,3,129.53,8,5401,110.01,3,209.9,8,5409,293.04,3,247.3,9,5451,439.06,3,95.21,9,5490,356.94,3,76.59,9,5656,561.77,3,219.49,9,
3164,5385,464.72,3,153.07,8,5401,133.39,3,189.39,8,5409,297.13,3,221.07,9,5451,441.3,3,96.77,9,5490,359.08,3,75.86,9,5492,578.93,3,280.17,9,5656,559.04,3,218.2,9,
3165,5385,488.39,3,176.9,8,5401,156.48,3,169.93,8,5409,303.79,3,199.85,9,5451,443.37,3,98.24,9,5490,361.06,3,75.24,9,5492,557.61,3,254.6,9,5656,555.26,3,216.56,9,
3166,5320,646.56,3,299.01,9,5385,507.65,3,196.28,8,5401,180.41,3,150.91,8,5409,310.92,3,183.04,9,5451,445.9,3,100.07,9,5464,462.08,3,227.23,8,5490,363.14,3,74.64,9,5492,536.22,3,228.5,9,5656,550.44,3,214.75,9,
3167,5385,522.61,3,211.33,8,5401,203.82,3,134.0,8,5409,316.68,3,170.45,9,5451,447.66,3,101.37,9,5464,439.44,3,200.51,8,5490,365.78,3,74.0,9,5492,514.39,3,202.39,9,5656,544.89,3,213.11,9,
3168,5385,533.51,3,222.3,8,5401,227.3,3,119.35,8,5409,320.1,3,161.71,9,5451,450.18,3,103.25,9,5464,416.65,3,174.55,8,5490,367.59,3,73.61,9,5492,490.65,3,176.93,9,5656,538.44,3,211.85,9,
3169,5385,539.69,3,228.64,8,5401,250.72,3,108.12,8,5409,322.06,3,156.72,9,5451,452.39,3,104.94,9,5464,394.44,3,148.51,8,5490,369.93,3,73.19,9,5492,464.92,3,154.02,9,5656,532.42,3,211.38,9,
3170,5385,540.89,3,230.69,8,5401,273.95,3,100.4,8,5409,325.18,3,150.32,9,5451,454.98,3,106.94,9,5464,373.89,3,121.83,8,5490,372.08,3,72.88,9,5492,439.67,3,136.04,9,5656,528.37,3,211.5,9,
3171,5385,539.28,3,230.49,8,5401,297.18,3,97.52,8,5409,330.12,3,143.29,9,5451,457.26,3,108.73,9,5464,356.63,3,95.23,8,5490,374.11,3,72.65,9,5492,415.09,3,126.09,9,5656,526.0,3,211.74,9,
3172,5385,537.4,3,230.66,8,5401,320.85,3,99.37,8,5409,337.68,3,136.31,9,5451,459.76,3,110.72,9,5464,341.19,3,68.51,8,5490,376.04,3,72.5,9,5492,390.76,3,121.9,9,5656,522.88,3,210.98,9,5658,556.06,3,244.5,8,
3173,5385,535.51,3,231.42,8,5401,344.18,3,104.22,8,5409,349.69,3,132.38,9,5451,461.9,3,112.44,9,5464,327.33,3,42.17,8,5490,378.67,3,72.39,9,5492,371.43,3,124.05,9,5656,518.12,3,206.67,9,5658,536.85,3,225.19,8,
3174,5225,321.28,3,229.32,8,5385,533.69,3,232.99,8,5401,367.71,3,113.75,8,5409,363.21,3,129.49,9,5451,463.88,3,114.06,9,5464,315.04,3,16.43,8,5490,381.51,3,72.39,9,5492,356.0,3,127.46,9,5656,514.56,3,202.59,9,5658,517.76,3,205.97,8,5675,321.69,3,157.63,9,
3175,5225,313.07,3,204.91,8,5385,532.59,3,234.55,8,5401,391.1,3,126.87,8,5409,377.73,3,126.31,9,5451,466.52,3,116.23,9,5464,305.44,3,13.26,8,5490,383.93,3,72.51,9,5492,344.23,3,130.55,9,5656,509.76,3,197.07,9,5658,498.95,3,187.01,8,5675,322.22,3,156.31,9,
3176,5225,306.33,3,179.42,8,5385,531.95,3,235.8,8,5401,415.04,3,142.63,8,5409,394.1,3,125.22,9,5451,468.78,3,118.11,9,5464,297.91,3,39.7,8,5490,386.73,3,72.74,9,5492,336.59,3,133.23,9,5656,503.38,3,189.69,9,5658,479.19,3,167.09,8,5675,322.88,3,154.67,9,
3177,5225,301.61,3,153.94,8,5385,531.16,3,237.63,8,5401,438.86,3,160.38,8,5409,412.55,3,128.16,9,5451,471.13,3,120.08,9,5464,291.2,3,66.96,8,5490,389.35,3,72.96,9,5492,328.92,3,140.16,9,5656,494.55,3,180.7,9,5658,459.93,3,147.66,8,5675,322.88,3,154.67,9,
3178,5225,298.99,3,128.43,8,5385,530.34,3,240.17,8,5401,462.83,3,179.75,8,5409,432.68,3,135.17,9,5451,472.81,3,121.5,9,5464,288.5,3,93.84,8,5490,391.86,3,71.21,9,5492,321.41,3,150.75,9,5656,484.11,3,170.62,9,5658,440.68,3,128.23,8,5675,323.03,3,153.56,9,
3179,5225,298.52,3,103.24,8,5385,529.55,3,243.41,8,5401,484.73,3,198.6,8,5409,454.85,3,148.73,9,5451,474.62,3,123.04,9,5464,288.34,3,121.44,8,5490,389.08,3,64.93,9,5492,315.43,3,165.01,9,5607,532.46,3,247.89,8,5656,471.43,3,158.97,9,5658,421.28,3,108.63,8,5675,323.12,3,152.84,9,
3180,5225,300.11,3,78.69,8,5385,528.87,3,247.8,8,5401,502.13,3,214.0,8,5409,477.2,3,165.97,9,5451,477.06,3,125.13,9,5464,290.66,3,147.88,8,5490,384.77,3,56.99,9,5492,308.62,3,180.41,9,5607,532.94,3,245.51,8,5656,455.93,3,147.36,9,5658,402.76,3,89.86,8,5675,323.44,3,150.15,9,
3181,5225,303.7,3,54.11,8,5401,515.05,3,225.63,8,5409,494.66,3,182.65,9,5451,479.54,3,127.28,9,5464,295.36,3,174.38,8,5490,379.26,3,46.47,9,5492,301.41,3,197.1,9,5607,533.6,3,244.17,8,5656,438.17,3,135.14,9,5658,384.18,3,70.44,8,5659,643.21,3,297.96,9,5675,321.62,3,146.14,9,
3182,5401,523.5,3,233.3,8,5409,507.03,3,195.91,9,5451,481.36,3,128.86,9,5464,302.39,3,201.11,8,5490,372.86,3,33.72,9,5492,295.62,3,213.95,9,5607,536.41,3,245.48,8,5656,419.39,3,127.48,9,5658,366.1,3,51.51,8,5659,619.25,3,273.43,9,5675,317.26,3,144.53,9,5686,460.04,3,220.74,9,
3183,5401,527.78,3,237.46,8,5409,514.98,3,205.03,9,5451,483.15,3,130.41,9,5464,311.55,3,227.76,8,5490,365.8,3,18.84,9,5492,292.44,3,226.84,9,5607,541.57,3,249.9,8,5642,532.2,3,249.61,8,5656,398.64,3,122.56,9,5658,352.36,3,37.17,8,5659,595.92,3,249.52,9,5675,312.26,3,146.42,9,5686,460.82,3,222.51,9,
3184,5401,529.95,3,240.64,8,5409,519.2,3,209.59,9,5451,485.54,3,132.46,9,5490,358.48,3,2.27,9,5492,288.16,3,234.04,9,5642,532.71,3,246.61,8,5656,379.11,3,122.73,9,5658,342.88,3,27.39,8,5659,572.7,3,225.66,9,5675,305.66,3,151.02,9,5686,462.44,3,226.19,9,
3185,5401,529.86,3,242.03,8,5409,525.32,3,214.29,9,5451,488.06,3,134.63,9,5490,351.2,3,17.44,9,5492,280.82,3,237.23,9,5642,533.05,3,245.1,8,5656,363.19,3,126.1,9,5658,336.31,3,20.78,8,5659,549.93,3,202.09,9,5675,297.67,3,156.97,9,5686,466.17,3,232.22,9,
3186,5401,529.41,3,244.04,8,5409,529.56,3,214.84,9,5451,489.84,3,136.18,9,5490,344.53,3,38.4,9,5492,271.47,3,240.66,9,5642,534.59,3,244.34,8,5656,349.5,3,129.02,9,5658,331.84,3,16.5,8,5659,527.14,3,178.39,9,5675,287.58,3,164.87,9,5686,472.62,3,240.79,9,
3187,5236,478.04,3,244.13,8,5401,529.03,3,246.37,8,5409,533.76,3,214.58,9,5451,492.04,3,138.1,9,5490,338.76,3,60.93,9,5492,262.67,3,244.26,9,5626,294.11,3,285.79,9,5642,539.77,3,248.28,8,5656,340.05,3,131.92,9,5658,329.62,3,15.7,8,5659,504.29,3,154.55,9,5675,275.65,3,174.16,9,5686,481.36,3,250.0,9,
3188,5236,454.44,3,215.51,8,5401,528.92,3,247.3,8,5409,539.29,3,214.82,9,5451,493.65,3,139.52,9,5490,334.82,3,82.13,9,5492,254.17,3,248.06,9,5626,292.64,3,260.35,9,5656,335.07,3,134.32,9,5658,331.76,3,20.28,8,5659,480.82,3,129.96,9,5675,261.61,3,184.99,9,5686,490.81,3,256.37,9,
3189,5236,429.86,3,187.15,8,5401,529.73,3,248.8,8,5409,545.7,3,215.83,9,5451,496.29,3,141.87,9,5490,332.54,3,99.85,9,5492,245.1,3,252.45,9,5626,294.18,3,234.91,9,5656,329.51,3,139.5,9,5658,335.22,3,27.46,8,5659,458.03,3,105.95,9,5675,245.19,3,196.33,9,5686,500.48,3,262.48,9,
3190,5236,406.21,3,159.81,8,5409,553.18,3,217.9,9,5451,498.42,3,143.76,9,5490,331.43,3,113.08,9,5492,236.42,3,256.98,9,5626,299.75,3,211.15,9,5656,323.32,3,147.57,9,5658,339.63,3,36.59,8,5659,434.8,3,81.35,9,5675,226.57,3,207.95,9,5686,509.65,3,268.47,9,
3191,5236,384.0,3,131.81,8,5401,532.17,3,249.85,8,5409,562.11,3,221.47,9,5451,501.02,3,146.09,9,5490,329.87,3,121.72,9,5492,228.16,3,261.6,9,5626,307.01,3,191.96,9,5656,318.12,3,158.01,9,5658,345.38,3,48.15,8,5659,412.83,3,57.92,9,5675,205.48,3,219.92,9,5686,519.24,3,274.93,9,
3192,5236,364.81,3,104.33,8,5401,532.39,3,248.33,8,5451,503.3,3,148.15,9,5490,328.9,3,126.29,9,5492,219.23,3,266.9,9,5626,313.76,3,176.97,9,5656,313.37,3,170.07,9,5658,352.2,3,61.26,8,5659,395.2,3,39.0,9,5675,181.96,3,231.52,9,5686,528.79,3,281.54,9,
3193,5236,348.25,3,76.17,8,5401,532.75,3,246.41,8,5451,505.88,3,150.5,9,5490,327.23,3,132.69,9,5492,210.34,3,272.52,9,5626,318.51,3,165.87,9,5656,307.16,3,183.59,9,5658,360.8,3,76.97,8,5659,381.85,3,24.58,9,5675,158.7,3,243.44,9,5686,538.99,3,288.78,9,
3194,5236,332.83,3,47.21,8,5451,508.25,3,152.66,9,5490,324.3,3,141.46,9,5492,201.4,3,278.5,9,5626,321.35,3,158.51,9,5656,300.76,3,198.76,9,5658,370.74,3,94.2,8,5659,372.65,3,14.63,9,5675,135.67,3,256.67,9,5686,548.27,3,295.53,9,
3195,5236,319.56,3,19.04,8,5451,509.99,3,154.25,9,5490,320.64,3,151.55,9,5492,193.54,3,284.06,9,5626,325.36,3,149.99,9,5656,295.11,3,215.86,9,5658,382.55,3,113.41,8,5659,367.62,3,9.19,9,5675,111.91,3,272.76,9,
3196,5236,309.18,3,9.91,8,5451,512.72,3,156.76,9,5490,316.12,3,163.2,9,5492,185.21,3,290.25,9,5626,332.18,3,140.94,9,5656,290.8,3,235.74,9,5658,396.45,3,133.85,8,5659,361.52,3,2.91,9,5675,89.0,3,290.14,9,
3197,5236,301.31,3,38.07,8,5451,514.73,3,158.63,9,5490,310.44,3,176.51,9,5492,176.53,3,296.88,9,5626,343.38,3,134.26,9,5656,289.48,3,256.69,9,5658,412.71,3,156.13,8,5659,356.57,3,3.89,9,
3198,5236,294.5,3,65.83,8,5451,517.06,3,160.78,9,5490,303.86,3,191.16,9,5561,295.29,3,295.14,9,5626,358.19,3,130.39,9,5656,290.16,3,277.79,9,5658,432.01,3,180.07,8,5659,353.85,3,10.01,9,
3199,5236,291.66,3,94.18,8,5451,519.81,3,163.35,9,5490,297.38,3,207.71,9,5561,293.2,3,276.44,9,5626,374.55,3,126.86,9,5656,292.79,3,299.79,9,5658,451.81,3,204.27,8,5659,351.13,3,17.65,9,
3200,5236,291.58,3,122.23,8,5451,521.8,3,165.21,9,5490,292.46,3,226.73,9,5561,292.63,3,261.74,9,5626,392.36,3,125.12,9,5658,471.87,3,228.71,8,5659,347.75,3,27.85,9,5704,141.85,3,297.47,9,
3201,5236,294.28,3,151.01,8,5451,524.42,3,167.68,9,5490,289.8,3,247.73,9,5561,292.85,3,251.51,9,5626,413.27,3,128.35,9,5659,344.04,3,40.12,9,5690,589.78,3,292.96,9,5704,145.64,3,283.49,9,
3202,5236,299.54,3,178.95,8,5451,526.77,3,169.89,9,5490,289.64,3,271.03,9,5561,293.16,3,245.19,9,5626,436.61,3,136.88,9,5659,340.36,3,53.88,9,5690,580.82,3,282.41,9,5704,151.66,3,267.0,9,
3203,5236,307.47,3,207.52,8,5451,529.29,3,172.27,9,5490,292.37,3,296.73,9,5561,291.17,3,242.86,9,5626,462.9,3,154.55,9,5659,336.94,3,69.92,9,5675,81.82,3,235.48,8,5690,570.46,3,270.05,9,5704,160.43,3,248.0,9,
3204,5236,317.85,3,236.26,8,5451,531.66,3,174.53,9,5561,289.94,3,245.14,9,5626,487.99,3,176.25,9,5659,333.94,3,88.18,9,5675,104.72,3,214.62,8,5690,558.43,3,255.59,9,5704,172.14,3,226.86,9,
3205,5451,533.45,3,176.23,9,5561,289.69,3,250.06,9,5626,512.13,3,201.76,9,5659,332.05,3,104.93,9,5675,127.64,3,194.37,8,5690,544.74,3,238.95,9,5704,186.42,3,204.39,9,
3206,5451,536.0,3,178.66,9,5561,289.49,3,256.4,9,5626,533.39,3,227.03,9,5659,330.9,3,117.17,9,5675,151.35,3,174.17,8,5690,530.07,3,220.9,9,5704,203.23,3,180.49,9,
3207,5451,537.8,3,180.38,9,5561,289.44,3,264.67,9,5626,554.31,3,252.54,9,5659,329.19,3,124.88,9,5675,174.49,3,155.48,8,5690,513.0,3,200.8,9,5704,223.11,3,154.46,9,
3208,5451,539.51,3,182.02,9,5561,289.9,3,274.56,9,5626,575.84,3,278.32,9,5659,326.72,3,134.33,9,5675,198.52,3,137.66,8,5690,493.51,3,179.69,9,5704,244.39,3,128.25,9,
3209,5451,541.15,3,183.59,9,5561,291.09,3,286.8,9,5659,323.06,3,144.9,9,5675,222.01,3,122.41,8,5690,470.34,3,158.14,9,5704,266.38,3,102.25,9,
3210,5451,543.52,3,185.87,9,5659,318.6,3,156.78,9,5675,245.48,3,110.3,8,5690,447.28,3,141.22,9,5704,289.15,3,76.11,9,5726,513.57,3,201.46,9,
3211,5451,546.27,3,188.52,9,5659,313.43,3,169.94,9,5675,268.54,3,101.83,8,5690,424.47,3,129.32,9,5704,308.41,3,54.48,9,5726,511.34,3,198.88,9,
3212,5451,548.29,3,190.48,9,5659,306.82,3,184.34,9,5675,292.01,3,97.69,8,5690,402.16,3,123.04,9,5704,324.89,3,36.23,9,5726,507.94,3,194.97,9,
3213,5451,550.74,3,192.84,9,5659,299.84,3,201.12,9,5675,316.19,3,98.74,8,5690,381.29,3,122.46,9,5704,337.44,3,22.49,9,5726,502.76,3,188.98,9,
3214,5451,553.21,3,195.24,9,5659,294.02,3,220.12,9,5675,340.04,3,103.01,8,5690,364.54,3,125.72,9,5704,345.93,3,13.27,9,5726,495.47,3,181.59,9,
3215,5451,555.49,3,197.46,9,5659,290.21,3,241.29,9,5675,363.71,3,111.83,8,5690,351.35,3,128.54,9,5704,350.86,3,7.98,9,5726,486.27,3,172.71,9,
3216,5451,558.28,3,200.17,9,5659,289.44,3,265.15,9,5675,386.73,3,124.25,8,5690,341.19,3,131.54,9,5704,355.31,3,4.72,9,5726,475.71,3,162.57,9,
3217,5451,560.29,3,202.13,9,5659,291.31,3,288.63,9,5675,410.3,3,139.32,8,5690,335.28,3,134.17,9,5704,353.2,3,11.79,9,5726,462.78,3,152.42,9,
3218,5451,563.04,3,204.82,9,5492,122.22,3,239.82,8,5675,433.58,3,156.3,8,5690,329.04,3,140.02,9,5704,350.07,3,20.77,9,5726,448.01,3,141.73,9,5734,294.49,3,289.04,9,
3219,5451,565.36,3,207.09,9,5492,126.84,3,230.22,8,5675,457.27,3,175.12,8,5690,322.55,3,148.71,9,5704,346.59,3,31.53,9,5726,431.54,3,132.16,9,5734,294.32,3,287.65,9,
3220,5451,568.07,3,209.75,9,5492,132.2,3,220.27,8,5675,481.33,3,195.63,8,5690,316.99,3,160.93,9,5704,343.03,3,43.72,9,5726,414.08,3,125.79,9,5734,293.97,3,284.61,9,
3221,5451,570.28,3,211.92,9,5492,137.63,3,211.03,8,5675,504.35,3,215.99,8,5690,311.21,3,174.9,9,5704,339.32,3,58.4,9,5726,394.55,3,122.15,9,5734,293.54,3,280.26,9,
3222,5451,572.92,3,214.52,9,5492,143.64,3,201.5,8,5675,528.25,3,237.65,8,5690,304.3,3,190.12,9,5704,336.11,3,74.39,9,5726,374.93,3,123.37,9,5734,293.06,3,274.56,9,5744,308.68,3,148.88,9,
3223,5451,574.62,3,216.19,9,5492,150.35,3,191.49,8,5690,297.33,3,207.89,9,5704,333.47,3,91.71,9,5726,359.1,3,126.84,9,5734,292.66,3,266.45,9,5744,306.85,3,150.18,9,
3224,5451,576.51,3,218.05,9,5492,157.08,3,181.92,8,5690,292.21,3,227.88,9,5704,331.87,3,107.01,9,5726,346.94,3,129.74,9,5734,292.7,3,256.53,9,5744,303.15,3,152.86,9,
3225,5451,578.98,3,220.49,9,5492,164.46,3,171.88,8,5690,289.68,3,250.14,9,5704,330.65,3,118.25,9,5726,338.36,3,132.52,9,5734,292.93,3,249.35,9,5744,297.66,3,156.97,9,
3226,5451,581.18,3,222.66,9,5492,172.08,3,161.89,8,5690,289.79,3,273.22,9,5704,329.18,3,124.96,9,5726,334.36,3,134.85,9,5734,293.18,3,244.8,9,5744,290.39,3,162.73,9,5750,296.12,3,225.26,9,
3227,5451,582.95,3,224.41,9,5492,179.47,3,152.49,8,5690,292.39,3,296.87,9,5704,328.65,3,127.51,9,5726,329.41,3,139.61,9,5734,291.05,3,242.89,9,5744,281.44,3,169.55,9,5750,296.59,3,223.3,9,
3228,5451,585.29,3,226.72,9,5492,187.22,3,143.19,8,5704,327.49,3,131.77,9,5711,532.55,3,247.44,8,5726,324.24,3,146.25,9,5734,289.92,3,245.47,9,5744,270.76,3,178.18,9,5750,297.37,3,220.08,9,
3229,5451,588.04,3,229.44,9,5492,195.83,3,133.03,8,5704,325.46,3,138.01,9,5711,532.98,3,245.35,8,5726,319.18,3,155.34,9,5734,289.67,3,250.36,9,5744,257.95,3,187.67,9,5750,298.59,3,215.38,9,
3230,5451,590.65,3,232.03,9,5490,243.47,3,242.58,8,5492,204.73,3,122.71,8,5704,322.46,3,146.61,9,5711,534.34,3,244.23,8,5726,314.86,3,166.47,9,5734,289.48,3,257.05,9,5744,243.43,3,197.46,9,5750,300.41,3,208.86,9,
3231,5451,592.52,3,233.89,9,5490,249.25,3,229.29,8,5492,213.14,3,113.09,8,5704,318.62,3,156.75,9,5711,541.17,3,249.53,8,5726,309.32,3,178.9,9,5734,289.45,3,266.1,9,5744,227.22,3,207.55,9,5750,303.44,3,200.73,9,
3232,5279,464.58,3,232.61,8,5335,460.93,3,223.44,8,5451,594.25,3,235.61,9,5490,255.53,3,216.83,8,5492,221.84,3,103.26,8,5704,313.9,3,168.85,9,5726,302.9,3,193.43,9,5734,290.07,3,276.74,9,5744,209.17,3,218.06,9,5750,307.63,3,190.48,9,
3233,5279,441.27,3,204.97,8,5335,436.54,3,194.8,8,5451,596.87,3,238.21,9,5490,262.92,3,203.97,8,5492,230.56,3,93.51,8,5704,307.63,3,182.56,9,5726,296.85,3,209.56,9,5734,291.43,3,289.51,9,5744,189.36,3,227.9,9,5750,311.61,3,181.55,9,
3234,5279,417.34,3,177.95,8,5335,411.16,3,165.58,8,5451,599.62,3,240.95,9,5490,270.7,3,191.97,8,5492,239.15,3,84.0,8,5704,301.24,3,197.54,9,5726,292.07,3,228.46,9,5744,166.94,3,239.22,9,5750,313.87,3,176.75,9,
3235,5279,394.39,3,151.53,8,5335,388.06,3,137.13,8,5451,601.96,3,243.28,9,5490,279.13,3,180.34,8,5492,248.33,3,73.92,8,5704,295.47,3,214.51,9,5726,289.72,3,249.26,9,5744,142.22,3,252.7,9,5750,313.88,3,174.68,9,
3236,5335,367.61,3,108.85,8,5451,603.76,3,245.08,9,5490,288.45,3,168.88,8,5492,257.09,3,64.37,8,5704,291.1,3,233.67,9,5726,289.73,3,272.34,9,5744,116.64,3,269.44,9,5750,311.58,3,174.61,9,
3237,5335,350.39,3,79.96,8,5451,605.51,3,246.82,9,5490,297.54,3,158.6,8,5492,266.37,3,54.34,8,5704,289.51,3,255.26,9,5726,292.28,3,295.95,9,5744,91.75,3,287.98,9,5750,310.19,3,177.03,9,
3238,5335,334.31,3,50.16,8,5451,608.04,3,249.34,9,5490,307.2,3,148.29,8,5492,275.85,3,44.16,8,5704,290.28,3,279.14,9,5750,308.29,3,181.1,9,
3239,5335,320.65,3,21.49,8,5451,610.59,3,251.89,9,5490,316.99,3,139.23,8,5492,284.45,3,35.0,8,5750,305.66,3,186.98,9,
3240,5335,309.86,3,8.01,8,5451,612.64,3,253.94,9,5490,327.6,3,130.96,8,5492,293.35,3,25.63,8,5750,302.23,3,195.09,9,
3241,5335,301.6,3,36.79,8,5451,615.06,3,256.36,9,5490,338.28,3,124.27,8,5750,298.33,3,205.1,9,
3242,5335,294.54,3,65.53,8,5451,617.09,3,258.39,9,5490,348.77,3,119.35,8,5750,294.78,3,217.14,9,
3243,5335,291.64,3,94.78,8,5451,618.98,3,260.29,9,5490,356.15,3,116.87,8,5749,324.55,3,237.88,8,5750,291.52,3,231.23,9,
3244,5335,291.64,3,123.42,8,5451,621.65,3,262.97,9,5490,360.25,3,115.85,8,5744,87.03,3,230.68,8,5749,314.13,3,208.35,8,5750,289.79,3,247.89,9,
3245,5335,294.54,3,152.73,8,5451,623.97,3,265.29,9,5490,364.1,3,113.79,8,5744,112.01,3,208.13,8,5749,306.23,3,178.94,8,5750,289.46,3,266.55,9,
3246,5335,300.2,3,181.7,8,5451,625.89,3,267.22,9,5490,361.16,3,106.96,8,5740,561.68,3,248.29,8,5744,136.71,3,186.53,8,5749,301.09,3,150.22,8,5750,291.17,3,287.48,9,
3247,5335,308.77,3,211.5,8,5451,628.04,3,269.38,9,5490,355.64,3,98.08,8,5740,550.2,3,237.41,8,5744,161.65,3,165.71,8,5749,298.62,3,121.06,8,5779,450.26,3,143.31,9,
3248,5335,319.74,3,240.92,8,5451,630.08,3,271.43,9,5490,349.31,3,87.59,8,5740,538.46,3,226.4,8,5744,187.3,3,145.72,8,5749,299.01,3,91.83,8,5779,447.86,3,141.62,9,
3249,5451,632.21,3,273.57,9,5490,341.72,3,74.58,8,5740,526.83,3,215.66,8,5744,211.81,3,128.72,8,5749,302.23,3,62.63,8,5779,443.1,3,138.34,9,
3250,5451,634.01,3,275.38,9,5490,333.63,3,60.08,8,5740,515.24,3,205.13,8,5744,236.48,3,114.51,8,5749,307.1,3,33.9,8,5779,436.68,3,134.45,9,
3251,5451,635.77,3,277.15,9,5490,324.76,3,43.24,8,5740,503.51,3,194.7,8,5744,261.53,3,104.06,8,5749,316.86,3,5.75,8,5779,428.0,3,130.69,9,
3252,5451,638.07,3,279.47,9,5490,315.89,3,25.48,8,5740,491.71,3,184.48,8,5744,286.6,3,98.16,8,5749,329.11,3,25.03,8,5779,416.98,3,126.69,9,
3253,5451,640.3,3,281.71,9,5490,307.59,3,10.39,8,5740,480.03,3,174.7,8,5744,312.25,3,98.29,8,5749,341.81,3,51.12,8,5779,404.53,3,123.43,9,
3254,5451,642.14,3,283.57,9,5490,300.26,3,20.83,8,5740,469.24,3,166.02,8,5744,337.65,3,102.39,8,5749,353.48,3,72.83,8,5779,390.07,3,121.87,9,
3255,5451,644.49,3,285.93,9,5490,294.29,3,42.55,8,5594,475.39,3,240.94,8,5740,458.71,3,157.95,8,5744,362.61,3,111.33,8,5749,363.4,3,90.08,8,5779,374.43,3,123.46,9,
3256,5451,646.61,3,288.07,9,5594,448.72,3,208.67,8,5740,448.02,3,150.23,8,5744,387.36,3,124.63,8,5749,371.68,3,103.79,8,5779,358.6,3,126.93,9,
3257,5451,648.67,3,290.14,9,5594,420.26,3,176.11,8,5740,437.35,3,143.11,8,5744,412.8,3,141.06,8,5749,376.14,3,112.74,8,5779,346.45,3,129.88,9,
3258,5451,651.27,3,292.77,9,5580,466.16,3,234.51,8,5594,393.27,3,143.91,8,5740,426.64,3,136.64,8,5744,438.05,3,159.75,8,5749,374.73,3,115.36,8,5779,338.55,3,132.46,9,
3259,5451,653.46,3,294.98,9,5580,441.82,3,205.59,8,5594,369.32,3,111.56,8,5740,415.61,3,130.76,8,5744,463.6,3,180.4,8,5749,374.41,3,115.48,8,5779,334.33,3,134.87,9,
3260,5451,655.7,3,297.24,9,5580,419.05,3,179.89,8,5594,352.22,3,83.17,8,5740,404.95,3,125.66,8,5744,488.53,3,201.93,8,5749,374.22,3,115.56,8,5779,328.96,3,140.12,9,
3261,5451,657.65,3,299.21,9,5580,400.51,3,158.74,8,5584,293.33,3,277.98,9,5594,339.02,3,59.25,8,5740,396.75,3,122.41,8,5744,513.41,3,224.14,8,5749,374.16,3,115.59,8,5779,323.55,3,147.25,9,
3262,5580,386.75,3,141.82,8,5584,292.73,3,254.75,9,5594,329.18,3,39.85,8,5740,392.48,3,120.96,8,5744,538.58,3,247.15,8,5749,374.15,3,115.6,8,5779,318.78,3,156.35,9,
3263,5580,376.99,3,129.26,8,5584,294.71,3,231.83,9,5594,322.22,3,25.0,8,5740,391.66,3,120.71,8,5749,374.15,3,115.6,8,5779,314.57,3,167.16,9,
3264,5457,467.51,3,231.44,8,5580,370.21,3,121.5,8,5584,300.36,3,209.05,9,5594,317.64,3,14.48,8,5740,391.45,3,120.65,8,5749,374.15,3,115.6,8,5779,308.86,3,179.88,9,
3265,5457,450.27,3,210.43,8,5580,362.85,3,118.91,8,5584,307.53,3,190.7,9,5594,318.14,3,8.8,8,5740,391.39,3,120.62,8,5749,373.27,3,115.97,8,5779,302.55,3,194.3,9,
3266,5457,431.79,3,189.37,8,5580,355.65,3,120.77,8,5584,314.07,3,176.33,9,5594,323.97,3,8.85,8,5740,390.04,3,120.27,8,5749,371.53,3,116.78,8,5779,296.42,3,211.07,9,
3267,5335,334.45,3,243.24,8,5457,413.62,3,168.43,8,5580,347.5,3,123.82,8,5584,318.5,3,165.88,9,5594,333.52,3,18.05,8,5740,386.91,3,119.53,8,5749,368.3,3,117.64,8,5779,291.65,3,230.55,9,
3268,5457,398.82,3,151.06,8,5580,338.4,3,128.39,8,5584,321.38,3,158.43,9,5594,345.51,3,30.55,8,5740,382.61,3,118.78,8,5749,363.77,3,118.72,8,5779,289.61,3,251.91,9,
3269,5457,388.65,3,137.91,8,5580,328.59,3,134.69,8,5584,324.85,3,149.37,9,5594,359.63,3,45.4,8,5740,376.85,3,118.18,8,5749,357.63,3,120.18,8,5779,289.84,3,273.88,9,5811,633.16,3,287.67,9,
3270,5457,382.05,3,129.23,8,5580,319.41,3,141.84,8,5584,328.46,3,138.93,9,5594,375.29,3,61.86,8,5740,369.51,3,118.12,8,5749,349.7,3,122.89,8,5779,292.4,3,296.94,9,5811,630.95,3,285.41,9,5812,564.07,3,220.66,9,
3271,5457,379.4,3,125.1,8,5580,310.12,3,150.32,8,5584,332.05,3,126.77,9,5594,392.34,3,79.73,8,5620,323.47,3,299.86,9,5740,361.11,3,119.29,8,5749,340.55,3,127.19,8,5811,627.25,3,281.62,9,5812,562.92,3,220.07,9,5814,312.17,3,38.72,8,
3272,5457,379.09,3,122.03,8,5580,301.7,3,159.11,8,5584,334.64,3,112.92,9,5594,411.46,3,99.42,8,5620,334.18,3,299.21,9,5740,351.92,3,122.05,8,5749,330.53,3,133.32,8,5788,554.28,3,242.72,8,5811,621.77,3,276.01,9,5812,560.76,3,219.0,9,5814,312.7,3,36.92,8,
3273,5457,381.71,3,122.07,8,5584,336.07,3,96.59,9,5594,433.03,3,121.15,8,5620,345.15,3,299.03,9,5740,342.84,3,126.01,8,5749,320.71,3,140.76,8,5788,534.19,3,222.51,8,5811,613.86,3,267.91,9,5812,557.57,3,217.54,9,5814,313.63,3,33.81,8,
3274,5457,385.3,3,124.91,8,5584,338.51,3,78.77,9,5594,456.78,3,145.08,8,5620,356.31,3,299.32,9,5740,333.96,3,131.07,8,5749,311.03,3,149.44,8,5788,514.97,3,203.15,8,5811,603.77,3,257.58,9,5812,553.56,3,215.88,9,5814,315.06,3,29.24,8,
3275,5457,387.89,3,128.29,8,5584,342.2,3,59.48,9,5594,482.29,3,170.76,8,5740,325.42,3,137.03,8,5749,302.52,3,158.2,8,5788,494.96,3,182.99,8,5811,592.23,3,245.74,9,5812,548.79,3,214.22,9,5814,317.08,3,23.3,8,
3276,5457,391.92,3,133.91,8,5584,346.85,3,41.07,9,5594,507.6,3,196.23,8,5740,317.17,3,143.78,8,5749,293.99,3,167.76,8,5788,475.39,3,163.26,8,5811,578.94,3,232.1,9,5812,542.86,3,212.63,9,5814,319.91,3,16.03,8,
3277,5457,397.34,3,141.41,8,5584,351.5,3,25.66,9,5594,533.25,3,222.03,8,5740,308.87,3,151.57,8,5749,285.65,3,177.54,8,5788,455.59,3,143.28,8,5811,564.35,3,217.03,9,5812,535.89,3,211.56,9,5814,323.83,3,9.96,8,
3278,5457,403.87,3,150.33,8,5584,355.15,3,14.78,9,5740,301.17,3,159.7,8,5749,277.66,3,187.96,8,5788,435.96,3,123.46,8,5811,548.04,3,200.12,9,5812,530.64,3,211.38,9,5814,328.98,3,14.84,8,
3279,5457,412.12,3,160.87,8,5584,357.45,3,8.45,9,5723,241.09,3,248.77,8,5740,293.19,3,168.66,8,5749,269.9,3,199.21,8,5788,416.55,3,103.85,8,5811,530.08,3,181.45,9,5812,527.08,3,211.61,9,5814,335.26,3,27.55,8,
3280,5457,421.9,3,172.86,8,5584,357.41,3,6.17,9,5723,245.6,3,237.43,8,5740,285.36,3,177.9,8,5749,263.16,3,210.11,8,5788,397.54,3,84.41,8,5811,509.78,3,160.29,9,5812,524.11,3,211.63,9,5814,342.98,3,43.38,8,
3281,5457,433.87,3,187.35,8,5584,355.33,3,6.84,9,5723,250.57,3,226.53,8,5740,278.15,3,187.29,8,5749,256.97,3,221.29,8,5788,378.92,3,64.94,8,5811,487.28,3,136.74,9,5812,517.67,3,206.16,9,5814,352.23,3,61.31,8,
3282,5457,447.74,3,204.15,8,5584,353.96,3,9.69,9,5647,295.8,3,298.92,9,5723,256.19,3,215.63,8,5740,271.37,3,196.97,8,5749,251.05,3,233.42,8,5788,362.25,3,47.49,8,5811,464.42,3,112.69,9,5812,510.4,3,197.81,9,5814,363.47,3,81.68,8,
3283,5457,463.04,3,222.66,8,5584,352.02,3,15.12,9,5647,292.91,3,272.41,9,5723,262.61,3,204.48,8,5740,265.24,3,206.61,8,5749,246.05,3,245.22,8,5788,349.39,3,34.09,8,5811,441.75,3,88.72,9,5812,501.04,3,186.99,9,5814,376.51,3,103.81,8,
3284,5457,479.73,3,242.55,8,5584,349.53,3,22.38,9,5647,293.18,3,244.85,9,5723,269.28,3,194.06,8,5740,259.33,3,216.87,8,5788,340.66,3,25.13,8,5811,418.5,3,63.98,9,5812,488.59,3,174.94,9,5814,392.43,3,128.16,8,
3285,5584,346.73,3,31.08,9,5647,297.68,3,218.85,9,5723,276.6,3,183.7,8,5740,254.09,3,227.0,8,5788,335.19,3,19.68,8,5811,399.63,3,43.76,9,5812,473.94,3,160.92,9,5814,410.71,3,153.61,8,
3286,5584,343.49,3,42.07,9,5647,304.58,3,197.85,9,5723,284.23,3,173.91,8,5740,249.24,3,237.51,8,5788,327.89,3,12.71,8,5811,385.03,3,28.03,9,5812,456.29,3,147.63,9,5814,430.57,3,178.31,8,
3287,5584,340.04,3,55.23,9,5647,311.62,3,181.52,9,5723,292.5,3,164.31,8,5740,244.88,3,248.27,8,5788,318.89,3,4.52,8,5811,374.68,3,16.82,9,5812,437.0,3,134.6,9,5814,450.87,3,203.12,8,
3288,5584,336.78,3,70.78,9,5647,317.26,3,169.06,9,5723,300.35,3,155.45,8,5788,309.82,3,6.22,8,5811,368.5,3,10.14,9,5812,416.77,3,126.62,9,5814,471.02,3,227.69,8,
3289,5584,333.87,3,88.67,9,5647,320.58,3,160.46,9,5723,309.07,3,146.45,8,5788,304.66,3,15.95,8,5811,362.6,3,3.95,9,5812,394.96,3,122.18,9,
3290,5584,331.76,3,108.49,9,5647,322.5,3,155.6,9,5723,317.84,3,138.51,8,5788,301.18,3,26.77,8,5811,356.65,3,3.72,9,5812,372.31,3,123.87,9,
3291,5647,326.08,3,148.9,9,5723,326.5,3,131.75,8,5788,297.98,3,39.39,8,5811,353.69,3,10.42,9,5812,347.99,3,129.43,9,
3292,5647,331.8,3,141.37,9,5723,336.2,3,125.44,8,5788,296.43,3,54.22,8,5811,350.56,3,19.31,9,5812,322.46,3,140.13,9,
3293,5647,340.49,3,135.22,9,5723,345.49,3,120.7,8,5788,293.67,3,71.8,8,5811,346.93,3,30.47,9,5812,296.53,3,157.85,9,
3294,5647,352.65,3,131.62,9,5685,538.65,3,244.77,8,5723,353.83,3,117.56,8,5788,291.81,3,91.6,8,5811,343.24,3,42.95,9,5812,271.22,3,177.8,9,
3295,5647,367.03,3,128.55,9,5685,509.97,3,218.24,8,5723,358.92,3,116.16,8,5788,291.32,3,113.67,8,5811,339.51,3,57.57,9,5812,243.35,3,197.51,9,
3296,5647,382.51,3,125.67,9,5685,481.14,3,192.15,8,5723,366.11,3,115.03,8,5788,292.71,3,137.91,8,5811,336.16,3,74.15,9,5812,214.32,3,215.17,9,5849,369.74,3,12.85,9,
3297,5647,399.67,3,125.73,9,5685,452.22,3,166.85,8,5723,375.61,3,115.02,8,5788,296.16,3,162.62,8,5811,333.32,3,92.9,9,5812,184.38,3,230.35,9,5849,371.71,3,14.97,9,5851,549.13,3,298.2,9,
3298,5647,418.82,3,130.01,9,5685,423.08,3,142.89,8,5723,385.99,3,116.58,8,5788,301.69,3,187.64,8,5811,331.81,3,107.81,9,5812,154.39,3,245.73,9,5849,374.9,3,18.41,9,5851,547.14,3,295.7,9,
3299,5647,439.9,3,138.5,9,5685,394.39,3,121.67,8,5723,397.18,3,120.14,8,5788,309.24,3,212.92,8,5811,330.5,3,118.89,9,5812,123.95,3,264.42,9,5849,379.66,3,23.55,9,5851,543.74,3,291.42,9,
3300,5647,464.0,3,155.36,9,5685,365.18,3,103.62,8,5723,408.56,3,125.12,8,5788,318.55,3,238.01,8,5811,329.06,3,125.5,9,5812,93.82,3,286.36,9,5849,386.01,3,30.39,9,5851,539.07,3,285.52,9,
3301,5647,483.32,3,171.79,9,5685,336.66,3,91.31,8,5723,420.16,3,131.15,8,5811,327.05,3,133.34,9,5849,394.7,3,39.73,9,5851,532.96,3,277.75,9,
3302,5636,293.2,3,276.33,9,5647,498.16,3,186.01,9,5685,306.95,3,85.71,8,5723,431.49,3,137.74,8,5811,323.69,3,143.11,9,5849,405.55,3,51.36,9,5851,525.48,3,268.15,9,
3303,5574,294.32,3,287.66,9,5636,292.84,3,251.69,9,5647,508.6,3,197.71,9,5685,277.22,3,89.73,8,5723,442.89,3,145.21,8,5811,319.27,3,155.13,9,5849,418.53,3,65.2,9,5851,516.56,3,256.59,9,
3304,5574,292.63,3,262.46,9,5636,295.65,3,227.31,9,5647,514.97,3,205.01,9,5685,248.52,3,100.97,8,5723,453.99,3,153.15,8,5811,313.68,3,169.35,9,5849,433.32,3,80.92,9,5851,506.5,3,243.4,9,
3305,5574,293.72,3,238.46,9,5636,301.2,3,206.66,9,5647,518.26,3,208.04,9,5685,219.37,3,117.88,8,5723,465.67,3,162.09,8,5811,306.73,3,184.55,9,5823,542.11,3,248.01,8,5849,449.44,3,97.97,9,5851,495.2,3,228.35,9,
3306,5574,297.89,3,218.03,9,5636,307.49,3,190.8,9,5647,517.76,3,206.27,9,5685,190.93,3,138.35,8,5723,477.74,3,171.84,8,5811,299.58,3,201.8,9,5812,89.11,3,228.78,8,5823,538.16,3,244.76,8,5849,467.89,3,117.4,9,5851,482.94,3,211.68,9,
3307,5574,303.23,3,201.27,9,5636,312.68,3,179.25,9,5647,513.35,3,201.2,9,5685,161.73,3,162.0,8,5723,490.12,3,182.28,8,5811,293.83,3,220.89,9,5812,119.11,3,201.84,8,5823,537.22,3,244.99,8,5849,488.34,3,138.84,9,5851,469.76,3,193.35,9,
3308,5574,308.46,3,188.55,9,5636,317.51,3,172.9,9,5647,507.6,3,194.57,9,5685,132.79,3,187.06,8,5723,502.53,3,193.12,8,5811,290.14,3,242.23,9,5812,148.97,3,176.16,8,5823,540.64,3,249.04,8,5849,510.69,3,162.19,9,5851,455.2,3,172.49,9,
3309,5574,312.3,3,180.07,9,5636,324.76,3,171.22,9,5647,499.55,3,185.54,9,5685,104.18,3,213.07,8,5723,514.89,3,204.2,8,5811,289.46,3,266.29,9,5812,179.43,3,151.66,8,5849,530.08,3,182.37,9,5851,439.53,3,149.18,9,
3310,5574,316.71,3,170.38,9,5636,334.63,3,171.05,9,5647,488.69,3,175.03,9,5685,75.84,3,239.92,8,5723,526.99,3,215.28,8,5811,291.58,3,290.69,9,5812,209.83,3,130.0,8,5849,545.19,3,198.05,9,5851,423.43,3,124.05,9,
3311,5574,320.31,3,161.16,9,5636,346.04,3,171.57,9,5647,476.57,3,163.4,9,5723,539.36,3,226.79,8,5812,240.4,3,112.61,8,5849,555.98,3,209.23,9,5851,408.21,3,98.89,9,
3312,5574,322.3,3,156.13,9,5636,358.09,3,172.94,9,5723,551.75,3,238.49,8,5812,270.6,3,101.25,8,5832,354.46,3,248.16,8,5849,563.74,3,217.26,9,5851,393.82,3,73.56,9,
3313,5574,324.92,3,149.18,9,5636,369.93,3,175.09,9,5723,560.05,3,246.4,8,5812,300.72,3,97.56,8,5832,333.18,3,247.26,8,5849,568.04,3,222.12,9,5851,380.42,3,48.72,9,
3314,5574,328.19,3,139.72,9,5636,381.67,3,177.99,9,5812,330.14,3,100.78,8,5832,311.84,3,248.28,8,5849,566.59,3,222.0,9,5851,368.01,3,23.58,9,
3315,5574,331.62,3,128.87,9,5636,393.25,3,181.54,9,5812,359.44,3,109.92,8,5849,562.94,3,220.08,9,5851,357.17,3,1.7,9,
3316,5574,334.45,3,115.88,9,5636,404.74,3,185.72,9,5685,104.76,3,283.13,9,5812,389.43,3,125.86,8,5849,558.57,3,217.99,9,5851,348.28,3,26.17,9,
3317,5574,335.65,3,100.51,9,5636,416.82,3,190.78,9,5685,133.77,3,262.8,9,5723,564.02,3,249.02,8,5812,419.64,3,145.92,8,5849,552.95,3,215.66,9,5851,340.89,3,51.8,9,
3318,5574,337.79,3,83.45,9,5636,428.48,3,196.24,9,5685,163.45,3,245.72,9,5723,560.92,3,245.57,8,5812,449.44,3,168.76,8,5849,546.68,3,213.59,9,5851,336.06,3,74.7,9,5854,581.62,3,283.36,9,
3319,5574,341.2,3,64.26,9,5636,440.63,3,202.49,9,5685,192.96,3,231.33,9,5723,557.57,3,242.03,8,5804,293.86,3,283.52,9,5812,479.74,3,194.25,8,5849,539.94,3,212.08,9,5851,333.25,3,93.45,9,5854,558.57,3,255.75,9,
3320,5574,346.21,3,43.38,9,5685,222.4,3,216.58,9,5723,553.98,3,238.55,8,5804,292.81,3,252.41,9,5812,510.28,3,221.32,8,5849,533.2,3,211.4,9,5851,331.79,3,108.01,9,5854,536.37,3,228.69,9,
3321,5574,351.06,3,27.0,9,5685,250.4,3,198.96,9,5723,550.44,3,235.52,8,5804,296.07,3,225.47,9,5812,539.82,3,248.29,8,5849,528.78,3,211.46,9,5851,330.63,3,118.32,9,5854,513.31,3,201.15,9,
3322,5574,355.02,3,15.16,9,5685,276.96,3,181.24,9,5723,547.28,3,233.28,8,5804,302.51,3,203.14,9,5849,526.47,3,211.67,9,5851,329.32,3,124.27,9,5854,488.15,3,174.52,9,
3323,5574,357.71,3,7.77,9,5685,302.12,3,162.2,9,5723,544.29,3,231.72,8,5804,309.75,3,185.64,9,5849,523.09,3,211.08,9,5851,327.28,3,131.58,9,5854,460.39,3,150.63,9,
3324,5574,361.85,3,5.1,9,5685,325.59,3,143.24,9,5804,316.05,3,171.95,9,5849,518.14,3,206.69,9,5851,321.45,3,139.21,9,5854,432.93,3,132.77,9,
3325,5574,367.21,3,10.13,9,5685,351.32,3,131.96,9,5804,319.96,3,162.09,9,5849,512.93,3,200.72,9,5851,311.65,3,146.83,9,5854,406.57,3,123.8,9,
3326,5574,374.82,3,18.32,9,5685,377.65,3,126.33,9,5804,322.2,3,156.37,9,5849,506.02,3,192.74,9,5851,300.1,3,155.13,9,5854,380.88,3,122.51,9,
3327,5574,384.75,3,29.03,9,5685,403.88,3,126.3,9,5804,322.81,3,154.85,9,5832,142.49,3,294.73,9,5849,496.69,3,182.77,9,5851,286.97,3,165.32,9,5854,356.47,3,127.36,9,
3328,5574,396.22,3,41.36,9,5685,431.5,3,134.68,9,5804,322.86,3,154.72,9,5832,150.02,3,271.09,9,5849,484.6,3,171.1,9,5851,271.52,3,177.55,9,5854,333.28,3,134.6,9,
3329,5574,409.84,3,55.93,9,5685,460.1,3,152.5,9,5804,322.88,3,154.67,9,5832,160.99,3,246.89,9,5849,470.61,3,158.34,9,5851,254.03,3,190.6,9,5854,310.79,3,147.42,9,
3330,5574,425.5,3,72.62,9,5685,489.18,3,177.38,9,5804,322.89,3,154.67,9,5832,174.77,3,222.51,9,5849,454.58,3,146.39,9,5851,234.12,3,203.36,9,5854,289.18,3,163.68,9,5890,308.68,3,148.88,9,
3331,5574,442.67,3,90.82,9,5685,516.1,3,206.31,9,5804,322.89,3,154.67,9,5832,190.66,3,198.15,9,5849,436.58,3,134.41,9,5851,211.59,3,216.78,9,5854,266.62,3,181.44,9,5890,306.53,3,150.41,9,
3332,5574,462.2,3,111.42,9,5685,538.8,3,233.68,9,5804,323.09,3,153.12,9,5832,208.13,3,173.88,9,5849,417.63,3,126.91,9,5851,186.81,3,229.14,9,5854,241.5,3,198.7,9,5890,302.96,3,152.99,9,
3333,5574,483.1,3,133.36,9,5685,557.63,3,256.54,9,5804,323.47,3,149.89,9,5832,226.35,3,150.38,9,5849,397.37,3,122.41,9,5851,162.35,3,241.54,9,5854,214.52,3,215.06,9,5890,297.79,3,156.88,9,
3334,5574,506.04,3,157.34,9,5685,573.13,3,275.1,9,5804,320.52,3,145.52,9,5832,245.75,3,126.61,9,5849,377.49,3,122.96,9,5851,137.24,3,255.71,9,5854,187.75,3,228.69,9,5890,290.85,3,162.35,9,
3335,5574,530.35,3,182.64,9,5685,585.0,3,289.18,9,5804,313.69,3,145.66,9,5832,266.37,3,102.26,9,5849,361.52,3,126.42,9,5851,112.48,3,272.36,9,5854,161.09,3,242.19,9,5890,282.12,3,169.03,9,
3336,5574,557.07,3,210.36,9,5685,593.73,3,299.28,9,5804,307.3,3,149.85,9,5826,293.74,3,282.33,9,5832,287.27,3,78.25,9,5849,349.0,3,129.15,9,5851,87.75,3,291.13,9,5854,134.33,3,257.52,9,5890,271.41,3,177.64,9,
3337,5574,580.86,3,234.89,9,5804,299.49,3,155.58,9,5826,292.63,3,261.31,9,5832,307.59,3,55.39,9,5849,340.46,3,131.78,9,5854,107.2,3,276.11,9,5890,258.99,3,186.9,9,
3338,5574,600.41,3,254.92,9,5804,290.26,3,162.83,9,5826,293.65,3,239.12,9,5832,324.16,3,37.04,9,5849,335.3,3,134.16,9,5854,80.85,3,296.68,9,5890,244.78,3,196.59,9,
3339,5574,616.41,3,271.29,9,5804,278.94,3,171.53,9,5826,298.66,3,215.11,9,5832,336.77,3,23.21,9,5849,329.39,3,139.63,9,5890,228.07,3,207.02,9,
3340,5574,628.55,3,283.7,9,5804,266.28,3,181.68,9,5826,305.5,3,195.6,9,5832,345.64,3,13.58,9,5849,323.39,3,147.47,9,5890,208.59,3,218.36,9,
3341,5574,636.28,3,291.6,9,5804,251.82,3,192.21,9,5826,312.21,3,180.25,9,5832,350.69,3,8.17,9,5849,318.29,3,157.6,9,5890,186.44,3,229.33,9,
3342,5574,639.86,3,295.17,9,5804,235.14,3,202.76,9,5826,317.42,3,168.65,9,5832,355.28,3,4.56,9,5849,313.24,3,170.39,9,5851,66.56,3,249.73,8,5890,162.74,3,241.34,9,
3343,5574,644.99,3,299.81,9,5804,215.74,3,214.35,9,5826,320.7,3,160.18,9,5832,353.59,3,10.71,9,5849,306.75,3,184.5,9,5851,91.51,3,226.58,8,5890,137.73,3,255.41,9,
3344,5804,193.78,3,225.8,9,5826,322.5,3,155.6,9,5832,350.74,3,18.79,9,5849,299.87,3,201.03,9,5851,115.95,3,204.63,8,5854,77.99,3,239.03,8,5890,111.99,3,272.71,9,
3345,5804,169.64,3,237.8,9,5826,323.01,3,148.75,9,5832,347.31,3,29.24,9,5849,294.0,3,220.21,9,5851,140.99,3,182.89,8,5854,102.15,3,216.94,8,5890,85.71,3,292.76,9,
3346,5804,143.88,3,251.72,9,5826,317.92,3,144.43,9,5832,343.46,3,42.18,9,5849,290.14,3,242.26,9,5851,166.29,3,161.97,8,5854,127.98,3,194.08,8,
3347,5685,548.18,3,293.53,9,5804,116.73,3,269.38,9,5826,311.22,3,147.12,9,5832,339.53,3,57.48,9,5849,289.46,3,266.61,9,5851,191.14,3,142.91,8,5854,153.78,3,172.15,8,
3348,5685,533.99,3,283.2,9,5804,87.34,3,291.46,9,5826,303.83,3,152.35,9,5832,335.99,3,75.04,9,5849,291.93,3,293.28,9,5851,216.62,3,125.68,8,5854,178.18,3,152.61,8,5898,156.9,3,299.66,9,
3349,5685,519.99,3,273.34,9,5826,294.81,3,159.19,9,5832,333.16,3,94.21,9,5851,241.49,3,112.09,8,5854,204.04,3,133.85,8,5898,157.82,3,297.39,9,
3350,5685,505.34,3,263.45,9,5826,284.29,3,167.35,9,5832,331.69,3,109.36,9,5851,266.66,3,102.38,8,5854,228.88,3,118.48,8,5898,158.82,3,294.98,9,
3351,5685,490.73,3,254.05,9,5826,271.95,3,177.19,9,5832,330.26,3,119.97,9,5851,291.57,3,97.72,8,5854,253.72,3,106.97,8,5890,72.2,3,244.43,8,5898,159.55,3,293.3,9,
3352,5685,476.87,3,242.97,9,5826,256.99,3,188.38,9,5832,328.95,3,126.05,9,5851,316.77,3,98.81,8,5854,278.53,3,99.41,8,5890,97.24,3,221.37,8,5898,160.21,3,291.81,9,
3353,5685,466.02,3,228.59,9,5804,67.21,3,249.11,8,5825,532.21,3,249.59,8,5826,239.11,3,200.26,9,5832,326.94,3,133.7,9,5851,341.16,3,103.33,8,5854,303.66,3,97.69,8,5890,123.45,3,198.03,8,5898,161.41,3,289.12,9,
3354,5804,96.13,3,222.38,8,5825,532.72,3,246.54,8,5826,219.01,3,212.46,9,5832,323.8,3,142.82,9,5851,366.57,3,113.2,8,5854,328.18,3,100.45,8,5890,149.43,3,175.78,8,5898,162.17,3,287.47,9,
3355,5804,124.62,3,197.01,8,5825,533.1,3,244.91,8,5826,195.94,3,224.8,9,5832,319.79,3,153.84,9,5851,390.97,3,126.78,8,5854,354.22,3,107.76,8,5890,175.92,3,154.37,8,5898,162.88,3,285.96,9,
3356,5804,153.04,3,172.76,8,5825,533.67,3,242.7,8,5826,170.3,3,237.46,9,5832,314.71,3,166.82,9,5851,415.55,3,142.99,8,5854,378.98,3,119.71,8,5890,202.21,3,135.1,8,5898,163.72,3,284.22,9,
3357,5804,181.17,3,150.33,8,5825,534.48,3,240.41,8,5826,142.46,3,252.55,9,5832,308.21,3,181.28,9,5851,441.03,3,162.08,8,5854,403.8,3,134.92,8,5890,228.41,3,118.75,8,5898,164.98,3,281.64,9,
3358,5804,208.86,3,130.63,8,5825,535.55,3,238.1,8,5826,112.58,3,272.29,9,5832,301.01,3,198.12,9,5851,465.34,3,181.88,8,5854,429.49,3,153.2,8,5890,255.0,3,106.5,8,5898,165.84,3,279.92,9,
3359,5804,236.27,3,114.61,8,5825,536.96,3,236.04,8,5826,82.21,3,295.59,9,5832,294.66,3,217.62,9,5851,490.73,3,203.88,8,5854,453.52,3,172.05,8,5890,280.49,3,99.05,8,5898,166.81,3,278.0,9,
3360,5804,262.73,3,103.65,8,5825,538.86,3,234.49,8,5832,290.41,3,239.2,9,5851,516.01,3,226.49,8,5854,478.53,3,193.2,8,5890,306.58,3,97.9,8,5898,167.59,3,276.49,9,
3361,5804,290.38,3,97.8,8,5825,541.11,3,233.75,8,5832,289.43,3,263.59,9,5851,540.58,3,248.99,8,5854,503.51,3,215.24,8,5890,332.01,3,101.13,8,5898,168.38,3,275.0,9,
3362,5825,542.82,3,233.71,8,5832,291.54,3,290.44,9,5854,527.74,3,237.18,8,5890,358.4,3,109.47,8,5898,169.68,3,272.59,9,5943,387.95,3,62.86,9,
3363,5825,543.86,3,233.85,8,5890,383.79,3,122.48,8,5898,170.69,3,270.72,9,5943,387.15,3,61.39,9,
3364,5786,293.4,3,278.8,9,5825,543.67,3,232.54,8,5826,71.53,3,245.05,8,5890,409.55,3,138.8,8,5898,172.09,3,268.21,9,5943,385.32,3,58.01,9,
3365,5786,292.8,3,252.71,9,5825,537.05,3,225.39,8,5826,100.6,3,218.33,8,5890,435.16,3,157.52,8,5898,173.25,3,266.17,9,5943,382.36,3,52.43,9,
3366,5786,295.2,3,229.37,9,5825,528.61,3,216.89,8,5826,130.55,3,191.84,8,5890,460.84,3,178.08,8,5898,174.3,3,264.32,9,5943,378.41,3,44.81,9,
3367,5786,299.99,3,210.35,9,5825,517.75,3,205.96,8,5826,160.36,3,166.75,8,5890,483.27,3,197.32,8,5898,175.66,3,262.01,9,5943,373.34,3,34.71,9,
3368,5786,305.31,3,196.04,9,5825,505.52,3,193.63,8,5826,190.02,3,143.72,8,5890,501.22,3,213.19,8,5898,176.68,3,260.29,9,5943,367.68,3,22.89,9,
3369,4786,292.96,3,273.25,9,5786,309.89,3,185.31,9,5825,490.77,3,178.76,8,5826,219.96,3,123.64,8,5890,514.68,3,225.29,8,5898,177.78,3,258.46,9,5943,361.7,3,9.7,9,
3370,4786,293.02,3,247.61,9,5786,312.92,3,178.73,9,5825,473.62,3,161.47,8,5826,249.98,3,108.41,8,5890,523.7,3,233.49,8,5898,179.26,3,256.03,9,5943,355.41,3,5.87,9,
3371,4786,295.79,3,226.68,9,5786,314.03,3,175.46,9,5825,454.54,3,142.22,8,5826,279.63,3,99.2,8,5890,527.46,3,236.23,8,5898,180.67,3,253.76,9,5943,349.27,3,23.15,9,
3372,4786,300.24,3,209.47,9,5786,312.44,3,174.1,9,5825,433.72,3,121.2,8,5826,310.15,3,98.11,8,5890,527.08,3,234.59,8,5898,181.7,3,252.11,9,5943,343.46,3,42.15,9,
3373,4786,305.22,3,196.26,9,5786,310.73,3,175.92,9,5825,411.56,3,98.81,8,5826,340.0,3,103.01,8,5890,523.29,3,230.47,8,5898,183.06,3,249.98,9,5943,338.23,3,63.45,9,
3374,4786,309.68,3,185.79,9,5786,308.52,3,180.62,9,5825,388.07,3,74.51,8,5826,370.04,3,114.92,8,5890,517.54,3,225.18,8,5898,184.7,3,247.43,9,5943,334.49,3,84.29,9,
3375,4786,315.36,3,173.53,9,5786,305.6,3,187.12,9,5825,368.95,3,54.49,8,5826,399.31,3,131.99,8,5890,510.08,3,218.34,8,5898,186.26,3,245.04,9,5943,332.38,3,101.4,9,
3376,4786,319.15,3,164.2,9,5786,302.12,3,195.34,9,5825,353.77,3,38.64,8,5826,428.92,3,152.77,8,5890,501.3,3,210.34,8,5898,187.24,3,243.57,9,5943,331.37,3,114.15,9,
3377,4786,321.47,3,158.2,9,5786,298.24,3,205.35,9,5825,342.85,3,27.36,8,5826,458.53,3,176.15,8,5890,491.09,3,201.08,8,5898,188.33,3,241.93,9,5943,329.75,3,122.31,9,
3378,4786,324.96,3,150.74,9,5786,294.83,3,216.93,9,5825,336.03,3,20.51,8,5826,488.72,3,202.1,8,5890,479.56,3,190.73,8,5898,189.94,3,239.54,9,5943,328.9,3,126.32,9,
3379,4786,330.75,3,142.56,9,5825,330.76,3,15.58,8,5826,518.94,3,229.16,8,5890,465.5,3,178.33,8,5898,191.03,3,237.95,9,5943,327.24,3,132.65,9,
3380,4786,340.31,3,135.28,9,5825,330.3,3,17.36,8,5890,449.27,3,164.34,8,5898,192.53,3,235.78,9,5943,324.51,3,140.88,9,
3381,4786,353.08,3,131.52,9,5825,333.83,3,24.57,8,5890,430.67,3,148.93,8,5898,193.99,3,233.66,9,5943,320.68,3,151.47,9,5971,329.46,3,171.07,9,
3382,4786,367.66,3,128.38,9,5825,338.5,3,34.26,8,5890,410.28,3,133.07,8,5898,195.55,3,231.45,9,5928,540.34,3,228.7,8,5943,316.04,3,163.4,9,5971,331.59,3,171.04,9,
3383,4786,383.91,3,125.52,9,5825,344.6,3,46.61,8,5890,388.17,3,117.5,8,5898,196.95,3,229.48,9,5928,516.11,3,204.3,8,5943,310.46,3,176.47,9,5971,335.54,3,171.07,9,
3384,4786,402.78,3,126.13,9,5825,352.18,3,61.21,8,5890,364.73,3,103.38,8,5898,198.69,3,227.07,9,5928,492.62,3,180.63,8,5931,320.36,3,226.8,8,5943,303.65,3,191.65,9,5971,341.29,3,171.25,9,
3385,4786,423.46,3,131.59,9,5825,361.65,3,78.49,8,5890,339.54,3,92.22,8,5898,200.38,3,224.73,9,5928,468.72,3,156.53,8,5931,311.46,3,199.43,8,5943,297.12,3,208.6,9,5971,349.11,3,171.83,9,
3386,4786,446.85,3,143.15,9,5825,372.61,3,97.35,8,5890,313.5,3,86.2,8,5898,202.11,3,222.38,9,5928,445.11,3,132.71,8,5931,304.66,3,171.56,8,5943,292.29,3,227.46,9,5971,358.43,3,172.99,9,
3387,4786,473.24,3,162.32,9,5825,385.33,3,117.65,8,5890,286.84,3,87.34,8,5898,203.56,3,220.42,9,5928,421.68,3,109.04,8,5931,300.29,3,143.69,8,5943,289.76,3,248.26,9,5971,369.92,3,175.09,9,
3388,4786,500.16,3,188.0,9,5825,401.12,3,140.39,8,5890,260.27,3,95.53,8,5898,205.45,3,217.89,9,5928,397.76,3,84.65,8,5931,298.49,3,116.23,8,5943,289.68,3,271.49,9,5971,382.01,3,178.08,9,
3389,4786,524.47,3,216.08,9,5825,419.51,3,164.63,8,5890,234.8,3,108.4,8,5898,206.91,3,215.97,9,5928,377.24,3,63.18,8,5931,299.21,3,88.89,8,5943,292.31,3,296.26,9,5971,395.14,3,182.19,9,
3390,4786,544.84,3,241.05,9,5588,543.35,3,249.18,8,5810,293.61,3,280.98,9,5825,440.8,3,190.79,8,5890,209.46,3,124.61,8,5898,208.35,3,214.07,9,5928,360.36,3,45.51,8,5931,302.4,3,61.6,8,5971,407.25,3,186.72,9,
3391,4786,561.78,3,261.53,9,5588,535.95,3,242.93,8,5810,292.8,3,252.93,9,5825,464.28,3,219.52,8,5890,183.01,3,144.56,8,5898,210.19,3,211.68,9,5928,347.79,3,32.44,8,5931,307.28,3,33.3,8,5971,419.35,3,191.92,9,
3392,4786,575.42,3,277.82,9,5588,533.06,3,241.36,8,5810,295.97,3,225.93,9,5890,156.63,3,166.3,8,5898,211.76,3,209.66,9,5928,339.33,3,23.79,8,5931,316.6,3,6.33,8,5971,431.84,3,197.91,9,
3393,4786,585.39,3,289.63,9,5588,530.5,3,241.09,8,5672,294.68,3,290.51,9,5707,540.31,3,246.32,8,5810,302.23,3,203.89,9,5890,130.87,3,188.77,8,5898,212.93,3,208.15,9,5928,335.09,3,19.58,8,5931,327.96,3,22.49,8,5971,441.15,3,202.77,9,
3394,4786,591.79,3,297.04,9,5588,529.63,3,243.02,8,5672,292.63,3,262.42,9,5707,533.42,3,239.88,8,5810,309.37,3,186.49,9,5890,105.85,3,211.53,8,5898,214.14,3,206.61,9,5928,329.95,3,15.06,8,5931,341.62,3,50.75,8,5971,447.86,3,206.46,9,
3395,5588,529.09,3,245.98,8,5672,294.12,3,235.29,9,5707,524.97,3,232.02,8,5810,315.4,3,173.41,9,5890,80.49,3,235.42,8,5898,215.87,3,204.41,9,5928,331.14,3,19.02,8,5931,356.93,3,78.93,8,5971,450.89,3,207.81,9,5991,344.63,3,239.81,8,
3396,4786,595.37,3,299.45,9,5672,299.3,3,212.77,9,5707,514.28,3,222.19,8,5810,319.6,3,163.02,9,5898,217.47,3,202.41,9,5928,334.87,3,26.74,8,5931,373.6,3,106.91,8,5971,451.01,3,206.25,9,5991,343.81,3,237.62,8,
3397,4786,590.83,3,294.19,9,5672,305.8,3,194.83,9,5707,501.99,3,210.97,8,5810,322.05,3,156.75,9,5898,218.95,3,200.56,9,5928,339.99,3,37.34,8,5931,393.23,3,135.74,8,5971,447.79,3,203.9,9,5991,342.45,3,233.89,8,5993,359.43,3,104.2,8,
3398,4786,584.46,3,286.73,9,5672,312.12,3,180.44,9,5707,487.24,3,197.62,8,5810,323.46,3,150.04,9,5898,220.5,3,198.64,9,5928,346.49,3,50.33,8,5931,414.81,3,164.18,8,5971,442.82,3,201.12,9,5991,340.41,3,227.91,8,5993,361.04,3,102.46,8,
3399,4786,576.39,3,277.14,9,5672,317.5,3,168.45,9,5707,470.71,3,182.9,8,5810,319.38,3,145.03,9,5898,222.1,3,196.67,9,5928,354.62,3,65.77,8,5931,437.45,3,191.67,8,5971,435.41,3,197.13,9,5981,336.6,3,248.48,8,5991,337.77,3,219.71,8,5993,361.76,3,99.33,8,
3400,4786,566.25,3,265.0,9,5672,320.63,3,160.35,9,5707,451.88,3,166.56,8,5810,312.73,3,146.1,9,5898,224.18,3,194.14,9,5928,364.52,3,83.52,8,5931,460.08,3,219.1,8,5971,425.9,3,192.3,9,5981,329.12,3,229.1,8,5991,334.71,3,209.42,8,5993,359.13,3,94.95,8,
3401,4786,554.04,3,250.28,9,5672,322.54,3,155.53,9,5707,430.91,3,149.12,8,5810,305.47,3,151.17,9,5868,294.86,3,291.87,9,5898,225.51,3,192.53,9,5928,376.16,3,103.24,8,5931,483.53,3,247.04,8,5971,414.93,3,187.18,9,5981,323.03,3,210.32,8,5991,340.47,3,204.97,8,5993,355.17,3,88.24,8,
3402,4786,540.68,3,233.98,9,5672,326.02,3,149.0,9,5707,407.98,3,131.36,8,5810,296.23,3,158.08,9,5868,292.63,3,263.87,9,5890,107.22,3,281.3,9,5898,226.96,3,190.77,9,5928,390.42,3,125.28,8,5971,401.65,3,181.68,9,5981,317.88,3,191.26,8,5991,353.64,3,205.67,8,5993,349.97,3,79.23,8,
3403,5672,331.71,3,141.47,9,5707,383.22,3,114.3,8,5810,285.56,3,166.39,9,5868,293.88,3,236.99,9,5890,132.73,3,263.48,9,5898,228.36,3,189.11,9,5928,407.63,3,149.39,8,5971,388.72,3,177.11,9,5981,313.73,3,171.79,8,5991,366.56,3,207.3,8,5993,343.77,3,68.1,8,
3404,5672,340.83,3,135.11,9,5707,356.44,3,99.14,8,5810,273.31,3,176.06,9,5868,299.23,3,213.02,9,5890,159.41,3,247.64,9,5898,229.56,3,187.67,9,5928,428.4,3,175.64,8,5971,375.98,3,173.46,9,5981,310.84,3,153.02,8,5991,379.11,3,209.76,8,5993,336.85,3,55.1,8,
3405,5672,353.79,3,131.34,9,5707,329.29,3,89.34,8,5810,258.9,3,186.97,9,5868,306.28,3,193.7,9,5890,185.83,3,234.86,9,5898,231.66,3,185.18,9,5928,451.49,3,203.88,8,5971,363.34,3,170.7,9,5981,309.07,3,134.16,8,5991,392.09,3,213.14,8,5993,329.29,3,40.07,8,
3406,5672,368.17,3,128.26,9,5707,302.0,3,85.68,8,5810,242.45,3,198.08,9,5868,313.3,3,177.93,9,5890,211.93,3,222.08,9,5898,233.59,3,182.92,9,5928,475.98,3,233.66,8,5971,350.58,3,168.84,9,5981,308.44,3,115.27,8,5991,404.62,3,217.19,8,5993,323.03,3,26.78,8,
3407,5672,383.36,3,125.58,9,5707,274.79,3,90.48,8,5810,223.87,3,209.64,9,5868,318.4,3,166.15,9,5890,236.89,3,207.66,9,5898,235.54,3,180.64,9,5971,337.92,3,167.94,9,5981,308.97,3,96.91,8,5991,416.62,3,224.17,8,5993,319.12,3,18.05,8,6003,308.68,3,148.88,9,
3408,5672,400.18,3,125.78,9,5707,248.14,3,101.16,8,5810,203.27,3,221.05,9,5868,321.42,3,158.34,9,5890,261.11,3,192.29,9,5898,236.93,3,179.03,9,5971,329.63,3,167.86,9,5981,310.67,3,77.97,8,5991,423.62,3,237.32,8,5993,317.82,3,13.82,8,6003,307.14,3,149.97,9,6009,548.21,3,235.26,8,
3409,5672,418.57,3,129.93,9,5707,220.68,3,117.03,8,5810,179.94,3,232.52,9,5868,324.89,3,149.26,9,5890,281.4,3,178.29,9,5898,238.21,3,177.55,9,5971,325.27,3,167.99,9,5981,313.12,3,59.39,8,5993,319.94,3,10.65,8,6003,304.4,3,151.94,9,6009,548.69,3,235.49,8,
3410,5672,433.35,3,135.45,9,5707,193.08,3,136.69,8,5810,154.76,3,245.53,9,5868,328.8,3,137.94,9,5890,296.68,3,166.3,9,5898,240.43,3,175.02,9,5971,324.71,3,168.02,9,5981,316.12,3,43.12,8,5993,324.37,3,14.5,8,6003,300.26,3,155.0,9,6009,549.57,3,235.96,8,
3411,5672,444.36,3,141.46,9,5707,165.75,3,158.64,8,5810,127.14,3,262.27,9,5868,332.49,3,124.63,9,5890,308.17,3,157.71,9,5898,241.84,3,173.42,9,5971,324.26,3,168.03,9,5981,318.9,3,31.38,8,5993,326.65,3,19.59,8,6003,294.12,3,159.74,9,6009,551.02,3,236.85,8,
3412,5672,452.33,3,146.94,9,5707,138.12,3,182.34,8,5810,98.52,3,282.69,9,5868,334.91,3,109.02,9,5890,315.17,3,151.29,9,5898,243.61,3,171.42,9,5971,324.19,3,168.04,9,5981,321.08,3,23.73,8,5993,329.92,3,26.78,8,6003,285.72,3,166.26,9,6009,552.9,3,238.17,8,6015,360.17,3,119.51,8,
3413,5672,455.9,3,149.29,9,5707,111.31,3,206.49,8,5868,336.67,3,91.55,9,5890,318.93,3,148.33,9,5898,245.19,3,169.64,9,5971,324.18,3,168.04,9,5981,322.81,3,14.45,8,5993,334.49,3,36.45,8,6003,275.64,3,174.17,9,6009,555.23,3,240.04,8,6015,358.99,3,119.81,8,
3414,5672,455.91,3,147.59,9,5707,85.31,3,230.81,8,5736,294.48,3,288.92,9,5868,339.71,3,71.92,9,5890,320.92,3,150.52,9,5898,247.03,3,167.58,9,5971,324.18,3,168.04,9,5981,323.93,3,8.39,8,5993,340.42,3,48.4,8,6003,263.95,3,183.33,9,6009,558.21,3,242.71,8,6015,356.76,3,120.43,8,
3415,5672,452.37,3,144.8,9,5736,292.63,3,262.94,9,5868,344.21,3,50.91,9,5890,319.1,3,155.53,9,5898,249.21,3,165.16,9,5971,324.18,3,168.04,9,5981,328.9,3,19.01,8,5993,347.79,3,62.47,8,6003,250.2,3,193.2,9,6009,562.15,3,246.66,8,6015,352.86,3,121.7,8,
3416,5672,447.38,3,141.29,9,5736,293.84,3,237.41,9,5868,350.7,3,28.18,9,5890,316.27,3,162.81,9,5898,250.68,3,163.55,9,5971,324.18,3,168.04,9,5981,336.41,3,35.05,8,5993,356.6,3,78.37,8,6003,234.35,3,203.23,9,6015,347.93,3,123.63,8,
3417,5672,440.73,3,136.75,9,5736,299.16,3,213.28,9,5868,359.47,3,3.57,9,5890,312.47,3,172.15,9,5898,252.27,3,161.8,9,5971,324.18,3,168.04,9,5981,345.5,3,53.26,8,5993,367.42,3,96.81,8,6003,215.66,3,214.39,9,6015,341.6,3,126.65,8,
3418,5672,431.99,3,132.35,9,5736,306.46,3,193.27,9,5810,73.73,3,243.0,8,5868,369.53,3,20.81,9,5890,307.22,3,183.45,9,5898,253.88,3,160.04,9,5971,324.18,3,168.04,9,5981,356.37,3,73.47,8,5993,380.62,3,117.65,8,6003,194.2,3,225.6,9,6015,333.99,3,131.05,8,
3419,5672,421.29,3,128.15,9,5736,313.37,3,177.79,9,5810,101.7,3,217.35,8,5868,378.66,3,39.85,9,5890,301.53,3,196.8,9,5898,255.18,3,158.64,9,5971,324.18,3,168.04,9,5981,368.95,3,95.25,8,5993,396.66,3,140.47,8,6003,170.85,3,237.17,9,6015,325.32,3,137.09,8,
3420,5672,408.97,3,124.37,9,5707,84.58,3,298.81,9,5736,318.39,3,166.17,9,5810,130.02,3,192.3,8,5868,386.12,3,54.43,9,5890,296.08,3,212.27,9,5898,257.48,3,156.18,9,5971,324.18,3,168.04,9,5981,383.82,3,118.88,8,5993,416.02,3,165.67,8,6003,146.05,3,250.43,9,6015,317.43,3,143.55,8,
3421,5672,395.46,3,122.23,9,5707,111.81,3,277.91,9,5736,321.33,3,158.54,9,5810,157.9,3,168.76,8,5868,391.7,3,64.84,9,5890,291.64,3,230.58,9,5898,259.14,3,154.39,9,5971,323.12,3,168.17,9,5981,401.04,3,143.38,8,5993,438.43,3,192.84,8,6003,119.75,3,267.28,9,6015,309.34,3,151.1,8,
3422,5672,380.49,3,122.55,9,5707,139.52,3,259.19,9,5736,325.12,3,148.57,9,5810,185.59,3,146.99,8,5868,394.62,3,70.72,9,5890,289.66,3,250.58,9,5898,260.92,3,152.5,9,5971,319.87,3,168.63,9,5981,419.8,3,167.65,8,5993,461.91,3,221.29,8,6003,91.66,3,288.04,9,6015,301.66,3,159.15,8,
3423,5672,363.79,3,125.93,9,5707,167.29,3,243.94,9,5736,329.3,3,136.47,9,5810,214.31,3,127.12,8,5868,394.19,3,75.63,9,5890,289.75,3,272.54,9,5898,262.88,3,150.44,9,5971,315.44,3,170.41,9,5981,439.17,3,191.27,8,6015,294.24,3,167.49,8,
3424,5672,344.86,3,130.35,9,5707,194.86,3,230.42,9,5736,332.89,3,122.74,9,5810,242.73,3,111.53,8,5868,390.18,3,76.12,9,5890,292.37,3,296.7,9,5898,265.21,3,148.0,9,5971,310.95,3,175.45,9,5981,458.57,3,214.92,8,6015,286.69,3,176.26,8,
3425,5707,221.77,3,216.9,9,5736,335.11,3,106.46,9,5810,271.32,3,101.06,8,5868,387.76,3,75.91,9,5898,266.65,3,146.5,9,5971,307.11,3,183.71,9,5981,478.24,3,238.57,8,6015,279.72,3,185.16,8,
3426,5707,247.14,3,201.1,9,5736,337.13,3,87.98,9,5810,299.4,3,97.53,8,5868,385.61,3,75.72,9,5898,268.98,3,144.1,9,5971,302.59,3,194.22,9,6012,563.14,3,249.69,8,6015,273.02,3,194.54,8,
3427,5707,271.11,3,185.28,9,5736,340.55,3,67.45,9,5810,328.15,3,100.44,8,5868,383.65,3,75.61,9,5898,271.27,3,141.77,9,5971,297.87,3,206.33,9,6012,556.84,3,243.69,8,6015,266.57,3,204.46,8,
3428,5707,290.0,3,171.57,9,5736,345.49,3,46.02,9,5810,356.06,3,108.49,8,5868,381.62,3,75.57,9,5898,273.62,3,139.4,9,5971,294.0,3,220.21,9,6003,95.39,3,223.04,8,6012,549.13,3,236.4,8,6015,260.82,3,214.2,8,
3429,5707,304.44,3,160.51,9,5736,350.41,3,29.08,9,5810,384.55,3,122.93,8,5868,379.43,3,75.59,9,5898,275.05,3,137.95,9,5971,290.79,3,235.85,9,6003,126.16,3,195.66,8,6012,539.07,3,226.97,8,6015,255.66,3,223.84,8,
3430,5707,314.42,3,151.96,9,5736,354.54,3,16.57,9,5810,413.01,3,141.2,8,5868,377.84,3,75.66,9,5898,277.28,3,135.74,9,5971,289.56,3,253.54,9,6003,156.31,3,170.06,8,6012,528.47,3,217.16,8,6015,251.01,3,233.51,8,6023,329.53,3,230.29,8,
3431,5707,320.26,3,145.92,9,5736,357.42,3,8.52,9,5810,441.55,3,162.49,8,5868,375.36,3,75.84,9,5898,279.36,3,133.69,9,5971,289.76,3,272.65,9,6003,187.64,3,145.47,8,6012,517.02,3,206.73,8,6015,246.8,3,243.35,8,6023,322.61,3,208.88,8,
3432,5707,326.3,3,138.05,9,5736,360.32,3,4.7,9,5810,466.71,3,183.04,8,5868,372.97,3,76.1,9,5898,281.06,3,132.02,9,5971,291.96,3,293.5,9,6003,218.5,3,124.53,8,6012,505.55,3,196.49,8,6023,316.98,3,187.42,8,
3433,5707,331.9,3,127.48,9,5736,365.96,3,8.79,9,5810,487.44,3,200.98,8,5868,370.95,3,76.39,9,5898,283.29,3,129.85,9,6003,249.41,3,108.65,8,6012,494.54,3,186.91,8,6023,312.84,3,166.66,8,
3434,5707,334.62,3,113.27,9,5736,373.17,3,16.55,9,5810,503.7,3,215.4,8,5868,369.12,3,76.7,9,5898,285.38,3,127.84,9,5991,532.67,3,246.78,8,6003,279.73,3,99.18,8,6012,483.89,3,177.89,8,6023,310.04,3,145.99,8,
3435,5707,335.99,3,97.29,9,5736,381.69,3,25.74,9,5810,516.41,3,226.85,8,5868,367.18,3,77.09,9,5898,287.08,3,126.22,9,5991,533.03,3,245.17,8,6003,310.28,3,98.12,8,6012,473.29,3,169.23,8,6023,308.62,3,124.89,8,
3436,5707,338.49,3,78.91,9,5736,391.78,3,36.59,9,5810,524.62,3,234.33,8,5868,364.89,3,77.63,9,5898,289.42,3,124.01,9,5991,534.68,3,244.38,8,6003,340.87,3,103.25,8,6012,462.69,3,160.94,8,6023,308.64,3,103.8,8,
3437,5707,342.46,3,58.28,9,5736,403.32,3,48.97,9,5810,529.51,3,239.66,8,5868,363.14,3,78.09,9,5898,290.88,3,122.65,9,5991,541.54,3,249.88,8,6003,371.73,3,115.78,8,6012,452.6,3,153.47,8,6023,310.09,3,83.18,8,
3438,5707,347.34,3,39.33,9,5736,416.75,3,63.31,9,5810,529.91,3,241.84,8,5868,361.54,3,78.56,9,5898,292.45,3,121.19,9,6003,402.3,3,133.93,8,6012,441.96,3,146.1,8,6023,312.78,3,61.65,8,
3439,5707,351.93,3,24.33,9,5736,431.91,3,79.42,9,5810,529.42,3,244.01,8,5868,359.68,3,79.14,9,5898,294.83,3,119.01,9,6003,432.77,3,155.69,8,6012,431.38,3,139.41,8,6023,315.78,3,44.73,8,
3440,5707,355.48,3,13.86,9,5736,448.96,3,97.46,9,5810,528.91,3,247.25,8,5868,357.73,3,79.8,9,5898,297.21,3,116.85,9,6003,463.94,3,180.69,8,6012,421.19,3,133.66,8,6023,318.61,3,32.52,8,
3441,5707,357.64,3,7.93,9,5736,468.17,3,117.7,9,5810,525.64,3,246.56,8,5868,356.07,3,80.4,9,5898,299.38,3,114.92,9,6003,494.06,3,206.82,8,6012,410.26,3,128.09,8,6023,320.71,3,24.94,8,
3442,5707,360.97,3,4.71,9,5736,489.63,3,140.19,9,5810,519.04,3,241.0,8,5868,354.55,3,80.99,9,5898,301.05,3,113.44,9,6003,522.81,3,232.68,8,6012,400.98,3,124.01,8,6023,321.84,3,21.37,8,
3443,5707,366.04,3,8.87,9,5736,512.97,3,164.56,9,5810,509.82,3,232.99,8,5868,352.35,3,81.89,9,5898,302.91,3,111.82,9,6012,394.9,3,121.76,8,6023,322.78,3,15.92,8,
3444,5707,373.24,3,16.62,9,5736,538.63,3,191.24,9,5810,498.81,3,223.55,8,5868,350.85,3,82.54,9,5898,304.48,3,110.47,9,6012,390.96,3,120.55,8,6023,323.13,3,9.73,8,
3445,5707,382.04,3,26.11,9,5736,564.08,3,217.61,9,5810,485.75,3,212.56,8,5868,348.7,3,83.52,9,5898,306.57,3,108.68,9,6012,388.69,3,122.01,8,6023,324.92,3,9.94,8,
3446,5707,392.79,3,37.68,9,5736,587.31,3,241.5,9,5810,471.65,3,200.97,8,5868,347.14,3,84.27,9,5898,308.09,3,107.4,9,6012,391.85,3,127.33,8,6023,329.06,3,19.36,8,
3447,5707,404.88,3,50.63,9,5736,606.47,3,261.12,9,5810,458.19,3,190.24,8,5868,345.33,3,85.17,9,5898,309.85,3,105.95,9,6012,397.48,3,135.29,8,6023,335.26,3,32.64,8,
3448,5707,418.97,3,65.67,9,5736,621.49,3,276.49,9,5810,444.13,3,179.42,8,5868,342.86,3,86.47,9,5898,311.34,3,104.71,9,6012,402.73,3,145.69,8,6023,342.92,3,48.22,8,
3449,5707,434.95,3,82.64,9,5736,632.26,3,287.49,9,5810,431.35,3,171.21,8,5868,340.6,3,87.72,9,5898,312.82,3,103.51,9,6012,412.33,3,158.39,8,6023,352.05,3,65.62,8,6068,539.96,3,230.54,8,
3450,5707,452.42,3,101.11,9,5736,638.78,3,294.1,9,5810,417.9,3,163.29,8,5868,338.89,3,88.7,9,5898,314.98,3,101.79,9,6012,424.23,3,173.09,8,6023,362.57,3,84.38,8,6068,539.7,3,230.52,8,
3451,5707,471.61,3,121.31,9,5810,404.71,3,156.34,8,5868,337.13,3,89.74,9,5898,316.73,3,100.42,9,6012,438.17,3,190.05,8,6023,374.76,3,104.85,8,6068,538.95,3,230.49,8,
3452,5707,492.19,3,142.87,9,5810,390.96,3,150.05,8,5868,335.43,3,90.77,9,5898,318.15,3,99.32,9,5905,294.59,3,289.81,9,6012,451.5,3,208.72,8,6023,387.4,3,127.6,8,6068,538.0,3,230.55,8,6072,299.05,3,21.81,8,
3453,5707,514.87,3,166.54,9,5810,377.72,3,145.08,8,5868,333.11,3,92.23,9,5898,320.37,3,97.63,9,5905,292.63,3,261.92,9,6012,468.65,3,229.37,8,6023,405.27,3,152.21,8,6068,536.72,3,230.85,8,6072,297.46,3,23.4,8,
3454,5707,539.03,3,191.66,9,5810,364.69,3,140.22,8,5868,331.09,3,93.54,9,5898,322.09,3,96.34,9,5905,294.2,3,234.74,9,6023,426.72,3,178.72,8,6068,535.19,3,231.62,8,6072,293.91,3,26.99,8,
3455,5707,565.09,3,218.65,9,5810,351.07,3,135.91,8,5868,329.42,3,94.66,9,5898,323.67,3,95.19,9,5905,299.68,3,211.42,9,6023,448.52,3,205.09,8,6068,533.57,3,233.12,8,6072,288.01,3,33.09,8,
3456,5707,587.98,3,242.19,9,5810,337.56,3,132.93,8,5868,327.26,3,96.13,9,5898,325.26,3,94.04,9,5905,306.75,3,192.57,9,6023,470.69,3,231.81,8,6068,532.44,3,234.81,8,6072,280.16,3,41.33,8,
3457,5707,606.6,3,261.25,9,5810,325.15,3,127.48,8,5868,325.75,3,97.18,9,5898,326.75,3,92.99,9,5905,313.31,3,177.91,9,6068,531.9,3,235.89,8,6072,270.71,3,51.38,8,
3458,5707,621.31,3,276.3,9,5810,322.74,3,113.99,8,5868,323.66,3,98.68,9,5898,329.02,3,91.42,9,5905,318.41,3,166.13,9,6068,529.75,3,235.87,8,6072,261.64,3,61.16,8,
3459,5707,631.79,3,287.01,9,5868,321.63,3,100.16,9,5898,330.43,3,90.47,9,5905,321.42,3,158.33,9,6068,522.78,3,230.0,8,6072,252.95,3,70.6,8,
3460,5707,637.89,3,293.22,9,5868,319.73,3,101.58,9,5898,332.06,3,89.39,9,5905,324.92,3,149.18,9,6068,512.74,3,220.78,8,6072,243.49,3,80.97,8,
3461,5707,645.21,3,299.97,9,5868,318.31,3,102.66,9,5898,334.45,3,87.86,9,5905,328.69,3,138.27,9,6068,500.92,3,209.99,8,6072,234.76,3,90.65,8,
3462,5868,316.06,3,104.4,9,5898,336.55,3,86.56,9,5905,332.39,3,125.11,9,6068,487.14,3,197.52,8,6072,225.27,3,101.27,8,
3463,5868,313.56,3,106.37,9,5898,338.23,3,85.56,9,5905,334.85,3,109.75,9,6068,471.82,3,183.88,8,6072,215.87,3,111.92,8,
3464,5868,312.2,3,107.46,9,5898,340.77,3,84.1,9,5905,336.61,3,91.94,9,6068,454.67,3,168.94,8,6072,207.2,3,121.88,8,
3465,5680,295.04,3,293.25,9,5868,310.48,3,108.86,9,5898,342.52,3,83.13,9,5905,339.73,3,71.81,9,6068,436.2,3,153.42,8,6072,198.62,3,131.88,8,
3466,5680,292.68,3,267.61,9,5868,308.14,3,110.8,9,5898,344.0,3,82.35,9,5905,344.44,3,50.03,9,6068,416.19,3,137.55,8,6072,189.97,3,142.14,8,
3467,5680,293.33,3,242.84,9,5868,305.68,3,112.86,9,5898,346.03,3,81.29,9,5905,351.14,3,26.77,9,6068,394.34,3,121.63,8,6072,181.33,3,152.61,8,
3468,5680,297.74,3,218.6,9,5868,303.71,3,114.54,9,5898,348.35,3,80.17,9,5905,360.18,3,2.37,9,5961,293.38,3,278.47,9,6068,370.98,3,106.89,8,6072,173.05,3,163.27,8,
3469,5680,304.47,3,198.13,9,5868,301.94,3,116.08,9,5898,350.79,3,79.05,9,5905,370.02,3,21.89,9,5920,294.55,3,289.52,9,5961,292.8,3,252.74,9,6068,345.89,3,94.52,8,6072,165.75,3,173.02,8,
3470,5680,311.46,3,181.88,9,5868,299.48,3,118.24,9,5898,352.36,3,78.37,9,5905,379.14,3,40.83,9,5920,292.62,3,263.51,9,5961,295.71,3,227.08,9,6068,319.41,3,87.05,8,6072,158.33,3,183.31,8,
3471,5661,294.19,3,286.47,9,5680,317.12,3,169.41,9,5736,656.88,3,298.34,9,5868,297.91,3,119.63,9,5898,354.06,3,77.67,9,5905,386.58,3,55.29,9,5920,293.76,3,238.14,9,5961,301.33,3,206.28,9,6068,291.76,3,86.52,8,6072,151.28,3,193.55,8,
3472,5661,292.65,3,259.57,9,5680,320.46,3,160.78,9,5736,654.69,3,296.13,9,5868,295.57,3,121.74,9,5898,355.78,3,77.01,9,5905,391.93,3,65.26,9,5920,298.25,3,216.69,9,5961,307.76,3,190.18,9,6068,264.7,3,93.78,8,6072,144.41,3,204.13,8,
3473,5661,293.99,3,236.25,9,5680,322.46,3,155.71,9,5736,652.5,3,293.92,9,5868,293.3,3,123.82,9,5898,358.06,3,76.2,9,5905,394.6,3,70.7,9,5920,303.74,3,199.98,9,5961,313.48,3,177.57,9,6068,237.76,3,106.74,8,6072,138.31,3,214.19,8,
3474,5661,297.97,3,217.71,9,5680,322.27,3,152.73,9,5736,650.68,3,292.09,9,5868,291.96,3,125.05,9,5898,360.13,3,75.52,9,5905,394.22,3,75.61,9,5920,309.03,3,187.26,9,5961,317.28,3,168.99,9,6068,210.75,3,123.72,8,6072,132.59,3,224.42,8,
3475,5661,302.58,3,202.98,9,5680,319.91,3,153.54,9,5736,649.18,3,290.59,9,5868,290.01,3,126.86,9,5898,362.03,3,74.96,9,5905,390.83,3,76.12,9,5920,312.97,3,178.62,9,5961,319.58,3,163.08,9,6068,183.61,3,144.08,8,6072,127.57,3,234.39,8,
3476,5661,307.13,3,191.67,9,5680,318.11,3,158.03,9,5736,647.03,3,288.42,9,5868,287.99,3,128.75,9,5898,363.48,3,74.55,9,5905,388.3,3,75.96,9,5920,316.04,3,171.96,9,5961,321.43,3,158.29,9,6068,156.92,3,166.05,8,6072,122.95,3,244.85,8,6079,523.42,3,230.59,8,
3477,5661,310.68,3,183.59,9,5736,645.27,3,286.64,9,5868,285.85,3,130.78,9,5898,365.38,3,74.09,9,5905,386.52,3,75.79,9,5920,318.05,3,167.04,9,5961,324.57,3,151.47,9,6068,130.58,3,189.03,8,6073,532.46,3,247.9,8,6079,501.16,3,210.21,8,
3478,5661,314.01,3,176.46,9,5736,643.35,3,284.72,9,5868,283.77,3,132.77,9,5898,367.89,3,73.55,9,5905,384.71,3,75.67,9,5920,320.66,3,160.25,9,5961,330.1,3,143.31,9,6068,104.37,3,212.89,8,6073,532.94,3,245.54,8,6079,479.46,3,190.65,8,6110,564.07,3,220.66,9,
3479,5661,317.22,3,169.16,9,5736,642.01,3,283.37,9,5868,282.01,3,134.48,9,5898,370.24,3,73.14,9,5905,382.34,3,75.59,9,5920,322.38,3,155.91,9,5961,338.54,3,135.91,9,6068,77.62,3,238.19,8,6073,533.69,3,244.13,8,6079,457.46,3,171.35,8,6102,550.28,3,295.08,9,6110,563.04,3,220.13,9,
3480,5661,318.86,3,164.96,9,5736,640.11,3,281.46,9,5868,279.6,3,136.83,9,5898,371.82,3,72.91,9,5905,380.03,3,75.58,9,5920,324.85,3,149.38,9,5961,350.67,3,132.12,9,6073,538.52,3,247.18,8,6079,435.69,3,153.0,8,6102,537.22,3,285.52,9,6110,561.04,3,219.14,9,
3481,5661,321.15,3,159.0,9,5736,638.13,3,279.47,9,5868,277.35,3,139.06,9,5898,373.4,3,72.72,9,5905,377.6,3,75.67,9,5920,327.88,3,140.66,9,5961,365.2,3,129.04,9,6079,414.11,3,135.96,8,6102,522.8,3,275.3,9,6110,557.82,3,217.65,9,
3482,5661,322.42,3,155.82,9,5667,464.01,3,227.19,8,5736,636.45,3,277.78,9,5868,275.79,3,140.6,9,5898,375.63,3,72.53,9,5905,375.11,3,75.86,9,5920,331.43,3,129.54,9,5961,380.7,3,125.88,9,6079,392.0,3,120.05,8,6102,508.66,3,265.66,9,6110,553.41,3,215.83,9,
3483,5661,324.14,3,151.26,9,5667,439.34,3,198.0,8,5736,634.48,3,275.8,9,5868,273.8,3,142.61,9,5898,377.77,3,72.41,9,5905,373.6,3,76.02,9,5920,334.36,3,116.24,9,5961,398.37,3,125.58,9,6079,370.55,3,106.64,8,6102,494.36,3,256.34,9,6110,547.76,3,213.89,9,
3484,5661,326.46,3,144.7,9,5667,414.71,3,169.68,8,5736,632.0,3,273.32,9,5868,271.44,3,144.99,9,5898,379.51,3,72.38,9,5905,371.21,3,76.35,9,5920,335.68,3,100.3,9,5961,418.36,3,129.87,9,6079,349.25,3,95.9,8,6102,480.12,3,246.23,9,6110,541.35,3,212.33,9,6118,318.05,3,158.18,9,
3485,5661,329.55,3,135.75,9,5667,390.52,3,140.33,8,5736,630.13,3,271.44,9,5868,269.93,3,146.54,9,5898,381.23,3,72.39,9,5905,369.52,3,76.64,9,5920,337.85,3,83.03,9,5961,441.07,3,139.27,9,6068,92.12,3,292.78,9,6079,327.6,3,88.87,8,6102,468.48,3,232.09,9,6110,534.07,3,211.43,9,6118,317.19,3,160.41,9,6120,319.49,3,109.83,8,
3486,5661,332.47,3,124.71,9,5667,369.3,3,111.54,8,5736,628.42,3,269.73,9,5868,268.44,3,148.07,9,5898,383.57,3,72.48,9,5905,367.5,3,77.03,9,5920,341.31,3,63.68,9,5961,466.05,3,156.88,9,6068,119.32,3,272.58,9,6079,305.49,3,85.68,8,6102,463.25,3,222.32,9,6110,529.18,3,211.44,9,6118,315.67,3,164.39,9,6120,319.5,3,111.25,8,
3487,5661,334.76,3,111.1,9,5667,352.48,3,83.61,8,5736,626.57,3,267.88,9,5868,266.13,3,150.46,9,5898,385.45,3,72.62,9,5905,364.97,3,77.61,9,5920,346.14,3,43.64,9,5961,486.17,3,174.51,9,6068,146.61,3,254.89,9,6079,283.68,3,88.03,8,6102,460.79,3,216.65,9,6110,526.43,3,211.68,9,6118,313.26,3,170.34,9,6120,319.56,3,114.14,8,
3488,5661,336.18,3,95.52,9,5667,339.47,3,60.11,8,5736,624.71,3,266.01,9,5868,264.39,3,152.28,9,5898,388.06,3,72.9,9,5905,363.01,3,78.13,9,5920,351.05,3,27.08,9,5961,501.53,3,189.58,9,6068,174.24,3,240.84,9,6079,262.47,3,94.64,8,6102,454.8,3,208.67,9,6110,522.66,3,210.86,9,6118,309.66,3,178.16,9,6120,319.73,3,119.45,8,
3489,5661,338.75,3,77.41,9,5667,329.81,3,41.13,8,5736,622.29,3,263.59,9,5868,262.26,3,154.51,9,5898,389.51,3,72.95,9,5905,361.2,3,78.65,9,5920,355.06,3,15.05,9,5961,511.52,3,201.06,9,6068,201.86,3,226.95,9,6079,240.16,3,105.44,8,6102,446.16,3,202.99,9,6110,517.24,3,205.67,9,6118,305.2,3,188.03,9,6120,321.91,3,127.13,8,
3490,5661,342.77,3,56.89,9,5667,322.77,3,26.2,8,5736,620.62,3,261.92,9,5868,260.24,3,156.66,9,5898,391.8,3,72.22,9,5905,359.14,3,79.31,9,5920,357.77,3,7.6,9,5961,517.72,3,208.03,9,6068,228.84,3,213.02,9,6079,218.7,3,118.33,8,6102,435.99,3,197.43,9,6110,510.63,3,198.06,9,6118,300.57,3,199.22,9,6120,328.68,3,134.65,8,
3491,5661,347.43,3,39.02,9,5667,317.97,3,15.41,8,5736,619.18,3,260.48,9,5868,258.32,3,158.71,9,5898,390.1,3,66.79,9,5905,356.85,3,80.11,9,5920,361.57,3,4.96,9,5961,524.59,3,213.9,9,6068,254.58,3,196.31,9,6079,196.83,3,133.85,8,6102,423.87,3,191.31,9,6110,501.84,3,187.91,9,6118,296.2,3,211.87,9,6120,339.94,3,136.38,8,
3492,5661,351.73,3,24.93,9,5667,317.82,3,9.29,8,5736,616.79,3,258.09,9,5868,256.36,3,160.83,9,5898,385.86,3,59.0,9,5905,354.36,3,81.06,9,5920,367.23,3,10.15,9,5961,528.68,3,214.95,9,6068,279.49,3,179.54,9,6079,175.54,3,150.56,8,6102,409.57,3,184.86,9,6110,489.79,3,176.1,9,6118,292.58,3,226.21,9,6120,351.94,3,139.06,8,
3493,5661,357.02,3,9.6,9,5667,323.61,3,8.6,8,5736,615.2,3,256.51,9,5868,254.74,3,162.59,9,5898,380.59,3,49.04,9,5905,352.56,3,81.8,9,5920,374.71,3,18.2,9,5961,532.55,3,214.61,9,6068,302.47,3,161.95,9,6079,153.84,3,168.68,8,6102,394.9,3,179.19,9,6110,476.23,3,163.07,9,6118,290.12,3,242.44,9,6120,363.71,3,142.66,8,
3494,5661,363.89,3,8.27,9,5667,332.91,3,17.43,8,5736,613.37,3,254.68,9,5868,252.63,3,164.88,9,5898,374.25,3,36.54,9,5905,350.16,3,82.85,9,5920,384.04,3,28.27,9,5961,537.67,3,214.68,9,6068,324.13,3,144.27,9,6079,132.58,3,187.25,8,6102,380.3,3,174.6,9,6110,460.75,3,150.9,9,6118,289.42,3,261.41,9,6120,375.94,3,147.24,8,
3495,5661,372.87,3,27.97,9,5667,344.42,3,29.4,8,5736,611.86,3,253.18,9,5868,250.78,3,166.93,9,5898,367.04,3,21.53,9,5905,347.99,3,83.85,9,5920,394.86,3,39.9,9,5961,544.05,3,215.5,9,6068,348.02,3,132.85,9,6079,110.71,3,207.04,8,6102,365.77,3,171.16,9,6110,442.69,3,138.06,9,6118,290.61,3,282.52,9,6120,386.99,3,151.05,8,
3496,5661,383.81,3,49.99,9,5667,357.34,3,42.99,8,5736,609.97,3,251.29,9,5868,249.3,3,168.56,9,5898,359.49,3,4.59,9,5905,345.98,3,84.85,9,5920,407.47,3,53.41,9,5961,551.95,3,217.5,9,6068,372.5,3,127.27,9,6079,89.0,3,227.31,8,6102,351.43,3,168.93,9,6110,423.81,3,129.07,9,6120,398.93,3,156.02,8,
3497,5661,396.52,3,73.67,9,5667,371.86,3,58.26,8,5736,608.3,3,249.63,9,5868,247.96,3,170.06,9,5898,352.23,3,14.52,9,5905,343.77,3,85.99,9,5920,422.49,3,69.41,9,5961,561.04,3,220.99,9,6068,396.94,3,125.44,9,6072,185.73,3,293.72,9,6079,68.68,3,246.91,8,6102,338.51,3,167.96,9,6110,403.16,3,123.19,9,6120,410.97,3,161.84,8,
3498,5661,410.94,3,99.19,9,5667,388.2,3,75.4,8,5736,606.51,3,247.84,9,5868,245.84,3,172.42,9,5898,345.27,3,35.91,9,5905,341.36,3,87.28,9,5920,439.38,3,87.33,9,6068,422.84,3,131.37,9,6072,193.66,3,287.76,9,6102,329.32,3,167.86,9,6110,381.63,3,122.42,9,6120,422.75,3,168.23,8,
3499,5661,427.37,3,126.43,9,5667,406.6,3,94.52,8,5736,604.27,3,245.62,9,5868,244.32,3,174.14,9,5898,339.19,3,58.99,9,5905,338.98,3,88.64,9,5920,458.59,3,107.61,9,6068,448.61,3,144.36,9,6072,201.74,3,281.99,9,6102,324.62,3,168.02,9,6110,364.69,3,125.68,9,6120,434.64,3,175.29,8,
3500,5661,445.53,3,154.68,9,5667,427.5,3,115.58,8,5736,602.85,3,244.21,9,5868,242.38,3,176.34,9,5898,334.91,3,81.59,9,5905,337.02,3,89.81,9,5920,480.34,3,130.46,9,5938,541.89,3,247.8,8,6068,475.48,3,164.34,9,6072,210.37,3,276.17,9,6102,317.75,3,169.36,9,6110,350.85,3,128.66,9,6120,446.99,3,183.43,8,
3501,5661,464.21,3,182.24,9,5667,450.26,3,138.5,8,5736,601.45,3,242.82,9,5868,240.82,3,178.14,9,5898,332.55,3,99.7,9,5905,334.89,3,91.11,9,5920,504.43,3,155.65,9,5938,536.27,3,242.13,8,6068,501.73,3,189.81,9,6072,219.34,3,270.46,9,6102,310.91,3,175.53,9,6110,341.18,3,131.54,9,6120,459.5,3,193.01,8,
3502,5661,484.22,3,210.46,9,5667,473.7,3,162.11,8,5736,600.14,3,241.52,9,5868,239.2,3,179.99,9,5898,331.4,3,113.59,9,5905,332.46,3,92.65,9,5920,530.41,3,182.7,9,5938,534.93,3,239.38,8,6020,594.34,3,298.25,9,6068,524.68,3,216.34,9,6072,228.2,3,265.17,9,6102,306.19,3,185.76,9,6110,335.38,3,134.1,9,6120,471.29,3,202.33,8,6144,292.66,3,57.97,8,
3503,5661,504.74,3,238.31,9,5667,495.44,3,183.99,8,5736,598.35,3,239.74,9,5868,237.6,3,181.84,9,5898,329.62,3,122.88,9,5905,330.07,3,94.22,9,5920,556.83,3,210.11,9,5938,535.57,3,238.04,8,6020,570.03,3,269.54,9,6068,547.33,3,244.08,9,6072,236.96,3,260.25,9,6102,300.97,3,198.21,9,6110,328.94,3,140.14,9,6120,483.47,3,212.22,8,6144,292.34,3,59.84,8,
3504,5661,526.02,3,266.27,9,5667,512.87,3,201.53,8,5736,596.66,3,238.07,9,5868,235.58,3,184.21,9,5898,328.61,3,127.72,9,5905,328.48,3,95.29,9,5920,580.5,3,234.52,9,5938,536.47,3,236.63,8,5983,467.17,3,231.03,8,6020,546.96,3,241.66,9,6068,569.46,3,270.72,9,6072,246.38,3,255.33,9,6079,91.02,3,293.65,9,6102,295.83,3,213.22,9,6110,322.18,3,149.37,9,6120,495.9,3,222.55,8,6144,291.74,3,63.45,8,
3505,5661,547.86,3,294.19,9,5667,525.93,3,214.67,8,5736,595.06,3,236.48,9,5868,233.75,3,186.36,9,5898,326.58,3,134.74,9,5905,326.59,3,96.6,9,5920,601.35,3,255.88,9,5938,537.81,3,235.22,8,5983,444.3,3,203.64,8,6020,523.35,3,212.77,9,6068,593.02,3,298.46,9,6072,256.04,3,250.7,9,6079,112.65,3,277.3,9,6102,291.78,3,229.85,9,6110,316.89,3,161.18,9,6120,508.4,3,233.16,8,6144,291.0,3,68.37,8,
3506,5667,535.53,3,224.32,8,5736,592.91,3,234.35,9,5868,231.92,3,188.53,9,5898,323.61,3,143.35,9,5905,324.17,3,98.31,9,5920,617.84,3,272.75,9,5938,539.65,3,234.13,8,5983,421.93,3,178.03,8,6020,498.72,3,184.74,9,6072,265.62,3,246.5,9,6079,133.91,3,262.71,9,6102,289.76,3,248.5,9,6110,311.37,3,174.56,9,6120,516.87,3,240.45,8,6144,290.16,3,74.75,8,
3507,5667,540.89,3,230.11,8,5736,591.08,3,232.54,9,5868,230.54,3,190.17,9,5898,319.98,3,153.35,9,5905,322.49,3,99.53,9,5920,629.94,3,285.12,9,5938,542.01,3,233.68,8,5958,462.41,3,227.63,8,5983,403.76,3,156.95,8,6020,470.97,3,158.62,9,6072,275.45,3,242.61,9,6079,155.45,3,249.71,9,6102,289.53,3,269.07,9,6110,304.72,3,189.15,9,6120,521.76,3,244.69,8,6126,562.12,3,248.71,8,6144,289.29,3,82.93,8,
3508,5667,540.35,3,230.59,8,5736,588.78,3,230.28,9,5868,229.04,3,191.97,9,5898,315.25,3,165.47,9,5905,320.71,3,100.85,9,5920,637.65,3,292.99,9,5958,440.3,3,201.48,8,5983,390.36,3,140.13,8,6020,442.08,3,137.66,9,6072,281.82,3,240.32,9,6079,177.44,3,239.2,9,6102,291.71,3,291.69,9,6110,298.14,3,205.61,9,6120,527.84,3,249.57,8,6126,555.72,3,242.63,8,6144,288.56,3,92.73,8,
3509,5667,538.67,3,230.49,8,5736,587.21,3,228.73,9,5868,227.75,3,193.54,9,5898,309.47,3,178.55,9,5905,319.1,3,102.06,9,5920,644.69,3,299.58,9,5958,419.28,3,177.56,8,5977,460.2,3,222.56,8,5983,380.54,3,127.24,8,6020,415.06,3,126.09,9,6072,284.05,3,239.56,9,6079,199.54,3,228.09,9,6110,293.05,3,224.16,9,6126,546.98,3,234.37,8,6144,288.12,3,104.53,8,
3510,5667,536.77,3,230.84,8,5736,585.11,3,226.66,9,5868,226.55,3,194.99,9,5898,302.71,3,193.89,9,5905,317.32,3,103.41,9,5958,402.17,3,157.87,8,5977,436.71,3,195.0,8,5983,376.58,3,119.17,8,6008,292.8,3,270.8,9,6020,388.5,3,121.93,9,6072,284.27,3,239.49,9,6079,221.43,3,217.07,9,6110,289.95,3,244.95,9,6120,532.34,3,248.65,8,6126,537.31,3,225.33,8,6144,291.42,3,118.11,8,
3511,5667,534.87,3,231.87,8,5736,583.07,3,224.65,9,5868,225.13,3,196.73,9,5898,296.39,3,211.17,9,5905,314.88,3,105.33,9,5958,389.69,3,142.42,8,5977,416.79,3,172.09,8,5983,381.42,3,116.03,8,6008,293.34,3,242.66,9,6020,363.36,3,126.06,9,6072,284.29,3,239.48,9,6079,242.64,3,203.99,9,6086,545.13,3,293.16,9,6110,289.49,3,268.01,9,6120,532.82,3,246.09,8,6126,527.3,3,216.09,8,6144,292.37,3,134.37,8,
3512,5667,533.23,3,233.58,8,5736,580.66,3,222.27,9,5868,223.52,3,198.71,9,5898,291.51,3,231.32,9,5905,313.36,3,106.53,9,5958,376.57,3,125.36,8,5977,400.04,3,152.61,8,5983,388.9,3,117.32,8,6008,297.54,3,219.43,9,6020,336.8,3,133.1,9,6072,284.3,3,239.48,9,6079,263.49,3,190.79,9,6086,537.42,3,283.42,9,6110,291.89,3,292.95,9,6120,533.16,3,244.69,8,6126,517.41,3,207.09,8,6144,294.43,3,151.98,8,
3513,5667,532.24,3,235.2,8,5736,578.43,3,220.08,9,5868,221.75,3,200.9,9,5898,289.53,3,254.35,9,5905,311.64,3,107.92,9,5958,363.76,3,106.86,8,5977,388.2,3,137.3,8,5983,397.09,3,120.1,8,6008,303.51,3,200.55,9,6020,311.0,3,147.27,9,6043,590.27,3,293.54,9,6072,284.3,3,239.48,9,6079,283.12,3,177.16,9,6086,528.07,3,271.49,9,6120,533.21,3,244.51,8,6126,507.76,3,198.44,8,6144,297.82,3,171.13,8,
3514,5667,531.8,3,236.14,8,5736,576.47,3,218.16,9,5868,220.07,3,202.99,9,5898,290.33,3,279.57,9,5905,310.25,3,109.05,9,5958,351.65,3,86.85,8,5977,379.97,3,126.48,8,5983,406.93,3,124.33,8,6008,309.46,3,186.29,9,6020,286.92,3,165.37,9,6043,582.07,3,283.9,9,6072,284.3,3,239.48,9,6079,297.75,3,165.48,9,6086,517.61,3,257.97,9,6120,533.23,3,244.45,8,6126,498.1,3,189.98,8,6144,302.89,3,192.12,8,
3515,5667,531.16,3,237.6,8,5736,574.42,3,216.14,9,5868,218.7,3,204.71,9,5905,307.98,3,110.92,9,5958,339.46,3,65.36,8,5977,376.66,3,118.94,8,5983,418.12,3,130.06,8,6008,314.09,3,176.28,9,6020,261.86,3,184.82,9,6043,572.05,3,271.96,9,6072,284.3,3,239.48,9,6079,308.63,3,157.27,9,6086,506.29,3,243.13,9,6120,533.24,3,244.42,8,6126,488.09,3,181.41,8,6144,309.97,3,215.05,8,
3516,5667,530.45,3,239.76,8,5736,572.98,3,214.73,9,5868,217.17,3,206.65,9,5905,306.52,3,112.15,9,5958,327.27,3,42.04,8,5977,381.77,3,115.99,8,5983,429.99,3,136.82,8,6008,321.95,3,171.54,9,6020,234.97,3,202.86,9,6043,560.24,3,257.78,9,6072,284.3,3,239.48,9,6079,315.18,3,151.28,9,6086,494.15,3,226.93,9,6120,533.13,3,243.97,8,6126,478.44,3,173.4,8,6144,319.31,3,239.87,8,6163,332.65,3,123.83,9,
3517,5667,529.66,3,242.88,8,5736,571.16,3,212.95,9,5868,215.82,3,208.38,9,5905,304.59,3,113.8,9,5958,315.62,3,17.66,8,5977,389.14,3,117.38,8,5983,441.86,3,144.51,8,6008,331.66,3,171.04,9,6020,207.73,3,218.78,9,6043,546.76,3,241.42,9,6072,284.3,3,239.48,9,6079,318.44,3,148.69,9,6086,480.59,3,208.45,9,6120,532.83,3,242.82,8,6126,468.88,3,165.74,8,6163,333.16,3,121.49,9,
3518,5667,528.96,3,246.91,8,5736,568.91,3,210.75,9,5868,214.47,3,210.12,9,5905,302.12,3,115.92,9,5958,305.87,3,12.14,8,5977,397.75,3,120.35,8,5983,453.9,3,153.09,8,6008,343.64,3,171.4,9,6020,179.74,3,232.61,9,6043,531.58,3,222.77,9,6072,284.3,3,239.48,9,6079,321.09,3,148.14,9,6086,465.95,3,187.95,9,6120,531.13,3,239.65,8,6126,458.84,3,158.04,8,6163,334.26,3,116.67,9,
3519,5736,567.36,3,209.24,9,5868,212.69,3,212.42,9,5905,300.04,3,117.74,9,5958,298.62,3,36.71,8,5977,407.79,3,124.74,8,5983,465.08,3,161.63,8,6008,357.72,3,172.88,9,6020,150.78,3,247.69,9,6072,284.3,3,239.48,9,6079,320.65,3,151.32,9,6086,450.81,3,166.07,9,6120,526.13,3,233.36,8,6126,449.33,3,151.14,8,6163,334.88,3,109.4,9,
3520,5736,565.87,3,207.78,9,5868,211.26,3,214.28,9,5905,297.63,3,119.89,9,5958,291.79,3,63.16,8,5977,419.92,3,131.02,8,5983,477.12,3,171.33,8,6008,372.45,3,175.65,9,6020,122.23,3,265.58,9,6072,284.3,3,239.48,9,6079,319.4,3,154.79,9,6086,435.37,3,142.82,9,6120,519.13,3,226.63,8,6126,439.57,3,144.54,8,6163,335.64,3,100.62,9,6169,548.21,3,235.26,8,
3521,5736,564.08,3,206.04,9,5868,209.37,3,216.77,9,5905,295.97,3,121.38,9,5958,288.74,3,89.91,8,5977,432.08,3,138.11,8,5983,488.4,3,180.81,8,6008,386.41,3,179.36,9,6020,93.45,3,286.64,9,6072,284.3,3,239.48,9,6079,317.26,3,160.24,9,6086,419.47,3,117.65,9,6120,510.68,3,218.89,8,6126,430.42,3,138.84,8,6163,336.92,3,89.6,9,6169,548.6,3,235.44,8,6171,633.16,3,287.67,9,
3522,5736,562.68,3,204.67,9,5868,208.13,3,218.42,9,5905,293.7,3,123.44,9,5958,288.16,3,116.08,8,5977,444.36,3,146.23,8,5983,500.03,3,190.91,8,6008,400.86,3,184.25,9,6072,284.3,3,239.48,9,6079,314.3,3,167.86,9,6086,403.49,3,90.72,9,6120,499.7,3,208.88,8,6126,421.19,3,133.66,8,6163,338.86,3,76.69,9,6169,549.54,3,235.95,8,6171,631.37,3,285.83,9,
3523,5736,561.01,3,203.06,9,5868,206.46,3,220.67,9,5905,291.86,3,125.13,9,5958,290.0,3,142.58,8,5977,455.69,3,154.42,8,5983,512.11,3,201.68,8,6008,414.82,3,189.89,9,6072,284.3,3,239.48,9,6079,310.24,3,176.94,9,6086,388.24,3,63.39,9,6120,486.67,3,197.1,8,6126,411.89,3,128.87,8,6163,341.73,3,61.65,9,6169,551.1,3,236.9,8,6171,628.2,3,282.6,9,
3524,5736,559.6,3,201.68,9,5868,204.58,3,223.21,9,5905,290.07,3,126.8,9,5958,294.28,3,169.28,8,5977,467.09,3,163.21,8,5983,523.9,3,212.43,8,6008,429.63,3,196.8,9,6072,284.3,3,239.48,9,6079,305.11,3,188.23,9,6086,374.08,3,36.21,9,6120,472.3,3,184.3,8,6126,402.45,3,124.6,8,6163,345.71,3,45.19,9,6169,553.24,3,238.43,8,6171,623.04,3,277.32,9,
3525,5736,557.13,3,199.29,9,5868,202.91,3,225.49,9,5905,288.18,3,128.57,9,5958,300.73,3,195.45,8,5977,479.01,3,172.89,8,5983,536.54,3,224.15,8,6008,440.81,3,202.59,9,6072,284.3,3,239.48,9,6079,299.89,3,200.98,9,6086,361.56,3,9.4,9,6120,456.09,3,170.17,8,6126,395.5,3,121.97,8,6163,350.52,3,28.75,9,6169,555.98,3,240.69,8,6171,616.2,3,270.31,9,
3526,5736,555.51,3,197.72,9,5868,201.27,3,227.76,9,5905,286.33,3,130.32,9,5958,309.38,3,221.97,8,5977,491.31,3,183.31,8,5983,549.27,3,236.14,8,6008,447.71,3,206.38,9,6072,284.3,3,239.48,9,6079,295.15,3,215.73,9,6086,351.38,3,16.92,9,6120,438.11,3,154.98,8,6126,392.42,3,120.95,8,6163,354.47,3,16.75,9,6169,559.47,3,243.94,8,6171,607.3,3,261.19,9,
3527,5736,553.18,3,195.47,9,5868,199.46,3,230.3,9,5905,284.68,3,131.9,9,5958,319.86,3,248.12,8,5977,503.85,3,194.29,8,5983,557.91,3,244.36,8,6008,451.24,3,207.81,9,6020,80.61,3,236.6,8,6072,284.3,3,239.48,9,6079,291.2,3,233.02,9,6086,343.06,3,43.62,9,6120,418.0,3,138.94,8,6126,388.95,3,120.59,8,6163,357.13,3,9.29,9,6169,562.98,3,247.53,8,6171,596.78,3,250.41,9,
3528,5736,551.74,3,194.08,9,5868,197.58,3,232.97,9,5905,282.96,3,133.56,9,5977,515.66,3,204.9,8,5983,562.42,3,248.68,8,6008,450.1,3,205.29,9,6020,109.18,3,210.64,8,6072,284.3,3,239.48,9,6079,289.59,3,252.31,9,6086,337.33,3,67.85,9,6120,395.57,3,122.48,8,6126,389.48,3,123.72,8,6163,357.36,3,6.12,9,6171,584.16,3,237.45,9,
3529,5736,549.96,3,192.36,9,5868,196.17,3,234.98,9,5905,281.27,3,135.2,9,5977,528.09,3,216.29,8,5983,563.75,3,249.94,8,6008,446.2,3,203.01,9,6020,137.51,3,185.85,8,6072,286.0,3,239.16,9,6079,289.8,3,273.33,9,6086,333.86,3,88.7,9,6120,370.62,3,106.67,8,6126,392.15,3,127.76,8,6163,354.56,3,8.07,9,6171,569.63,3,222.49,9,
3530,5736,548.16,3,190.64,9,5868,194.87,3,236.88,9,5905,279.33,3,137.1,9,5977,539.86,3,227.26,8,6008,440.39,3,199.79,9,6020,166.26,3,162.0,8,6072,289.58,3,240.85,9,6079,292.14,3,294.83,9,6086,332.04,3,105.05,9,6120,345.34,3,94.31,8,6126,396.62,3,134.08,8,6163,352.6,3,13.47,9,6171,553.36,3,205.65,9,
3531,5736,546.82,3,189.34,9,5868,193.61,3,238.72,9,5905,276.95,3,139.46,9,5977,549.55,3,236.4,8,6008,432.22,3,195.47,9,6020,194.79,3,140.29,8,6072,289.9,3,245.84,9,6086,330.88,3,117.24,9,6120,320.42,3,87.24,8,6126,402.87,3,142.82,8,6163,350.25,3,20.23,9,6171,534.66,3,186.22,9,
3532,5736,544.78,3,187.39,9,5868,191.98,3,241.13,9,5905,275.36,3,141.04,9,5977,555.63,3,242.18,8,6008,421.48,3,190.17,9,6020,223.21,3,121.71,8,6072,289.59,3,252.63,9,6086,329.19,3,124.86,9,6120,295.17,3,86.11,8,6126,410.26,3,152.99,8,6163,347.27,3,29.36,9,6171,513.68,3,164.36,9,
3533,5736,543.0,3,185.69,9,5868,190.83,3,242.85,9,5905,273.41,3,143.0,9,5977,560.94,3,247.26,8,6008,408.53,3,184.43,9,6020,252.26,3,107.52,8,6072,289.43,3,260.76,9,6086,326.9,3,133.79,9,6120,269.9,3,91.95,8,6126,419.85,3,165.06,8,6163,343.99,3,40.27,9,6171,490.55,3,140.17,9,
3534,5736,540.63,3,183.43,9,5868,189.21,3,245.3,9,5905,271.98,3,144.44,9,6008,394.25,3,178.97,9,6020,280.41,3,99.06,8,6072,289.66,3,271.22,9,6086,323.15,3,144.62,9,6120,244.29,3,103.18,8,6126,431.7,3,179.69,8,6163,340.4,3,53.71,9,6171,465.13,3,113.44,9,
3535,5736,538.43,3,181.33,9,5868,187.62,3,247.76,9,5905,269.63,3,146.84,9,6008,379.8,3,174.47,9,6020,309.58,3,98.08,8,6072,290.67,3,283.12,9,6086,318.47,3,157.14,9,6120,219.56,3,117.76,8,6126,445.31,3,196.24,8,6163,337.02,3,69.47,9,6171,440.28,3,87.16,9,
3536,5736,536.39,3,179.4,9,5868,186.12,3,250.08,9,5905,268.28,3,148.24,9,6008,365.21,3,171.05,9,6020,337.84,3,102.44,8,6072,292.49,3,297.57,9,6086,312.83,3,171.37,9,6120,194.28,3,135.78,8,6126,460.83,3,215.32,8,6144,325.9,3,233.8,8,6163,334.02,3,87.59,9,6171,418.24,3,63.7,9,
3537,5736,534.21,3,177.33,9,5868,184.69,3,252.34,9,5905,266.06,3,150.54,9,6008,350.32,3,168.81,9,6020,366.0,3,112.92,8,6086,305.87,3,186.49,9,6120,169.2,3,155.77,8,6126,477.77,3,235.81,8,6144,317.22,3,208.59,8,6163,332.13,3,104.1,9,6171,399.47,3,43.59,9,
3538,5736,532.01,3,175.25,9,5868,183.47,3,254.3,9,5905,263.76,3,152.94,9,6008,335.47,3,167.87,9,6020,394.65,3,129.04,8,6086,298.85,3,203.73,9,6120,144.1,3,177.09,8,6144,309.93,3,181.63,8,6163,331.06,3,116.46,9,6171,385.01,3,28.01,9,
3539,5736,529.7,3,173.08,9,5868,182.11,3,256.53,9,5905,262.27,3,154.51,9,6020,423.32,3,148.6,8,6086,293.22,3,223.42,9,6120,119.55,3,198.96,8,6144,304.98,3,155.51,8,6163,329.33,3,124.23,9,6171,374.78,3,16.94,9,
3540,5736,527.45,3,170.97,9,5868,180.58,3,259.04,9,5905,260.16,3,156.74,9,6020,451.44,3,170.37,8,6086,289.94,3,245.21,9,6120,94.39,3,222.21,8,6144,302.19,3,128.74,8,6163,326.81,3,134.08,9,6171,368.72,3,10.38,9,
3541,5736,526.17,3,169.76,9,5868,178.98,3,261.74,9,5905,258.76,3,158.23,9,6020,480.48,3,194.89,8,6086,289.55,3,269.52,9,6120,70.15,3,245.46,8,6144,301.72,3,102.93,8,6163,322.99,3,145.07,9,6171,362.13,3,3.49,9,
3542,5736,524.78,3,168.47,9,5868,177.94,3,263.53,9,5905,256.63,3,160.53,9,6020,508.83,3,220.01,8,6086,292.35,3,296.53,9,6144,303.52,3,76.72,8,6163,318.36,3,157.39,9,6171,356.02,3,4.98,9,
3543,5736,523.3,3,167.08,9,5868,176.56,3,265.93,9,5905,254.75,3,162.56,9,6020,537.43,3,246.08,8,6144,306.86,3,54.22,8,6163,312.55,3,171.98,9,6171,352.93,3,12.55,9,
3544,5736,521.4,3,165.33,9,5868,175.47,3,267.86,9,5905,253.05,3,164.42,9,6144,312.75,3,36.73,8,6163,305.35,3,187.68,9,6171,349.84,3,21.45,9,
3545,5736,519.51,3,163.58,9,5868,174.36,3,269.84,9,5905,251.77,3,165.82,9,6144,317.05,3,23.38,8,6163,298.06,3,205.83,9,6171,346.49,3,31.88,9,
3546,5736,517.53,3,161.75,9,5868,173.09,3,272.18,9,5905,250.06,3,167.72,9,6144,320.44,3,15.3,8,6163,292.65,3,225.87,9,6171,342.91,3,44.13,9,
3547,5736,515.12,3,159.53,9,5868,171.71,3,274.76,9,5905,248.32,3,169.65,9,6120,87.93,3,296.12,9,6144,324.91,3,11.05,8,6163,289.77,3,248.24,9,6171,339.31,3,58.44,9,
3548,5736,512.65,3,157.27,9,5868,170.58,3,276.93,9,5905,246.85,3,171.3,9,6120,112.36,3,277.52,9,6144,332.46,3,16.96,8,6163,289.81,3,273.42,9,6171,336.14,3,74.25,9,
3549,5736,511.26,3,156.0,9,5868,169.62,3,278.8,9,5905,245.25,3,173.09,9,6120,137.7,3,260.32,9,6144,343.15,3,28.07,8,6171,333.36,3,92.57,9,
3550,5736,509.16,3,154.09,9,5868,168.83,3,280.37,9,5905,243.25,3,175.36,9,6120,162.67,3,246.09,9,6144,355.12,3,40.66,8,6171,331.81,3,107.9,9,
3551,5736,507.55,3,152.64,9,5868,167.98,3,282.08,9,5905,241.18,3,177.72,9,6120,188.39,3,233.57,9,6144,368.81,3,55.06,8,6171,330.54,3,118.7,9,
3552,5736,505.21,3,150.53,9,5868,167.23,3,283.61,9,5905,239.92,3,179.17,9,6120,213.89,3,221.02,9,6144,384.72,3,71.76,8,6171,329.04,3,125.61,9,6215,329.46,3,171.07,9,
3553,5736,503.74,3,149.21,9,5868,166.34,3,285.48,9,5905,238.43,3,180.88,9,6120,237.47,3,207.29,9,6144,402.1,3,89.93,8,6171,326.74,3,134.27,9,6215,331.85,3,171.04,9,
3554,5736,502.06,3,147.71,9,5868,165.24,3,287.82,9,5905,236.92,3,182.64,9,6120,260.54,3,192.63,9,6144,421.85,3,109.88,8,6171,323.0,3,145.06,9,6215,336.29,3,171.08,9,
3555,5736,500.75,3,146.55,9,5868,164.23,3,290.05,9,5905,235.69,3,184.08,9,6120,280.76,3,178.7,9,6144,442.84,3,131.03,8,6171,318.31,3,157.51,9,6215,342.78,3,171.34,9,
3556,5736,499.26,3,145.23,9,5868,163.47,3,291.76,9,5905,234.35,3,185.66,9,6120,296.0,3,166.83,9,6144,463.6,3,151.94,8,6171,312.93,3,171.14,9,6215,351.5,3,172.09,9,
3557,5736,497.78,3,143.92,9,5868,162.38,3,294.26,9,5905,232.57,3,187.75,9,6120,307.87,3,158.0,9,6144,484.64,3,173.12,8,6171,305.91,3,186.41,9,6195,579.15,3,280.43,9,6215,361.71,3,173.51,9,
3558,5736,495.53,3,141.95,9,5868,161.36,3,296.69,9,5905,230.44,3,190.3,9,6120,315.19,3,151.27,9,6144,506.09,3,194.72,8,6171,298.97,3,203.39,9,6195,553.25,3,249.32,9,6215,371.73,3,175.48,9,
3559,5736,493.57,3,140.23,9,5868,160.39,3,299.09,9,5905,228.72,3,192.36,9,6120,319.28,3,148.07,9,6144,526.79,3,215.54,8,6171,293.44,3,222.52,9,6195,527.91,3,218.25,9,6215,381.69,3,177.99,9,
3560,5736,491.77,3,138.68,9,5905,226.94,3,194.51,9,6120,321.06,3,150.09,9,6144,547.39,3,236.24,8,6171,290.01,3,243.97,9,6195,501.15,3,187.11,9,6215,392.08,3,181.15,9,
3561,5736,489.73,3,136.93,9,5905,225.03,3,196.84,9,6120,319.59,3,154.32,9,6171,289.47,3,267.2,9,6195,471.62,3,159.12,9,6215,402.88,3,185.01,9,6220,657.33,3,298.79,9,
3562,5736,487.45,3,134.97,9,5870,540.63,3,246.62,8,5905,223.43,3,198.81,9,6120,317.13,3,160.57,9,6171,291.79,3,292.25,9,6195,440.43,3,136.55,9,6215,413.72,3,189.42,9,6220,655.97,3,297.42,9,6230,344.63,3,239.81,8,
3563,5736,485.63,3,133.43,9,5870,534.6,3,242.13,8,5905,222.26,3,200.27,9,6120,314.12,3,168.32,9,6195,412.13,3,125.22,9,6202,544.62,3,233.0,8,6215,423.57,3,193.87,9,6220,653.83,3,295.26,9,6230,343.94,3,237.97,8,
3564,5736,484.33,3,132.33,9,5870,530.8,3,240.95,8,5905,220.95,3,201.9,9,5934,543.35,3,249.18,8,6120,310.14,3,177.13,9,6195,388.7,3,121.92,9,6202,521.87,3,210.1,8,6215,434.18,3,199.11,9,6220,651.83,3,293.25,9,6230,342.68,3,234.53,8,
3565,5736,482.96,3,131.17,9,5870,529.69,3,242.74,8,5905,219.49,3,203.73,9,5934,533.46,3,239.92,8,6048,468.71,3,232.89,8,6120,305.33,3,187.74,9,6195,370.18,3,124.31,9,6202,499.38,3,187.44,8,6215,443.94,3,204.29,9,6220,650.38,3,291.79,9,6230,341.04,3,229.79,8,
3566,5736,481.04,3,129.52,9,5870,529.07,3,246.09,8,5905,217.47,3,206.27,9,5934,522.25,3,229.51,8,6048,446.42,3,206.05,8,6120,300.24,3,200.08,9,6195,355.49,3,127.57,9,6202,476.82,3,164.7,8,6215,449.21,3,207.22,9,6220,648.52,3,289.92,9,6230,338.92,3,223.35,8,
3567,5736,478.88,3,127.67,9,5905,215.55,3,208.73,9,5934,509.7,3,217.99,8,6048,423.41,3,179.74,8,6120,295.39,3,214.84,9,6195,344.51,3,130.47,9,6202,454.44,3,142.13,8,6215,451.2,3,207.81,9,6220,647.2,3,288.59,9,6230,336.47,3,215.45,8,
3568,5736,477.07,3,126.12,9,5905,214.3,3,210.34,9,5934,494.96,3,204.58,8,6048,401.02,3,153.75,8,6120,291.32,3,232.31,9,6195,336.9,3,133.05,9,6202,431.99,3,119.45,8,6215,450.78,3,206.01,9,6220,645.37,3,286.75,9,6230,333.76,3,205.99,8,
3569,5736,474.57,3,124.02,9,5905,212.59,3,212.55,9,5934,477.9,3,189.26,8,6048,380.64,3,127.37,8,6120,289.62,3,251.62,9,6195,332.08,3,132.93,9,6202,409.75,3,96.98,8,6215,449.21,3,204.71,9,6220,643.15,3,284.51,9,6230,342.87,3,205.03,8,
3570,5736,473.14,3,122.83,9,5905,210.83,3,214.84,9,5934,458.92,3,172.61,8,6048,362.86,3,101.13,8,6120,289.79,3,273.21,9,6195,331.83,3,127.83,9,6202,388.58,3,75.05,8,6215,446.15,3,202.98,9,6220,641.11,3,282.46,9,6230,354.64,3,205.76,8,
3571,5736,471.66,3,121.6,9,5905,209.01,3,217.25,9,5934,437.46,3,154.45,8,6048,347.12,3,74.17,8,6120,292.47,3,297.43,9,6195,333.37,3,120.61,9,6202,370.05,3,55.64,8,6215,441.62,3,200.46,9,6220,639.44,3,280.78,9,6230,368.66,3,207.66,8,
3572,5736,469.6,3,119.89,9,5905,207.71,3,218.99,9,5934,413.7,3,135.65,8,6048,333.33,3,48.23,8,6195,334.72,3,111.71,9,6202,355.56,3,40.5,8,6207,328.76,3,241.13,8,6215,435.27,3,197.06,9,6220,637.04,3,278.37,9,6230,382.19,3,210.48,8,
3573,5736,467.4,3,118.09,9,5905,205.87,3,221.46,9,5934,387.65,3,117.15,8,6048,318.15,3,23.08,8,6195,335.66,3,100.45,9,6202,343.95,3,28.48,8,6207,319.7,3,216.36,8,6215,426.42,3,192.55,9,6220,635.15,3,276.47,9,6230,396.27,3,214.42,8,
3574,5736,465.39,3,116.46,9,5905,204.75,3,222.98,9,5934,359.64,3,100.72,8,6048,308.01,3,7.65,8,6195,337.25,3,87.16,9,6202,336.57,3,21.04,8,6207,312.42,3,191.77,8,6215,415.48,3,187.43,9,6220,633.17,3,274.49,9,6230,410.66,3,219.41,8,
3575,5736,463.21,3,114.72,9,5905,203.3,3,224.95,9,5934,331.83,3,89.96,8,6048,300.0,3,31.19,8,6195,339.61,3,72.42,9,6202,330.9,3,15.68,8,6207,306.92,3,167.16,8,6215,405.0,3,182.99,9,6220,630.75,3,272.07,9,6230,420.16,3,230.9,8,
3576,5736,461.16,3,113.08,9,5905,202.21,3,226.46,9,5934,304.5,3,85.66,8,6048,292.9,3,56.66,8,6195,342.89,3,56.38,9,6202,330.21,3,17.18,8,6207,303.33,3,142.44,8,6215,394.85,3,179.18,9,6220,628.51,3,269.82,9,6230,427.86,3,245.06,8,
3577,5736,459.76,3,111.98,9,5905,200.94,3,228.22,9,5934,277.11,3,89.77,8,6048,289.33,3,82.6,8,6195,347.64,3,38.29,9,6202,332.78,3,22.39,8,6207,301.7,3,117.04,8,6215,384.26,3,175.74,9,6220,626.89,3,268.2,9,
3578,5736,457.53,3,110.25,9,5905,199.9,3,229.68,9,5934,249.69,3,100.37,8,6048,288.08,3,108.61,8,6195,352.12,3,23.74,9,6202,336.3,3,29.72,8,6207,302.18,3,92.2,8,6215,373.59,3,172.87,9,6220,625.0,3,266.31,9,
3579,5736,455.68,3,108.83,9,5905,198.3,3,231.95,9,5934,222.3,3,115.99,8,6048,289.26,3,135.28,8,6195,355.57,3,13.61,9,6202,340.63,3,38.63,8,6207,304.79,3,66.8,8,6215,362.62,3,170.57,9,6220,623.28,3,264.58,9,
3580,5736,454.04,3,107.58,9,5905,196.46,3,234.57,9,5934,195.25,3,135.04,8,6048,292.7,3,161.01,8,6195,357.89,3,7.08,9,6202,346.11,3,49.58,8,6207,310.94,3,43.15,8,6215,352.73,3,169.09,9,6220,621.4,3,262.7,9,
3581,5736,451.76,3,105.88,9,5905,195.23,3,236.35,9,5934,167.87,3,156.87,8,6048,298.42,3,187.05,8,6195,356.96,3,2.12,9,6202,352.59,3,61.98,8,6207,315.59,3,17.76,8,6215,342.18,3,168.13,9,6220,619.28,3,260.59,9,
3582,5736,449.61,3,104.29,9,5905,194.03,3,238.1,9,5934,140.85,3,179.94,8,6048,306.19,3,212.9,8,6195,350.4,3,9.8,9,6202,360.63,3,76.68,8,6207,325.16,3,11.12,8,6215,331.78,3,167.85,9,6220,617.69,3,258.99,9,
3583,5736,447.91,3,103.05,9,5905,192.22,3,240.76,9,5934,113.93,3,204.09,8,6048,315.85,3,238.65,8,6195,341.18,3,19.82,9,6202,370.32,3,93.48,8,6207,336.25,3,34.72,8,6215,325.85,3,167.97,9,6220,615.84,3,257.14,9,
3584,5736,445.85,3,101.58,9,5905,191.21,3,242.27,9,5934,87.4,3,228.83,8,6195,329.83,3,32.27,9,6202,381.5,3,111.81,8,6207,348.65,3,59.27,8,6215,317.78,3,169.34,9,6220,614.42,3,255.73,9,6235,642.79,3,297.53,9,
3585,5736,443.67,3,100.05,9,5905,189.57,3,244.77,9,6195,316.99,3,46.49,9,6202,394.7,3,131.37,8,6207,362.61,3,84.46,8,6215,311.81,3,174.02,9,6220,612.77,3,254.08,9,6235,616.08,3,270.19,9,
3586,5736,441.96,3,98.86,9,5905,187.88,3,247.35,9,6044,295.44,3,296.3,9,6195,302.62,3,62.57,9,6202,410.63,3,153.5,8,6207,377.31,3,108.99,8,6215,308.44,3,180.77,9,6220,610.76,3,252.08,9,6235,588.79,3,242.21,9,
3587,5736,440.32,3,97.75,9,5905,186.25,3,249.89,9,6044,292.72,3,269.49,9,6195,286.93,3,80.37,9,6202,430.31,3,177.99,8,6207,393.91,3,133.47,8,6215,304.44,3,189.79,9,6220,608.3,3,249.63,9,6235,562.04,3,214.64,9,
3588,5736,438.0,3,96.2,9,5905,184.74,3,252.27,9,6044,293.27,3,243.6,9,6064,294.67,3,290.45,9,6195,269.37,3,100.68,9,6202,452.37,3,204.97,8,6207,412.8,3,158.97,8,6215,300.02,3,200.65,9,6220,606.8,3,248.14,9,6235,534.7,3,186.26,9,
3589,5736,436.54,3,95.26,9,5905,183.81,3,253.75,9,6044,298.02,3,217.51,9,6064,292.64,3,265.18,9,6195,250.43,3,123.12,9,6202,475.79,3,233.43,8,6207,433.47,3,184.37,8,6215,295.87,3,213.06,9,6220,604.86,3,246.21,9,6235,507.77,3,158.18,9,
3590,5736,435.21,3,94.4,9,5905,182.42,3,256.01,9,5934,84.29,3,299.05,9,6044,305.15,3,196.45,9,6064,293.59,3,239.78,9,6195,230.61,3,147.45,9,6207,453.57,3,208.82,8,6215,292.27,3,227.57,9,6220,602.64,3,244.0,9,6235,480.64,3,129.76,9,
3591,5736,433.02,3,93.03,9,5905,181.48,3,257.56,9,5934,111.65,3,278.03,9,6026,293.67,3,281.61,9,6044,312.31,3,180.04,9,6064,298.27,3,216.6,9,6107,540.26,3,246.27,8,6195,211.25,3,172.52,9,6207,474.23,3,233.78,8,6215,289.98,3,244.5,9,6220,600.57,3,241.94,9,6235,454.5,3,102.22,9,
3592,5736,431.15,3,91.88,9,5905,180.48,3,259.21,9,5934,138.78,3,259.65,9,6026,292.66,3,258.19,9,6044,317.8,3,167.67,9,6064,304.84,3,197.22,9,6107,534.61,3,242.14,8,6195,193.56,3,197.27,9,6215,289.43,3,263.33,9,6220,598.67,3,240.06,9,6235,430.16,3,76.41,9,
3593,5736,429.27,3,90.77,9,5870,429.93,3,244.52,8,5905,179.6,3,260.7,9,5934,166.07,3,244.49,9,6026,294.14,3,235.22,9,6044,321.08,3,159.17,9,6064,311.21,3,182.41,9,6107,530.57,3,241.04,8,6195,177.81,3,221.65,9,6215,290.78,3,284.05,9,6220,596.43,3,237.84,9,6235,409.25,3,54.09,9,
3594,5736,427.51,3,89.74,9,5870,423.44,3,232.53,8,5905,178.19,3,263.09,9,5934,194.03,3,230.82,9,6026,298.94,3,214.09,9,6044,322.8,3,154.89,9,6064,316.11,3,171.8,9,6107,529.48,3,243.71,8,6195,163.85,3,246.67,9,6220,594.55,3,235.97,9,6235,392.58,3,36.18,9,
3595,5736,425.31,3,88.51,9,5870,417.14,3,220.44,8,5905,176.81,3,265.48,9,5934,221.94,3,216.82,9,6026,304.98,3,196.85,9,6044,325.14,3,148.54,9,6064,318.84,3,164.99,9,6107,528.84,3,247.99,8,6195,153.01,3,270.96,9,6220,592.11,3,233.56,9,6235,380.17,3,22.77,9,
3596,5736,423.39,3,87.47,9,5870,406.32,3,215.18,8,5905,175.94,3,267.03,9,5934,248.19,3,200.4,9,6026,310.45,3,184.08,9,6044,327.99,3,140.33,9,6064,321.66,3,157.72,9,6195,145.34,3,295.75,9,6220,589.87,3,231.35,9,6235,371.81,3,13.72,9,
3597,5736,421.0,3,86.23,9,5870,395.1,3,211.33,8,5905,175.03,3,268.63,9,5934,274.07,3,183.21,9,6026,315.73,3,172.72,9,6044,331.41,3,129.58,9,6064,323.19,3,152.23,9,6220,588.47,3,229.97,9,6235,367.62,3,9.19,9,
3598,5736,419.7,3,85.57,9,5870,383.84,3,208.08,8,5905,173.59,3,271.27,9,5934,298.15,3,165.18,9,6026,319.04,3,164.48,9,6044,334.24,3,116.72,9,6064,321.66,3,146.2,9,6220,586.61,3,228.14,9,6235,361.44,3,2.84,9,
3599,5736,417.76,3,84.63,9,5870,372.3,3,205.4,8,5905,172.18,3,273.88,9,6026,321.29,3,158.65,9,6044,335.57,3,101.33,9,6064,315.7,3,145.02,9,6220,584.42,3,225.98,9,6235,355.57,3,5.88,9,
3600,5736,415.6,3,83.64,9,5870,360.93,3,203.46,8,5905,170.76,3,276.57,9,6026,324.08,3,151.4,9,6044,337.67,3,84.28,9,6064,309.97,3,147.98,9,6220,582.12,3,223.71,9,6235,352.73,3,13.08,9,
3601,5736,413.44,3,82.69,9,5870,349.95,3,202.27,8,5905,169.38,3,279.28,9,6026,327.23,3,142.55,9,6044,340.94,3,65.49,9,6064,302.99,3,152.97,9,6220,580.69,3,222.3,9,6235,349.39,3,22.77,9,
3602,5736,411.24,3,81.79,9,5870,339.15,3,201.77,8,5905,168.35,3,281.33,9,6026,330.88,3,131.41,9,6044,345.84,3,44.73,9,6064,294.41,3,159.51,9,6220,578.41,3,220.06,9,6235,345.66,3,34.61,9,
3603,5736,409.71,3,81.2,9,5870,330.18,3,203.76,8,5905,167.28,3,283.52,9,6026,333.95,3,118.01,9,6044,350.6,3,28.47,9,6064,283.59,3,167.9,9,6220,576.66,3,218.34,9,6235,341.61,3,49.0,9,
3604,5736,408.11,3,80.61,9,5870,333.47,3,215.27,8,5905,166.08,3,286.04,9,6026,335.41,3,103.02,9,6044,354.81,3,15.77,9,6064,270.71,3,178.22,9,6220,574.82,3,216.54,9,6235,337.88,3,65.14,9,
3605,5736,406.55,3,80.07,9,5870,337.16,3,226.87,8,5905,165.06,3,288.21,9,6026,337.37,3,86.36,9,6044,357.75,3,7.64,9,6064,255.84,3,189.24,9,6220,572.6,3,214.36,9,6235,334.61,3,83.5,9,
3606,5870,341.38,3,238.77,8,5905,164.23,3,290.05,9,6026,340.6,3,67.21,9,6044,358.24,3,0.72,9,6064,239.01,3,200.32,9,6220,570.37,3,212.18,9,6235,332.49,3,100.25,9,
3607,5905,163.27,3,292.23,9,6000,482.54,3,249.51,8,6026,345.25,3,46.92,9,6044,352.86,3,7.18,9,6064,220.19,3,211.78,9,6220,568.85,3,210.69,9,6235,331.39,3,113.84,9,
3608,5905,162.37,3,294.29,9,6000,460.53,3,222.96,8,6026,349.97,3,30.5,9,6044,344.88,3,15.78,9,6064,199.07,3,223.25,9,6220,566.56,3,208.45,9,6235,329.63,3,122.85,9,
3609,5905,161.41,3,296.58,9,6000,438.37,3,196.9,8,6026,354.2,3,17.55,9,6044,334.76,3,26.84,9,6064,176.0,3,234.51,9,6220,564.74,3,206.68,9,6235,328.67,3,127.4,9,
3610,5905,160.69,3,298.33,9,6000,419.12,3,174.79,8,6026,357.2,3,9.11,9,6044,322.83,3,40.01,9,6064,151.53,3,247.28,9,6220,562.66,3,204.65,9,6235,327.06,3,133.3,9,
3611,6000,403.22,3,156.32,8,6026,358.56,3,4.32,9,6044,309.01,3,55.4,9,6064,125.82,3,263.16,9,6220,560.25,3,202.32,9,6235,324.64,3,140.47,9,
3612,6000,391.89,3,142.13,8,6026,356.51,3,2.86,9,6044,293.77,3,72.59,9,6064,99.66,3,281.82,9,6220,558.9,3,201.01,9,6230,331.39,3,247.64,8,6235,321.46,3,149.36,9,
3613,6000,384.16,3,132.02,8,6026,351.2,3,8.94,9,6044,276.68,3,92.17,9,6220,556.53,3,198.71,9,6230,321.1,3,220.49,8,6235,317.49,3,159.65,9,
3614,6000,379.9,3,126.39,8,6026,343.72,3,17.05,9,6044,258.93,3,112.96,9,6220,554.65,3,196.89,9,6230,312.43,3,191.8,8,6235,312.43,3,172.26,9,
3615,6000,378.83,3,122.64,8,6026,334.22,3,27.44,9,6044,241.05,3,134.51,9,6220,553.11,3,195.4,9,6230,305.86,3,161.09,8,6235,305.83,3,186.57,9,6305,319.49,3,109.83,8,
3616,6000,381.43,3,121.95,8,6026,322.68,3,40.17,9,6044,224.28,3,155.46,9,6220,550.73,3,193.11,9,6230,302.32,3,130.9,8,6235,299.26,3,202.64,9,6305,319.52,3,111.77,8,
3617,6000,385.54,3,125.1,8,6026,309.4,3,54.96,9,6044,208.44,3,176.32,9,6066,293.9,3,283.85,9,6220,549.31,3,191.74,9,6230,301.83,3,99.87,8,6235,293.68,3,221.52,9,6305,319.6,3,115.57,8,
3618,6000,388.94,3,129.77,8,6026,294.43,3,71.84,9,6044,193.11,3,197.94,9,6066,292.65,3,266.28,9,6220,547.6,3,190.1,9,6230,304.36,3,69.92,8,6235,290.08,3,243.11,9,6305,319.85,3,121.2,8,6310,591.03,3,294.42,9,
3619,6000,393.6,3,136.26,8,6026,278.03,3,90.61,9,6044,179.15,3,219.46,9,6064,82.89,3,234.49,8,6066,292.79,3,253.25,9,6220,546.3,3,188.85,9,6230,311.68,3,40.47,8,6235,289.47,3,267.48,9,6305,322.55,3,128.92,8,6310,589.9,3,293.11,9,
3620,6000,400.16,3,145.27,8,6026,261.76,3,109.62,9,6044,166.83,3,240.92,9,6064,107.66,3,212.0,8,6066,293.2,3,244.66,9,6220,544.66,3,187.28,9,6230,321.26,3,13.22,8,6235,291.96,3,293.45,9,6305,331.2,3,135.09,8,6310,587.32,3,290.1,9,
3621,6000,408.24,3,156.06,8,6026,245.44,3,129.16,9,6044,156.57,3,262.19,9,6064,133.64,3,189.18,8,6066,292.94,3,240.44,9,6220,543.32,3,185.99,9,6230,333.23,3,23.31,8,6305,342.75,3,136.91,8,6310,582.87,3,284.85,9,
3622,6000,418.64,3,168.88,8,6026,229.88,3,148.37,9,6044,148.68,3,283.46,9,6064,159.56,3,167.41,8,6066,288.66,3,235.83,9,6220,541.88,3,184.62,9,6230,347.83,3,52.91,8,6305,355.77,3,140.13,8,6310,576.93,3,277.78,9,
3623,5911,539.41,3,245.57,8,6000,430.95,3,183.85,8,6026,215.36,3,167.02,9,6064,185.51,3,147.05,8,6066,282.39,3,236.68,9,6220,540.14,3,182.96,9,6230,364.6,3,83.66,8,6305,369.1,3,144.61,8,6310,569.63,3,269.06,9,
3624,5911,534.8,3,242.25,8,6000,445.43,3,201.33,8,6026,201.18,3,186.35,9,6064,211.4,3,128.99,8,6066,274.01,3,239.69,9,6220,538.62,3,181.52,9,6230,382.83,3,113.86,8,6305,383.07,3,149.61,8,6310,560.51,3,258.1,9,
3625,5911,530.99,3,240.87,8,6000,461.48,3,220.78,8,6026,188.31,3,205.1,9,6064,237.09,3,114.21,8,6066,265.32,3,243.14,9,6220,537.25,3,180.21,9,6230,403.58,3,143.8,8,6305,396.31,3,154.86,8,6310,550.32,3,245.76,9,
3626,5911,529.69,3,242.77,8,6000,479.77,3,242.59,8,6026,176.33,3,224.1,9,6064,262.79,3,103.63,8,6066,256.17,3,247.13,9,6220,534.9,3,177.98,9,6230,427.19,3,174.14,8,6305,409.48,3,161.07,8,6310,538.22,3,230.96,9,
3627,5911,529.05,3,246.29,8,6026,165.73,3,243.01,9,6064,288.67,3,97.95,8,6066,247.75,3,251.13,9,6220,532.72,3,175.92,9,6230,451.95,3,204.45,8,6305,423.71,3,168.77,8,6310,525.11,3,214.86,9,
3628,6026,156.59,3,262.15,9,6064,313.65,3,98.44,8,6066,238.55,3,255.85,9,6220,531.25,3,174.54,9,6230,476.91,3,234.77,8,6305,437.53,3,177.09,8,6310,509.25,3,196.47,9,6324,332.4,3,21.6,8,
3629,6026,149.57,3,280.65,9,6064,338.65,3,102.65,8,6066,229.91,3,260.59,9,6220,528.82,3,172.25,9,6305,451.72,3,187.01,8,6310,490.59,3,176.87,9,6324,333.5,3,23.88,8,
3630,6026,144.46,3,299.81,9,6064,364.29,3,112.11,8,6066,221.22,3,265.69,9,6220,526.45,3,170.03,9,6279,532.42,3,248.19,8,6305,465.43,3,197.66,8,6310,468.39,3,156.64,9,6324,335.7,3,28.47,8,6326,360.17,3,119.51,8,
3631,6064,389.73,3,126.04,8,6066,212.12,3,271.36,9,6083,477.35,3,243.3,8,6220,525.18,3,168.84,9,6279,532.91,3,245.67,8,6305,478.94,3,208.52,8,6310,443.96,3,138.93,9,6324,338.98,3,35.26,8,6326,358.35,3,119.98,8,
3632,6064,414.75,3,142.43,8,6066,204.06,3,276.69,9,6083,456.52,3,218.05,8,6220,523.07,3,166.87,9,6279,533.18,3,244.6,8,6305,492.57,3,219.76,8,6310,418.18,3,127.08,9,6324,343.52,3,44.44,8,6326,354.77,3,121.05,8,
3633,6064,440.4,3,161.58,8,6066,195.71,3,282.49,9,6083,435.14,3,193.2,8,6220,521.32,3,165.25,9,6279,535.02,3,244.54,8,6305,506.63,3,231.64,8,6310,393.35,3,122.06,9,6324,349.11,3,55.38,8,6326,349.33,3,123.05,8,
3634,6064,465.4,3,181.93,8,6066,187.81,3,288.29,9,6083,413.93,3,168.78,8,6220,520.0,3,164.02,9,6305,516.22,3,239.89,8,6310,373.53,3,123.63,9,6324,356.05,3,68.39,8,6326,342.29,3,126.29,8,
3635,6064,486.26,3,199.94,8,6066,179.37,3,294.76,9,6083,393.3,3,143.95,8,6220,518.59,3,162.72,9,6305,521.34,3,244.33,8,6310,357.76,3,127.1,9,6324,364.16,3,82.91,8,6326,333.77,3,131.19,8,
3636,6064,502.62,3,214.44,8,6083,374.54,3,119.26,8,6220,516.69,3,160.97,9,6305,528.36,3,249.91,8,6310,345.73,3,130.09,9,6324,373.98,3,99.64,8,6326,325.33,3,137.09,8,
3637,6064,515.58,3,226.1,8,6083,358.76,3,94.32,8,6220,515.41,3,159.79,9,6310,337.94,3,132.67,9,6324,385.39,3,117.73,8,6326,317.18,3,143.77,8,
3638,6064,524.65,3,234.35,8,6083,344.08,3,68.67,8,6220,512.99,3,157.58,9,6305,532.42,3,248.17,8,6310,334.68,3,134.62,9,6324,398.94,3,137.35,8,6326,309.34,3,151.1,8,6334,342.68,3,134.48,9,
3639,6064,527.92,3,236.29,8,6083,332.98,3,47.53,8,6220,510.81,3,155.59,9,6305,532.9,3,245.74,8,6310,330.37,3,138.54,9,6324,415.07,3,159.09,8,6326,301.69,3,159.11,8,6334,345.01,3,133.74,9,
3640,6064,526.05,3,233.42,8,6083,324.95,3,30.95,8,6220,509.35,3,154.27,9,6305,533.16,3,244.7,8,6310,325.14,3,145.0,9,6324,434.71,3,183.38,8,6326,293.96,3,167.8,8,6334,349.4,3,132.46,9,
3641,6064,522.74,3,229.96,8,6083,319.33,3,18.51,8,6220,507.37,3,152.47,9,6305,534.79,3,244.43,8,6309,547.13,3,295.68,9,6310,320.0,3,153.33,9,6324,454.01,3,209.37,8,6326,286.56,3,176.41,8,6334,355.23,3,131.01,9,
3642,6044,342.0,3,249.23,8,6064,517.68,3,225.31,8,6083,317.16,3,10.35,8,6220,505.2,3,150.52,9,6309,540.49,3,287.31,9,6310,315.58,3,164.65,9,6324,477.64,3,237.85,8,6326,279.61,3,185.31,8,6334,362.56,3,129.59,9,
3643,6044,339.84,3,247.42,8,6064,510.49,3,218.72,8,6083,323.09,3,8.27,8,6220,503.29,3,148.81,9,6309,532.11,3,276.65,9,6310,309.72,3,178.03,9,6326,272.92,3,194.7,8,6334,371.38,3,127.51,9,
3644,6044,335.63,3,247.29,8,6064,501.13,3,210.18,8,6083,330.75,3,15.22,8,6220,500.88,3,146.66,9,6309,522.39,3,264.18,9,6310,302.99,3,193.23,9,6326,266.45,3,204.65,8,6334,381.86,3,125.74,9,
3645,5962,295.48,3,296.63,9,6044,329.93,3,247.27,8,6064,489.83,3,199.94,8,6083,339.41,3,24.16,8,6220,499.61,3,145.53,9,6309,510.94,3,249.25,9,6310,296.5,3,210.78,9,6326,260.56,3,214.64,8,6334,394.11,3,125.22,9,
3646,5962,292.76,3,270.18,9,6044,322.84,3,247.46,8,6064,477.16,3,188.61,8,6083,349.79,3,35.04,8,6220,497.93,3,144.05,9,6309,498.02,3,232.13,9,6310,291.6,3,230.85,9,6326,255.07,3,225.02,8,6334,408.19,3,127.05,9,
3647,5962,293.33,3,242.76,9,6044,314.59,3,248.01,8,6064,462.29,3,175.53,8,6083,362.1,3,48.0,8,6220,496.43,3,142.73,9,6309,484.37,3,213.65,9,6310,289.56,3,253.48,9,6326,250.08,3,235.6,8,6334,424.49,3,131.95,9,6351,329.08,3,228.99,8,
3648,5962,298.21,3,216.8,9,6044,305.22,3,249.07,8,6064,445.76,3,161.37,8,6083,375.97,3,62.58,8,6220,494.83,3,141.33,9,6309,469.38,3,192.82,9,6310,290.2,3,278.3,9,6326,245.64,3,246.3,8,6334,438.68,3,137.81,9,6351,328.32,3,226.79,8,
3649,5962,305.38,3,195.88,9,6064,427.27,3,146.21,8,6083,391.95,3,79.33,8,6206,474.47,3,242.12,8,6220,492.74,3,139.52,9,6309,453.61,3,170.16,9,6334,449.03,3,144.64,9,6351,327.13,3,223.26,8,
3650,5962,312.52,3,179.57,9,6064,406.93,3,130.59,8,6083,410.0,3,97.95,8,6206,459.01,3,223.51,8,6220,491.29,3,138.26,9,6309,437.13,3,145.51,9,6334,454.95,3,148.8,9,6351,325.54,3,218.44,8,
3651,5962,317.93,3,167.35,9,6064,385.07,3,115.48,8,6083,430.11,3,118.2,8,6153,473.91,3,239.16,8,6206,441.41,3,202.73,8,6220,489.39,3,136.63,9,6309,420.06,3,118.63,9,6334,457.0,3,149.17,9,6351,323.47,3,211.77,8,
3652,5962,321.14,3,159.03,9,6064,361.81,3,101.82,8,6083,449.25,3,137.49,8,6153,462.62,3,225.5,8,6206,421.43,3,180.02,8,6220,487.47,3,134.99,9,6309,402.81,3,89.53,9,6334,454.88,3,146.61,9,6351,321.11,3,203.62,8,
3653,5927,475.35,3,240.9,8,5962,322.78,3,154.93,9,6064,336.0,3,91.11,8,6083,468.75,3,157.13,8,6153,449.93,3,210.04,8,6206,399.9,3,155.24,8,6220,485.97,3,133.72,9,6309,387.14,3,61.38,9,6334,450.08,3,143.18,9,6351,318.58,3,194.11,8,
3654,5927,461.89,3,224.61,8,5962,324.93,3,149.15,9,6064,310.26,3,85.9,8,6083,488.42,3,176.93,8,6153,434.59,3,192.57,8,6206,378.56,3,127.97,8,6220,484.57,3,132.54,9,6309,372.07,3,32.09,9,6334,443.81,3,138.83,9,6351,315.88,3,182.54,8,
3655,5927,447.02,3,206.73,8,5962,327.57,3,141.62,9,6064,284.84,3,87.76,8,6083,508.44,3,197.07,8,6153,418.14,3,173.67,8,6206,360.05,3,100.85,8,6220,482.55,3,130.81,9,6309,359.07,3,3.6,9,6334,435.91,3,134.1,9,6351,313.27,3,169.26,8,
3656,5927,429.91,3,187.2,8,5962,330.81,3,131.65,9,6064,258.71,3,96.18,8,6066,118.68,3,248.18,8,6083,528.03,3,216.79,8,6153,400.22,3,152.82,8,6206,344.34,3,74.17,8,6220,480.49,3,129.04,9,6309,348.74,3,24.75,9,6334,426.53,3,130.11,9,6351,310.96,3,153.95,8,
3657,5927,411.59,3,166.07,8,5962,333.67,3,119.24,9,6064,233.1,3,109.38,8,6066,123.18,3,237.74,8,6153,382.85,3,130.29,8,6206,329.63,3,46.73,8,6220,478.33,3,127.19,9,6309,340.68,3,52.61,9,6332,355.46,3,248.24,8,6334,415.4,3,126.19,9,6351,309.3,3,137.58,8,
3658,5927,393.06,3,143.64,8,5962,335.2,3,105.29,9,6064,207.09,3,126.29,8,6066,128.17,3,227.67,8,6153,366.79,3,107.53,8,6206,316.7,3,19.99,8,6220,476.13,3,125.33,9,6309,335.84,3,75.97,9,6332,336.2,3,247.31,8,6334,402.41,3,123.08,9,6351,308.5,3,120.75,8,
3659,5927,376.29,3,121.62,8,5962,336.99,3,89.06,9,6064,182.06,3,145.31,8,6066,133.91,3,217.29,8,6153,352.73,3,84.05,8,6206,306.4,3,10.84,8,6220,474.83,3,124.24,9,6309,333.02,3,95.42,9,6332,317.35,3,247.79,8,6334,387.51,3,121.97,9,6351,308.64,3,103.88,8,
3660,5927,362.0,3,99.71,8,5962,339.92,3,70.74,9,6064,156.39,3,166.51,8,6066,139.48,3,208.03,8,6153,340.22,3,61.51,8,6206,298.56,3,36.96,8,6220,473.42,3,123.06,9,6309,331.62,3,110.37,9,6334,370.74,3,124.19,9,6351,309.63,3,87.95,8,
3661,5927,348.8,3,77.15,8,5962,344.2,3,50.96,9,6026,429.03,3,242.88,8,6064,131.57,3,188.14,8,6066,145.71,3,198.36,8,6153,330.55,3,42.64,8,6206,291.72,3,63.63,8,6220,470.93,3,120.99,9,6309,330.08,3,120.76,9,6334,355.65,3,127.53,9,6351,311.49,3,71.42,8,
3662,5927,337.83,3,56.99,8,5962,349.26,3,32.81,9,6026,422.79,3,231.31,8,6064,106.27,3,211.13,8,6066,152.2,3,188.82,8,6153,323.44,3,27.69,8,6206,288.63,3,91.51,8,6220,469.31,3,119.65,9,6309,328.83,3,126.64,9,6334,344.42,3,130.49,9,6351,313.89,3,54.72,8,
3663,5927,329.8,3,41.1,8,5962,353.85,3,18.57,9,6026,416.72,3,219.62,8,6064,82.04,3,233.94,8,6066,159.34,3,178.82,8,6153,318.37,3,16.34,8,6206,288.23,3,118.58,8,6220,467.5,3,118.17,9,6309,328.52,3,128.18,9,6334,337.14,3,132.96,9,6351,316.74,3,40.28,8,
3664,5927,323.57,3,27.95,8,5962,357.69,3,7.81,9,6026,405.45,3,214.86,8,6066,166.86,3,168.71,8,6153,317.61,3,9.61,8,6206,290.45,3,146.31,8,6220,465.26,3,116.36,9,6309,328.51,3,128.22,9,6334,333.68,3,135.35,9,6351,319.26,3,30.03,8,
3665,5927,319.68,3,19.33,8,5962,362.26,3,5.32,9,6026,395.07,3,211.33,8,6066,173.91,3,159.52,8,6153,322.48,3,7.93,8,6206,295.15,3,173.41,8,6220,463.15,3,114.67,9,6309,328.5,3,128.24,9,6334,328.97,3,140.1,9,6351,321.21,3,23.3,8,
3666,5927,317.19,3,11.22,8,5962,367.65,3,10.6,9,6026,384.3,3,208.2,8,6066,181.96,3,149.49,8,6153,329.66,3,14.12,8,6206,302.47,3,201.37,8,6220,461.43,3,113.3,9,6309,328.05,3,129.83,9,6334,323.79,3,146.89,9,6351,322.05,3,20.72,8,
3667,5927,318.99,3,7.68,8,5962,374.42,3,17.89,9,6026,373.89,3,205.73,8,6066,190.3,3,139.53,8,6153,337.7,3,22.37,8,6206,311.69,3,228.16,8,6220,459.82,3,112.03,9,6309,327.09,3,133.19,9,6334,318.71,3,156.54,9,6351,322.18,3,20.36,8,
3668,5927,323.75,3,8.7,8,5962,382.64,3,26.76,9,6026,363.62,3,203.86,8,6066,198.27,3,130.19,8,6153,348.22,3,33.39,8,6220,458.34,3,110.87,9,6309,325.44,3,138.05,9,6334,313.97,3,168.66,9,6351,322.26,3,20.12,8,
3669,5927,330.51,3,14.97,8,5962,393.27,3,38.19,9,6026,353.37,3,202.57,8,6066,206.28,3,120.93,8,6153,360.53,3,46.35,8,6220,456.31,3,109.31,9,6309,323.06,3,144.89,9,6334,307.89,3,181.99,9,6351,322.53,3,17.95,8,
3670,5927,338.33,3,23.04,8,5962,406.02,3,51.86,9,6026,342.86,3,201.86,8,6064,102.94,3,284.5,9,6066,214.55,3,111.49,8,6153,375.18,3,61.74,8,6220,454.08,3,107.61,9,6309,319.7,3,154.05,9,6334,301.39,3,197.16,9,6351,322.81,3,14.44,8,
3671,5927,347.69,3,32.83,8,5962,420.98,3,67.81,9,6026,332.54,3,201.8,8,6064,128.34,3,266.42,9,6066,223.62,3,101.26,8,6153,391.92,3,79.29,8,6220,452.21,3,106.21,9,6309,315.65,3,164.46,9,6334,295.51,3,214.39,9,6351,323.06,3,10.03,8,
3672,5927,359.2,3,44.95,8,5962,438.25,3,86.14,9,6026,332.11,3,210.67,8,6064,154.49,3,250.26,9,6066,232.72,3,91.11,8,6153,409.57,3,97.52,8,6220,449.74,3,104.38,9,6309,310.73,3,175.92,9,6334,290.98,3,234.45,9,6351,324.34,3,8.93,8,
3673,5927,373.17,3,59.64,8,5962,457.81,3,106.8,9,6026,335.44,3,221.6,8,6064,179.62,3,238.05,9,6066,241.67,3,81.22,8,6153,427.99,3,116.07,8,6220,447.7,3,102.9,9,6309,305.02,3,188.44,9,6334,289.48,3,256.56,9,6351,327.56,3,16.12,8,
3674,5927,389.05,3,76.29,8,5962,479.45,3,129.53,9,6026,339.35,3,233.23,8,6064,205.46,3,225.22,9,6066,250.22,3,71.85,8,6153,446.25,3,134.46,8,6220,445.95,3,101.65,9,6309,299.07,3,203.12,9,6332,142.29,3,295.54,9,6334,290.44,3,280.85,9,6351,332.51,3,26.82,8,
3675,5927,406.21,3,94.13,8,5962,502.84,3,154.0,9,6064,230.14,3,212.13,9,6066,258.78,3,62.55,8,6153,464.73,3,153.08,8,6220,444.04,3,100.3,9,6309,294.14,3,219.66,9,6332,148.89,3,274.08,9,6351,338.48,3,39.3,8,
3676,5927,424.06,3,112.12,8,5962,528.0,3,180.2,9,6041,538.89,3,245.15,8,6064,254.53,3,196.33,9,6066,267.52,3,53.1,8,6153,482.71,3,171.18,8,6220,441.57,3,98.6,9,6309,290.55,3,237.85,9,6332,158.14,3,252.6,9,6351,345.94,3,54.1,8,
3677,5927,441.34,3,129.52,8,5962,553.96,3,207.14,9,6041,534.74,3,242.21,8,6064,277.17,3,181.1,9,6066,276.61,3,43.35,8,6153,500.56,3,189.15,8,6220,439.88,3,97.46,9,6309,289.45,3,258.04,9,6332,169.29,3,231.7,9,6351,354.92,3,70.84,8,
3678,5927,459.02,3,147.33,8,5962,580.88,3,234.91,9,6041,531.0,3,240.87,8,6064,298.98,3,164.54,9,6066,285.2,3,34.22,8,6153,516.93,3,205.62,8,6220,438.11,3,96.28,9,6309,290.37,3,280.06,9,6332,182.1,3,210.92,9,6351,365.78,3,89.91,8,
3679,5927,476.66,3,165.09,8,5962,607.9,3,262.59,9,6041,529.7,3,242.65,8,6066,294.83,3,24.08,8,6153,528.84,3,217.61,8,6220,435.64,3,94.67,9,6332,196.17,3,190.28,9,6351,378.39,3,110.65,8,
3680,5927,494.78,3,183.33,8,5962,633.9,3,289.16,9,6041,529.11,3,245.83,8,6153,536.28,3,225.09,8,6220,433.71,3,93.45,9,6332,211.64,3,169.21,9,6351,392.08,3,130.9,8,
3681,5927,510.7,3,199.35,8,6153,540.63,3,229.74,8,6220,432.42,3,92.66,9,6332,228.35,3,147.88,9,6351,407.49,3,152.21,8,
3682,5927,522.21,3,210.93,8,6153,540.93,3,230.69,8,6220,430.55,3,91.52,9,6332,245.59,3,126.81,9,6351,422.0,3,172.98,8,
3683,5927,530.72,3,219.49,8,6153,539.59,3,230.51,8,6220,428.58,3,90.36,9,6332,263.16,3,106.0,9,6351,439.3,3,193.88,8,
3684,5927,535.8,3,224.6,8,6153,538.05,3,230.55,8,6220,427.06,3,89.49,9,6332,280.98,3,85.41,9,6351,456.86,3,215.21,8,
3685,5927,540.38,3,229.41,8,6153,536.27,3,231.03,8,6220,424.91,3,88.29,9,6332,299.75,3,64.16,9,6351,474.05,3,235.82,8,
3686,5927,540.98,3,230.71,8,6153,534.67,3,232.02,8,6220,422.94,3,87.23,9,6332,317.92,3,43.92,9,
3687,5927,539.74,3,230.52,8,6153,533.17,3,233.65,8,6220,421.28,3,86.37,9,6332,332.26,3,28.14,9,
3688,5927,538.14,3,230.54,8,6153,532.26,3,235.16,8,6220,419.09,3,85.27,9,6332,342.6,3,16.87,9,
3689,5927,536.42,3,230.97,8,6153,531.86,3,236.02,8,6220,416.74,3,84.16,9,6332,348.85,3,10.13,9,
3690,5927,534.72,3,231.98,8,6153,531.26,3,237.38,8,6220,415.42,3,83.55,9,6254,292.97,3,273.31,9,6332,353.98,3,4.73,9,6404,656.54,3,297.99,9,
3691,5927,533.23,3,233.57,8,6153,530.59,3,239.28,8,6220,413.87,3,82.88,9,6254,293.13,3,245.61,9,6332,354.91,3,6.99,9,6404,653.99,3,295.43,9,
3692,5927,532.3,3,235.08,8,6153,529.87,3,241.99,8,6220,412.21,3,82.19,9,6254,297.43,3,219.85,9,6332,353.08,3,12.11,9,6404,652.39,3,293.81,9,
3693,5927,531.81,3,236.11,8,6153,529.18,3,245.35,8,6220,410.82,3,81.63,9,6254,304.41,3,198.26,9,6332,350.75,3,18.77,9,6404,649.71,3,291.11,9,
3694,5927,531.12,3,237.69,8,6153,528.73,3,249.21,8,6220,408.71,3,80.83,9,6254,311.68,3,181.39,9,6332,347.72,3,27.94,9,6387,330.87,3,246.36,8,6404,647.04,3,288.43,9,
3695,5927,530.36,3,240.09,8,6220,407.36,3,80.35,9,6254,317.41,3,168.67,9,6332,344.45,3,38.71,9,6387,321.86,3,222.67,8,6404,644.55,3,285.93,9,
3696,5927,529.54,3,243.41,8,6220,404.91,3,79.54,9,6254,320.84,3,159.8,9,6332,341.13,3,50.86,9,6387,314.57,3,199.67,8,6404,642.04,3,283.4,9,
3697,5927,528.97,3,246.91,8,6220,402.45,3,78.57,9,6254,322.69,3,155.14,9,6332,338.02,3,64.49,9,6364,330.49,3,245.43,8,6387,308.82,3,176.65,8,6404,640.53,3,281.88,9,
3698,6220,398.47,3,76.5,9,6254,325.19,3,148.38,9,6332,335.25,3,79.43,9,6364,321.43,3,221.45,8,6387,304.64,3,153.13,8,6404,638.34,3,279.68,9,
3699,6220,393.53,3,72.11,9,6254,328.19,3,139.72,9,6332,332.94,3,96.09,9,6364,314.09,3,197.98,8,6387,302.24,3,129.49,8,6404,635.73,3,277.06,9,
3700,6220,389.05,3,64.89,9,6254,331.56,3,129.09,9,6332,331.66,3,109.84,9,6364,308.43,3,174.77,8,6387,301.66,3,106.42,8,6393,532.43,3,248.13,8,6404,633.16,3,274.48,9,
3701,6220,384.13,3,55.77,9,6254,334.23,3,116.77,9,6332,330.19,3,120.26,9,6364,304.27,3,150.37,8,6387,302.88,3,83.05,8,6393,532.89,3,245.77,8,6404,630.75,3,272.07,9,
3702,6220,378.43,3,44.85,9,6254,335.53,3,101.72,9,6332,328.93,3,126.17,9,6364,302.05,3,126.21,8,6387,305.87,3,59.82,8,6393,533.15,3,244.74,8,6404,628.55,3,269.86,9,
3703,6220,372.05,3,32.06,9,6254,337.65,3,84.37,9,6332,326.75,3,134.23,9,6364,301.75,3,101.92,8,6387,312.62,3,37.18,8,6393,534.89,3,244.48,8,6404,626.29,3,267.59,9,
3704,6220,365.22,3,17.58,9,6254,340.89,3,65.71,9,6332,323.2,3,144.51,9,6364,303.33,3,78.54,8,6378,548.54,3,297.45,9,6387,319.95,3,15.94,8,6393,540.55,3,248.97,8,6404,623.74,3,265.04,9,
3705,6220,358.19,3,1.67,9,6254,345.74,3,45.08,9,6332,318.8,3,156.29,9,6364,306.67,3,55.26,8,6378,540.36,3,287.15,9,6387,328.82,3,14.54,8,6404,621.55,3,262.85,9,
3706,6041,370.48,3,249.89,8,6136,293.74,3,282.43,9,6220,351.4,3,16.87,9,6254,350.45,3,28.95,9,6332,313.27,3,170.33,9,6364,311.1,3,31.27,8,6378,531.13,3,275.4,9,6387,338.85,3,35.0,8,6404,619.23,3,260.53,9,
3707,6041,360.61,3,248.68,8,6136,292.64,3,260.51,9,6220,345.14,3,36.33,9,6254,354.41,3,16.91,9,6332,306.07,3,186.03,9,6364,319.18,3,9.19,8,6378,520.51,3,261.74,9,6387,350.64,3,58.31,8,6404,616.61,3,257.91,9,
3708,6041,353.86,3,248.12,8,6136,293.72,3,238.46,9,6220,339.53,3,57.43,9,6254,357.58,3,8.11,9,6332,298.89,3,203.59,9,6364,328.8,3,18.79,8,6378,508.66,3,246.26,9,6387,363.45,3,81.66,8,6404,614.53,3,255.84,9,
3709,6041,349.42,3,246.97,8,6136,298.1,3,217.23,9,6220,335.1,3,80.4,9,6254,362.05,3,5.2,9,6332,293.3,3,223.09,9,6364,339.76,3,41.9,8,6378,495.49,3,228.74,9,6387,377.0,3,104.62,8,6404,612.33,3,253.64,9,
3710,6041,345.94,3,242.92,8,6136,305.11,3,196.55,9,6220,332.63,3,98.88,9,6254,367.92,3,10.89,9,6332,289.95,3,245.11,9,6364,349.02,3,64.74,8,6378,481.12,3,209.19,9,6387,391.89,3,127.38,8,6404,610.76,3,252.08,9,
3711,6041,343.72,3,237.39,8,6136,312.2,3,180.26,9,6220,331.45,3,112.86,9,6254,376.04,3,19.64,9,6332,289.55,3,269.37,9,6364,362.75,3,88.97,8,6378,465.92,3,187.92,9,6387,408.71,3,150.87,8,6404,608.55,3,249.88,9,
3712,6041,341.03,3,229.76,8,6136,317.73,3,167.83,9,6220,329.75,3,122.26,9,6254,386.07,3,30.45,9,6332,292.3,3,296.17,9,6364,377.54,3,113.01,8,6378,449.76,3,164.51,9,6387,427.2,3,174.17,8,6404,606.59,3,247.93,9,
3713,6041,338.02,3,220.52,8,6136,321.04,3,159.3,9,6220,328.72,3,127.18,9,6254,398.51,3,43.81,9,6364,394.26,3,137.18,8,6378,433.06,3,139.25,9,6387,446.59,3,197.83,8,6404,603.98,3,245.34,9,
3714,6041,334.64,3,209.16,8,6136,322.76,3,154.97,9,6220,327.03,3,133.4,9,6254,413.15,3,59.47,9,6364,412.6,3,161.46,8,6378,416.21,3,112.32,9,6387,466.17,3,221.82,8,6404,601.53,3,242.9,9,
3715,6041,340.38,3,204.97,8,6136,325.94,3,149.12,9,6220,324.19,3,141.75,9,6254,429.13,3,76.47,9,6364,432.09,3,185.22,8,6378,400.11,3,84.76,9,6387,485.25,3,244.74,8,6404,600.02,3,241.4,9,
3716,6041,351.99,3,205.53,8,6136,331.24,3,141.99,9,6220,320.36,3,152.32,9,6254,447.15,3,95.55,9,6364,451.84,3,209.13,8,6378,384.77,3,56.98,9,6404,597.61,3,239.01,9,
3717,6041,363.19,3,206.78,8,6136,339.43,3,135.59,9,6220,315.46,3,164.94,9,6254,467.24,3,116.71,9,6364,471.8,3,233.13,8,6378,370.75,3,29.37,9,6404,594.98,3,236.4,9,
3718,6041,374.3,3,208.72,8,6136,350.97,3,132.04,9,6220,308.99,3,179.58,9,6254,488.79,3,139.32,9,6378,358.67,3,2.7,9,6404,593.52,3,234.95,9,
3719,6041,385.57,3,211.34,8,6136,364.89,3,129.13,9,6220,301.9,3,195.88,9,6254,512.4,3,163.96,9,6378,348.7,3,24.93,9,6404,591.43,3,232.9,9,
3720,6041,397.04,3,214.66,8,6136,380.51,3,125.91,9,6220,295.55,3,214.21,9,6254,538.27,3,190.87,9,6378,340.81,3,52.1,9,6404,588.82,3,230.31,9,
3721,6041,407.99,3,218.4,8,6136,398.44,3,125.59,9,6220,290.94,3,234.76,9,6254,565.71,3,219.29,9,6378,335.85,3,75.88,9,6404,587.32,3,228.84,9,
3722,6041,417.11,3,225.11,8,6136,418.21,3,129.82,9,6153,361.14,3,248.74,8,6220,289.46,3,258.05,9,6254,592.62,3,246.94,9,6378,333.05,3,95.17,9,6404,585.8,3,227.34,9,
3723,6041,423.28,3,236.7,8,6136,440.21,3,138.7,9,6153,353.79,3,248.12,8,6220,290.7,3,283.35,9,6254,619.26,3,274.2,9,6378,331.64,3,109.95,9,6404,584.04,3,225.61,9,
3724,6041,429.88,3,248.67,8,6136,462.49,3,154.24,9,6153,349.41,3,246.96,8,6378,330.21,3,120.19,9,6404,581.83,3,223.42,9,
3725,5927,370.43,3,249.88,8,6136,484.7,3,173.1,9,6153,345.57,3,242.23,8,6378,328.9,3,126.31,9,6404,579.37,3,221.01,9,
3726,5927,356.57,3,248.33,8,6136,505.47,3,194.11,9,6378,326.85,3,133.96,9,6404,577.47,3,219.14,9,
3727,6136,524.49,3,216.11,9,6378,323.76,3,142.93,9,6404,574.99,3,216.7,9,6436,590.53,3,293.84,9,
3728,6136,542.79,3,238.55,9,6378,319.99,3,153.32,9,6404,572.81,3,214.57,9,6436,567.34,3,266.32,9,
3729,6136,560.6,3,260.12,9,6203,462.59,3,225.47,8,6378,315.12,3,165.81,9,6404,571.24,3,213.03,9,6436,544.02,3,238.08,9,6468,278.46,3,238.06,9,
3730,6136,574.9,3,277.2,9,6203,438.68,3,197.25,8,6378,308.66,3,180.31,9,6404,568.94,3,210.78,9,6436,521.45,3,210.53,9,6468,277.1,3,238.55,9,
3731,6136,585.53,3,289.79,9,6203,414.21,3,169.11,8,6378,301.54,3,196.78,9,6404,566.5,3,208.39,9,6436,496.82,3,182.9,9,6468,274.49,3,239.51,9,
3732,6136,592.94,3,298.37,9,6203,391.39,3,141.47,8,6378,295.16,3,215.69,9,6404,564.13,3,206.09,9,6436,470.1,3,157.94,9,6468,270.07,3,241.21,9,
3733,6203,371.01,3,114.21,8,6378,290.68,3,236.69,9,6404,562.44,3,204.44,9,6436,441.66,3,137.37,9,6468,264.13,3,243.64,9,
3734,6152,540.3,3,246.31,8,6203,354.09,3,86.39,8,6378,289.43,3,260.54,9,6404,560.35,3,202.41,9,6436,415.09,3,126.09,9,6468,255.98,3,247.22,9,
3735,6152,535.05,3,242.39,8,6203,340.69,3,62.39,8,6378,291.06,3,286.6,9,6404,557.75,3,199.89,9,6436,390.96,3,121.92,9,6468,247.83,3,251.09,9,
3736,6152,531.09,3,240.82,8,6203,330.5,3,42.54,8,6404,556.0,3,198.2,9,6436,371.47,3,124.04,9,6468,238.92,3,255.64,9,
3737,6152,529.81,3,242.23,8,6203,323.03,3,26.79,8,6404,553.97,3,196.23,9,6436,355.89,3,127.48,9,6468,230.23,3,260.41,9,
3738,6152,529.22,3,245.09,8,6203,318.07,3,15.65,8,6404,552.42,3,194.74,9,6436,344.13,3,130.58,9,6468,221.73,3,265.38,9,
3739,6152,528.73,3,249.18,8,6203,317.86,3,9.22,8,6404,549.93,3,192.33,9,6436,336.63,3,133.2,9,6468,213.52,3,270.46,9,
3740,6203,323.94,3,8.83,8,6404,547.37,3,189.87,9,6436,329.51,3,139.5,9,6468,204.98,3,276.07,9,
3741,6203,332.92,3,17.44,8,6222,295.03,3,293.14,9,6404,545.11,3,187.71,9,6436,322.29,3,149.18,9,6468,197.45,3,281.26,9,
3742,6203,343.81,3,28.77,8,6222,292.68,3,268.45,9,6404,543.33,3,186.0,9,6436,316.4,3,162.48,9,6468,189.74,3,286.84,9,
3743,6203,356.96,3,42.59,8,6222,293.28,3,243.38,9,6404,541.59,3,184.34,9,6436,309.66,3,178.17,9,6468,182.44,3,292.38,9,
3744,6203,371.61,3,58.0,8,6222,297.81,3,218.37,9,6404,539.99,3,182.82,9,6436,302.18,3,195.22,9,6468,174.39,3,298.49,9,
3745,6045,293.76,3,282.62,9,6203,387.9,3,75.08,8,6222,304.55,3,197.94,9,6404,537.87,3,180.8,9,6436,295.61,3,214.02,9,
3746,6045,292.72,3,255.57,9,6203,405.64,3,93.56,8,6222,311.33,3,182.14,9,6404,535.42,3,178.48,9,6436,290.8,3,235.76,9,
3747,6045,295.18,3,229.46,9,6203,426.34,3,114.41,8,6222,317.05,3,169.57,9,6404,533.02,3,176.2,9,6436,289.44,3,259.68,9,
3748,6045,300.6,3,208.3,9,6203,448.15,3,136.38,8,6222,320.51,3,160.67,9,6404,531.35,3,174.63,9,6436,290.95,3,285.6,9,
3749,6045,307.42,3,190.98,9,6203,469.91,3,158.3,8,6222,322.51,3,155.61,9,6404,529.29,3,172.69,9,
3750,6045,313.26,3,178.01,9,6203,492.48,3,181.02,8,6222,325.3,3,148.06,9,6404,527.34,3,170.86,9,
3751,6045,318.11,3,166.88,9,6203,510.83,3,199.49,8,6222,328.44,3,138.99,9,6404,525.68,3,169.31,9,
3752,6045,321.17,3,158.96,9,6203,524.95,3,213.69,8,6222,331.81,3,127.95,9,6404,523.44,3,167.22,9,
3753,6045,322.75,3,154.99,9,6203,535.17,3,223.97,8,6222,334.53,3,114.7,9,6404,521.66,3,165.57,9,
3754,6045,324.93,3,149.17,9,6203,540.42,3,229.46,8,6222,335.77,3,99.32,9,6404,519.97,3,163.99,9,
3755,6045,327.76,3,141.01,9,6203,540.6,3,230.63,8,6222,338.05,3,81.77,9,6404,517.52,3,161.74,9,
3756,6045,330.92,3,131.26,9,6203,539.06,3,230.49,8,6222,341.62,3,62.21,9,6404,515.34,3,159.73,9,
3757,6045,333.5,3,119.96,9,6203,537.39,3,230.66,8,6222,346.85,3,41.07,9,6404,512.87,3,157.46,9,
3758,6045,335.08,3,106.81,9,6203,535.65,3,231.34,8,6222,354.2,3,17.55,9,6404,511.2,3,155.94,9,
3759,6045,336.59,3,92.13,9,6203,533.84,3,232.82,8,6222,363.73,3,7.93,9,6404,509.39,3,154.3,9,
3760,6045,339.11,3,75.31,9,6203,532.7,3,234.39,8,6222,375.55,3,33.56,9,6404,507.93,3,152.98,9,
3761,6045,342.97,3,56.06,9,6203,532.03,3,235.62,8,6222,388.52,3,58.96,9,6404,506.02,3,151.25,9,
3762,6045,348.02,3,36.98,9,6203,531.19,3,237.55,8,6222,402.48,3,84.33,9,6404,503.64,3,149.12,9,6515,342.61,3,241.91,8,
3763,6045,352.56,3,22.4,9,6203,530.31,3,240.24,8,6222,417.35,3,110.04,9,6404,501.88,3,147.55,9,6509,432.92,3,249.89,8,6515,342.61,3,241.91,8,
3764,6045,356.03,3,12.32,9,6152,369.39,3,249.74,8,6203,529.48,3,243.71,8,6222,432.61,3,134.74,9,6404,499.3,3,145.26,9,6452,532.59,3,247.21,8,6509,428.51,3,241.94,8,6515,342.61,3,241.91,8,
3765,6045,358.18,3,6.85,9,6152,352.39,3,248.02,8,6203,528.83,3,248.12,8,6222,449.19,3,160.18,9,6404,496.92,3,143.16,9,6452,532.99,3,245.35,8,6509,422.94,3,231.59,8,6515,342.61,3,241.91,8,
3766,6045,363.29,3,6.14,9,6152,335.08,3,247.28,8,6222,466.29,3,185.23,9,6404,495.24,3,141.69,9,6452,534.56,3,244.33,8,6468,120.76,3,243.15,8,6509,416.88,3,219.93,8,6515,343.01,3,242.68,8,
3767,6045,369.33,3,12.41,9,6152,317.49,3,247.79,8,6222,484.09,3,210.27,9,6404,493.31,3,140.01,9,6452,540.48,3,248.91,8,6468,125.0,3,233.93,8,6509,404.39,3,214.49,8,6515,344.29,3,245.11,8,
3768,6045,377.37,3,21.08,9,6152,299.8,3,249.89,8,6222,502.51,3,235.33,9,6404,491.18,3,138.17,9,6468,129.82,3,224.57,8,6509,390.89,3,210.04,8,6515,347.57,3,248.85,8,
3769,6045,386.77,3,31.21,9,6222,519.82,3,258.21,9,6404,489.03,3,136.33,9,6468,135.39,3,214.76,8,6509,377.72,3,206.57,8,
3770,6045,397.55,3,42.78,9,6222,534.71,3,277.47,9,6404,487.42,3,134.95,9,6468,141.47,3,204.87,8,6509,364.32,3,203.96,8,
3771,6045,410.59,3,56.74,9,6222,546.32,3,292.24,9,6404,485.55,3,133.37,9,6468,147.42,3,195.79,8,6509,351.28,3,202.37,8,
3772,6045,425.85,3,72.98,9,6404,483.88,3,131.96,9,6468,154.23,3,185.94,8,6509,337.33,3,201.75,8,6529,360.17,3,119.51,8,
3773,6045,442.98,3,91.15,9,6404,481.55,3,129.95,9,6468,160.84,3,176.77,8,6509,331.22,3,207.53,8,6525,430.4,3,245.36,8,6529,358.69,3,119.89,8,
3774,6045,461.84,3,111.03,9,6404,479.37,3,128.08,9,6468,167.63,3,167.68,8,6509,335.46,3,221.63,8,6525,426.28,3,237.83,8,6529,356.18,3,120.61,8,
3775,6045,482.15,3,132.36,9,6368,240.83,3,249.5,8,6404,477.79,3,126.74,9,6468,174.55,3,158.7,8,6509,339.09,3,232.52,8,6525,421.21,3,228.31,8,6529,352.1,3,121.97,8,
3776,6045,503.89,3,155.09,9,6368,246.21,3,236.02,8,6404,475.38,3,124.7,9,6468,182.29,3,149.09,8,6509,341.58,3,239.3,8,6525,414.05,3,218.17,8,6529,346.29,3,124.35,8,
3777,6045,527.72,3,179.91,9,6368,252.22,3,223.19,8,6404,472.93,3,122.65,9,6468,189.51,3,140.47,8,6509,346.02,3,247.3,8,6525,401.54,3,213.47,8,6529,338.97,3,128.07,8,
3778,6045,554.1,3,207.28,9,6368,259.24,3,210.17,8,6404,470.3,3,120.47,9,6468,197.57,3,131.0,8,6525,389.61,3,209.67,8,6529,330.45,3,133.39,8,
3779,6343,293.8,3,282.92,9,6368,266.89,3,197.68,8,6404,468.73,3,119.18,9,6468,205.74,3,121.55,8,6525,377.27,3,206.47,8,6529,321.57,3,140.05,8,
3780,6343,292.66,3,258.21,9,6368,275.03,3,185.83,8,6404,467.25,3,117.97,9,6468,213.34,3,112.86,8,6525,365.04,3,204.08,8,6529,312.55,3,147.98,8,
3781,6343,294.25,3,234.44,9,6368,284.21,3,173.94,8,6404,465.12,3,116.25,9,6467,323.73,3,227.95,8,6468,221.85,3,103.25,8,6525,352.79,3,202.52,8,6529,303.67,3,156.96,8,
3782,6343,299.75,3,211.18,9,6368,293.31,3,163.4,8,6404,463.08,3,114.61,9,6467,314.9,3,200.83,8,6468,230.15,3,93.97,8,6525,341.36,3,201.82,8,6529,295.38,3,166.23,8,
3783,6343,307.17,3,191.57,9,6368,302.6,3,153.03,8,6404,460.54,3,112.6,9,6467,308.44,3,174.85,8,6468,238.1,3,85.16,8,6525,330.13,3,201.87,8,6529,287.4,3,175.41,8,6545,369.74,3,12.85,9,
3784,6343,314.01,3,176.44,9,6368,312.11,3,143.57,8,6404,458.56,3,111.05,9,6467,304.04,3,148.61,8,6468,246.68,3,75.72,8,6525,333.01,3,213.73,8,6529,279.28,3,185.75,8,6545,371.64,3,14.9,9,
3785,6343,318.76,3,165.2,9,6368,322.4,3,134.81,8,6404,455.88,3,108.98,9,6467,301.86,3,122.0,8,6468,255.64,3,65.95,8,6525,337.05,3,226.52,8,6529,271.63,3,196.6,8,6545,375.5,3,19.06,9,
3786,6343,321.55,3,157.98,9,6368,333.01,3,127.36,8,6404,453.89,3,107.47,9,6467,301.99,3,95.8,8,6468,263.79,3,57.12,8,6524,559.96,3,248.42,8,6525,340.03,3,235.15,8,6529,264.82,3,207.32,8,6545,381.17,3,25.18,9,
3787,6246,543.74,3,249.54,8,6343,325.07,3,148.75,9,6368,343.84,3,121.46,8,6404,451.64,3,105.78,9,6467,304.47,3,69.05,8,6468,272.29,3,47.97,8,6516,331.07,3,246.85,8,6524,538.35,3,226.69,8,6525,342.01,3,240.42,8,6529,258.47,3,218.47,8,6545,388.7,3,33.29,9,
3788,6203,428.95,3,242.74,8,6246,535.79,3,242.83,8,6343,329.08,3,137.11,9,6368,355.0,3,117.21,8,6404,449.67,3,104.33,9,6467,311.04,3,42.78,8,6468,281.07,3,38.6,8,6516,321.51,3,221.66,8,6524,514.29,3,202.46,8,6525,343.11,3,245.83,8,6529,252.8,3,229.67,8,6545,397.87,3,43.14,9,
3789,6203,422.21,3,230.22,8,6246,533.13,3,241.38,8,6343,332.85,3,122.91,9,6404,448.06,3,103.16,9,6467,319.22,3,17.68,8,6468,289.69,3,29.47,8,6516,313.64,3,196.34,8,6524,488.4,3,176.38,8,6525,338.93,3,247.38,8,6529,247.87,3,240.74,8,6545,408.94,3,54.97,9,
3790,6203,414.51,3,218.35,8,6246,530.79,3,240.95,8,6343,335.08,3,106.85,9,6404,445.78,3,101.53,9,6467,329.34,3,15.51,8,6468,297.73,3,21.07,8,6516,307.65,3,170.99,8,6524,462.45,3,150.21,8,6525,331.2,3,247.26,8,6545,421.51,3,68.37,9,
3791,6203,401.62,3,213.5,8,6246,529.67,3,242.82,8,6343,336.95,3,89.31,9,6404,443.53,3,99.95,9,6467,341.34,3,40.07,8,6468,301.74,3,16.95,8,6516,303.69,3,145.76,8,6524,436.55,3,124.06,8,6525,322.23,3,247.49,8,6539,558.81,3,247.26,8,6545,435.44,3,83.16,9,
3792,6203,388.98,3,209.49,8,6246,529.07,3,246.12,8,6343,340.21,3,69.22,9,6404,441.49,3,98.54,9,6467,355.0,3,66.46,8,6468,307.15,3,11.99,8,6516,301.8,3,120.51,8,6524,411.33,3,98.58,8,6525,311.91,3,248.27,8,6539,539.52,3,227.87,8,6545,451.76,3,100.42,9,
3793,6203,376.27,3,206.25,8,6343,344.89,3,48.29,9,6404,439.68,3,97.32,9,6467,370.08,3,93.1,8,6468,314.67,3,8.18,8,6516,302.02,3,95.2,8,6524,387.96,3,74.39,8,6525,300.45,3,249.78,8,6539,520.01,3,208.23,8,6545,470.5,3,120.14,9,
3794,6203,362.91,3,203.75,8,6343,349.93,3,30.65,9,6404,437.1,3,95.62,9,6467,386.68,3,119.69,8,6468,323.17,3,13.07,8,6516,304.44,3,69.31,8,6524,369.18,3,54.74,8,6539,500.45,3,188.52,8,6545,490.83,3,141.46,9,
3795,6203,349.66,3,202.25,8,6343,354.22,3,17.49,9,6404,435.13,3,94.35,9,6467,404.96,3,145.71,8,6468,327.73,3,22.0,8,6516,310.66,3,44.05,8,6524,354.75,3,39.66,8,6539,481.85,3,169.78,8,6545,512.34,3,163.91,9,
3796,5702,536.28,3,243.13,8,6203,336.35,3,201.75,8,6343,357.43,3,8.49,9,6404,433.57,3,93.37,9,6426,294.64,3,290.19,9,6467,425.67,3,172.28,8,6468,333.04,3,33.44,8,6516,318.54,3,19.39,8,6524,344.23,3,28.77,8,6539,462.69,3,150.45,8,6545,530.88,3,183.2,9,
3797,5702,533.2,3,241.41,8,6203,331.5,3,208.57,8,6343,360.47,3,4.64,9,6404,431.2,3,91.91,9,6426,292.64,3,260.74,9,6467,447.44,3,198.88,8,6468,339.54,3,46.68,8,6516,327.81,3,12.82,8,6524,337.17,3,21.63,8,6539,443.42,3,131.0,8,6545,545.11,3,197.97,9,
3798,5702,530.61,3,241.03,8,6203,335.54,3,221.9,8,6343,364.94,3,7.72,9,6404,428.54,3,90.33,9,6426,294.62,3,232.25,9,6467,469.12,3,225.38,8,6468,347.44,3,61.82,8,6516,338.76,3,34.81,8,6524,330.69,3,15.53,8,6539,423.99,3,111.37,8,6545,555.4,3,208.62,9,
3799,5702,529.58,3,243.2,8,6203,340.19,3,235.58,8,6343,369.19,3,12.26,9,6404,426.54,3,89.2,9,6426,300.42,3,208.82,9,6468,356.92,3,78.92,8,6516,351.27,3,59.51,8,6524,330.52,3,17.79,8,6539,405.43,3,92.61,8,6545,562.6,3,216.08,9,
3800,5702,528.98,3,246.83,8,6343,375.23,3,18.76,9,6404,424.53,3,88.08,9,6426,307.68,3,190.37,9,6468,370.89,3,98.49,8,6516,365.38,3,85.02,8,6524,334.32,3,25.6,8,6539,386.75,3,73.13,8,6545,565.58,3,218.97,9,
3801,6343,382.56,3,26.67,9,6404,422.39,3,86.94,9,6426,314.36,3,175.7,9,6468,384.83,3,120.4,8,6516,377.94,3,106.16,8,6524,336.18,3,34.56,8,6539,367.96,3,53.46,8,6545,566.09,3,219.03,9,
3802,6343,391.27,3,36.04,9,6404,420.71,3,86.08,9,6426,318.96,3,164.68,9,6468,401.36,3,143.82,8,6516,392.14,3,127.74,8,6524,342.34,3,47.06,8,6539,353.29,3,38.14,8,6545,563.79,3,216.45,9,
3803,6343,402.12,3,47.68,9,6404,419.23,3,85.34,9,6426,321.66,3,157.72,9,6468,419.59,3,167.39,8,6509,532.37,3,248.5,8,6516,408.87,3,151.09,8,6524,349.9,3,61.62,8,6539,342.91,3,27.42,8,6545,559.39,3,211.9,9,
3804,6343,414.44,3,60.85,9,6404,417.44,3,84.49,9,6426,325.08,3,148.7,9,6468,439.06,3,191.13,8,6509,532.88,3,245.78,8,6516,427.59,3,174.64,8,6524,359.24,3,78.58,8,6539,336.72,3,21.19,8,6545,552.53,3,204.78,9,
3805,6343,428.19,3,75.47,9,6404,415.33,3,83.52,9,6426,328.79,3,137.98,9,6468,458.63,3,215.0,8,6509,533.19,3,244.57,8,6516,447.07,3,198.42,8,6524,370.04,3,97.08,8,6539,332.5,3,17.1,8,6545,544.35,3,196.29,9,
3806,6343,443.55,3,91.74,9,6404,413.39,3,82.68,9,6426,332.4,3,125.09,9,6468,478.42,3,238.79,8,6509,535.82,3,245.04,8,6511,329.43,3,242.84,8,6516,466.57,3,222.3,8,6524,382.91,3,117.51,8,6539,329.58,3,15.31,8,6545,534.88,3,186.45,9,
3807,6343,460.34,3,109.45,9,6404,411.19,3,81.77,9,6426,334.81,3,110.32,9,6511,319.9,3,216.93,8,6516,486.39,3,246.09,8,6524,398.46,3,139.8,8,6539,331.11,3,18.96,8,6545,523.01,3,174.09,9,
3808,6343,479.29,3,129.36,9,6404,409.54,3,81.14,9,6426,336.49,3,92.97,9,6511,311.85,3,189.57,8,6524,416.9,3,164.06,8,6525,143.07,3,292.43,9,6539,334.12,3,25.17,8,6545,509.5,3,159.99,9,
3809,6343,500.38,3,151.43,9,6404,406.94,3,80.21,9,6426,339.45,3,73.34,9,6511,305.73,3,160.27,8,6524,438.64,3,190.62,8,6525,150.06,3,270.98,9,6539,338.28,3,33.82,8,6545,494.24,3,144.02,9,
3810,6343,521.37,3,173.31,9,6404,404.29,3,79.34,9,6426,343.84,3,52.38,9,6511,302.33,3,130.97,8,6524,462.0,3,219.08,8,6525,159.5,3,249.85,9,6539,343.48,3,44.38,8,6545,477.54,3,126.51,9,
3811,5853,294.41,3,288.42,9,6343,538.11,3,190.7,9,6404,399.85,3,77.41,9,6426,348.98,3,33.76,9,6511,301.74,3,102.62,8,6524,487.28,3,249.3,8,6525,170.96,3,228.85,9,6539,349.92,3,56.94,8,6543,532.59,3,247.18,8,6545,458.93,3,106.9,9,
3812,5853,292.64,3,265.29,9,6343,550.65,3,203.7,9,6404,393.68,3,72.27,9,6426,353.49,3,19.64,9,6511,303.77,3,74.53,8,6525,184.26,3,207.63,9,6539,357.89,3,71.75,8,6543,533.04,3,245.17,8,6545,438.24,3,85.0,9,6586,459.78,3,159.49,9,
3813,5853,293.34,3,242.63,9,6343,559.08,3,212.44,9,6404,388.33,3,63.56,9,6426,356.84,3,10.08,9,6511,306.66,3,45.74,8,6525,198.87,3,186.5,9,6539,367.36,3,88.44,8,6543,533.7,3,242.62,8,6545,416.3,3,61.63,9,6586,459.51,3,160.63,9,
3814,5853,297.2,3,220.76,9,6343,563.23,3,216.73,9,6404,382.8,3,53.27,9,6426,358.38,3,5.02,9,6511,312.51,3,17.06,8,6525,214.46,3,165.52,9,6539,378.13,3,106.48,8,6543,534.68,3,239.93,8,6545,398.62,3,42.67,9,6586,458.95,3,163.13,9,
3815,5853,303.87,3,199.63,9,6343,566.09,3,219.35,9,6404,376.73,3,41.52,9,6426,358.53,3,4.38,9,6511,323.35,3,12.11,8,6525,231.54,3,143.92,9,6539,390.68,3,125.65,8,6543,535.89,3,237.48,8,6545,384.56,3,27.52,9,6586,458.16,3,167.09,9,
3816,5853,311.1,3,182.65,9,6343,564.92,3,217.62,9,6404,369.9,3,27.58,9,6426,358.62,3,4.07,9,6511,336.32,3,40.22,8,6515,330.53,3,245.52,8,6525,248.77,3,123.0,9,6539,406.15,3,147.35,8,6543,537.28,3,235.69,8,6545,374.73,3,16.88,9,6586,457.3,3,172.35,9,
3817,5853,316.92,3,169.86,9,6343,559.66,3,212.18,9,6404,362.62,3,11.79,9,6426,358.67,3,3.88,9,6511,351.46,3,69.2,8,6515,320.75,3,219.46,8,6525,266.35,3,102.28,9,6539,424.98,3,171.42,8,6543,538.97,3,234.43,8,6545,369.08,3,10.76,9,6586,456.48,3,178.84,9,
3818,5853,320.41,3,160.92,9,6343,553.15,3,205.43,9,6404,355.14,3,6.55,9,6426,358.68,3,3.83,9,6511,367.97,3,97.71,8,6515,312.92,3,193.7,8,6525,284.68,3,81.19,9,6539,444.28,3,195.01,8,6543,540.91,3,233.78,8,6545,367.36,3,8.91,9,6586,455.74,3,187.44,9,
3819,5853,322.28,3,156.18,9,6343,544.77,3,196.72,9,6404,348.34,3,26.01,9,6426,358.68,3,3.82,9,6511,386.93,3,126.94,8,6515,307.01,3,167.61,8,6525,303.1,3,60.41,9,6539,464.1,3,219.31,8,6543,542.52,3,233.69,8,6545,366.62,3,8.12,9,6586,455.35,3,195.88,9,
3820,5853,325.74,3,149.41,9,6343,535.04,3,186.61,9,6404,341.9,3,47.91,9,6426,358.44,3,1.98,9,6511,407.45,3,155.09,8,6515,303.28,3,141.95,8,6525,320.78,3,40.77,9,6539,484.39,3,243.72,8,6543,543.72,3,233.83,8,6545,366.46,3,7.95,9,6586,455.26,3,203.61,9,
3821,5853,331.4,3,141.82,9,6343,523.7,3,174.8,9,6404,336.47,3,72.39,9,6426,357.19,3,1.76,9,6511,431.2,3,184.15,8,6515,301.68,3,116.13,8,6525,334.55,3,25.64,9,6543,544.17,3,233.24,8,6545,366.44,3,7.92,9,6586,453.39,3,206.39,9,
3822,5853,339.97,3,135.41,9,6343,509.98,3,160.5,9,6404,333.39,3,92.37,9,6426,352.88,3,7.16,9,6511,454.78,3,212.69,8,6515,302.36,3,89.58,8,6525,344.3,3,15.04,9,6540,532.22,3,249.49,8,6543,539.65,3,228.07,8,6545,365.54,3,6.97,9,6586,448.8,3,204.48,9,
3823,5853,352.06,3,131.77,9,6343,494.69,3,144.5,9,6404,331.81,3,107.86,9,6426,346.11,3,14.44,9,6511,478.27,3,240.82,8,6515,305.34,3,63.23,8,6525,349.95,3,8.95,9,6540,532.73,3,246.52,8,6543,533.19,3,221.51,8,6545,363.2,3,4.51,9,6586,442.52,3,200.95,9,
3824,5853,365.98,3,128.83,9,6343,477.14,3,126.08,9,6404,330.52,3,118.8,9,6426,337.05,3,24.33,9,6515,312.37,3,38.03,8,6525,357.68,3,1.76,9,6540,533.06,3,245.06,8,6543,525.05,3,213.3,8,6545,358.65,3,1.63,9,6586,434.62,3,196.71,9,
3825,5834,293.62,3,281.1,9,5853,381.42,3,125.79,9,6343,457.36,3,105.25,9,6404,329.03,3,125.65,9,6426,326.43,3,36.01,9,6515,320.47,3,14.81,8,6525,367.66,3,10.62,9,6540,534.95,3,244.51,8,6543,515.03,3,203.22,8,6545,352.2,3,7.87,9,6586,425.25,3,191.98,9,
3826,5834,292.66,3,258.5,9,5853,399.1,3,125.67,9,6343,436.0,3,82.62,9,6404,325.6,3,134.49,9,6426,314.7,3,49.04,9,6515,330.74,3,18.23,8,6525,379.64,3,23.53,9,6540,541.4,3,249.75,8,6543,502.67,3,190.76,8,6545,344.29,3,16.42,9,6586,413.48,3,186.54,9,
3827,5834,293.94,3,236.63,9,5853,419.3,3,130.17,9,6343,412.76,3,57.84,9,6404,317.55,3,142.55,9,6426,301.81,3,63.49,9,6515,342.48,3,42.37,8,6525,393.47,3,38.41,9,6543,487.8,3,175.77,8,6545,334.76,3,26.84,9,6586,400.91,3,181.39,9,6608,336.77,3,21.41,8,
3828,5834,298.67,3,215.07,9,5853,441.8,3,139.76,9,6343,390.34,3,33.76,9,6404,306.67,3,150.3,9,6426,287.36,3,79.89,9,6515,355.6,3,67.57,8,6525,409.35,3,55.42,9,6543,471.35,3,159.18,8,6545,323.04,3,39.77,9,6586,388.42,3,177.02,9,6588,594.51,3,298.46,9,6608,338.87,3,23.6,8,6610,543.3,3,289.94,9,
3829,5834,305.6,3,195.34,9,6343,367.07,3,8.6,9,6404,293.78,3,160.01,9,6426,271.84,3,97.79,9,6515,370.63,3,94.02,8,6525,427.49,3,74.72,9,6543,453.36,3,141.03,8,6545,309.57,3,54.77,9,6586,376.43,3,173.58,9,6588,584.43,3,286.7,9,6608,342.84,3,27.75,8,6610,541.61,3,288.71,9,
3830,5834,312.68,3,179.24,9,6404,279.47,3,171.11,9,6426,254.75,3,117.94,9,6515,386.86,3,119.96,8,6525,448.15,3,96.6,9,6543,434.43,3,121.92,8,6545,294.32,3,71.96,9,6586,364.65,3,170.95,9,6588,573.01,3,273.11,9,6608,349.23,3,34.46,8,6610,537.78,3,285.92,9,
3831,5834,317.98,3,167.2,9,6404,263.35,3,183.75,9,6426,236.12,3,140.59,9,6515,404.73,3,145.4,8,6525,470.29,3,119.92,9,6543,415.57,3,102.86,8,6545,278.48,3,90.09,9,6586,352.36,3,169.04,9,6588,560.15,3,257.67,9,6608,357.45,3,43.1,8,6610,532.15,3,281.88,9,
3832,5834,321.11,3,159.09,9,6404,245.15,3,196.36,9,6426,217.33,3,164.43,9,6515,424.56,3,170.9,8,6525,494.86,3,145.66,9,6543,397.13,3,83.99,8,6545,263.03,3,108.12,9,6586,340.56,3,168.04,9,6588,545.65,3,240.06,9,6608,367.8,3,53.99,8,6610,524.0,3,276.14,9,
3833,5834,322.67,3,155.19,9,6404,224.5,3,209.24,9,6426,199.34,3,188.95,9,6515,443.42,3,196.38,8,6525,517.52,3,169.3,9,6543,379.25,3,65.27,8,6545,248.09,3,125.95,9,6586,331.83,3,167.84,9,6588,529.49,3,220.19,9,6608,380.5,3,67.33,8,6610,513.34,3,268.8,9,
3834,5834,324.68,3,149.82,9,6404,201.88,3,221.77,9,6426,183.67,3,212.23,9,6515,465.28,3,223.03,8,6525,535.94,3,188.45,9,6543,361.7,3,46.91,8,6545,233.24,3,144.17,9,6586,325.77,3,167.97,9,6588,511.04,3,198.53,9,6608,394.54,3,82.03,8,6610,500.24,3,260.11,9,
3835,5834,327.37,3,142.15,9,6404,177.43,3,233.77,9,6426,169.71,3,235.59,9,6515,486.61,3,248.51,8,6525,550.06,3,203.1,9,6543,348.41,3,33.08,8,6545,219.09,3,162.15,9,6586,318.0,3,169.26,9,6588,489.74,3,176.05,9,6608,410.31,3,98.26,8,6610,486.96,3,251.7,9,
3836,5834,330.42,3,133.02,9,6404,151.21,3,247.45,9,6426,157.8,3,259.38,9,6525,559.86,3,213.24,9,6543,339.38,3,23.84,8,6545,205.85,3,179.86,9,6586,310.86,3,175.63,9,6588,465.12,3,154.17,9,6608,428.94,3,117.03,8,6610,474.69,3,240.37,9,
3837,5834,333.08,3,121.9,9,6404,122.97,3,265.08,9,6426,148.56,3,283.85,9,6525,565.27,3,218.88,9,6543,334.51,3,19.02,8,6545,192.91,3,198.22,9,6586,305.75,3,186.75,9,6588,438.16,3,135.14,9,6608,449.87,3,138.11,8,6610,465.46,3,227.32,9,
3838,5834,334.95,3,108.43,9,6404,94.83,3,285.56,9,6525,568.08,3,222.63,9,6543,330.53,3,15.43,8,6545,180.81,3,216.78,9,6586,300.48,3,199.46,9,6588,411.67,3,125.1,9,6608,471.02,3,159.41,8,6610,461.8,3,218.98,9,
3839,5834,336.57,3,92.33,9,6525,565.83,3,221.59,9,6543,330.0,3,16.62,8,6545,170.28,3,234.58,9,6586,295.46,3,214.54,9,6588,385.94,3,122.05,9,6608,491.98,3,180.52,8,6610,459.83,3,214.86,9,
3840,5834,339.22,3,74.63,9,6525,562.24,3,219.73,9,6543,332.21,3,21.21,8,6545,160.96,3,252.55,9,6586,291.5,3,231.32,9,6588,361.42,3,126.43,9,6608,509.11,3,197.75,8,6610,455.6,3,209.4,9,
3841,5834,343.19,3,55.02,9,6525,557.56,3,217.54,9,6543,335.28,3,27.6,8,6545,152.84,3,271.41,9,6586,289.69,3,249.98,9,6588,335.25,3,133.75,9,6608,522.12,3,210.84,8,6610,448.1,3,204.09,9,
3842,5834,349.16,3,33.16,9,6424,295.93,3,299.86,9,6525,551.86,3,215.25,9,6543,339.3,3,35.92,8,6545,146.72,3,290.25,9,6586,289.62,3,270.66,9,6588,310.52,3,147.6,9,6608,530.89,3,219.66,8,6610,438.57,3,198.8,9,
3843,5834,356.49,3,11.04,9,6424,293.2,3,276.41,9,6525,545.41,3,213.24,9,6543,344.65,3,46.7,8,6586,291.99,3,293.64,9,6588,287.17,3,165.18,9,6608,535.3,3,224.1,8,6610,426.98,3,192.83,9,
3844,5834,365.33,3,11.52,9,6404,73.73,3,243.0,8,6424,292.77,3,253.66,9,6525,537.96,3,211.79,9,6543,351.33,3,59.63,8,6588,263.12,3,183.92,9,6608,538.16,3,226.75,8,6610,413.78,3,186.67,9,
3845,5834,376.14,3,34.75,9,6404,101.93,3,217.14,8,6424,294.85,3,231.1,9,6525,532.09,3,211.37,9,6543,359.59,3,74.81,8,6588,237.42,3,201.38,9,6608,536.29,3,224.63,8,6610,400.2,3,181.12,9,
3846,5834,387.74,3,57.49,9,6404,129.88,3,192.43,8,6424,300.56,3,208.4,9,6525,528.16,3,211.51,9,6543,369.18,3,91.56,8,6588,210.03,3,217.64,9,6608,531.69,3,219.99,8,6610,386.58,3,176.44,9,
3847,5834,399.92,3,79.79,9,6404,157.39,3,169.18,8,6424,307.75,3,190.22,9,6525,525.94,3,211.74,9,6543,380.14,3,109.72,8,6588,182.78,3,231.11,9,6608,524.67,3,212.92,8,6610,373.4,3,172.82,9,
3848,4900,294.26,3,287.15,9,5834,413.15,3,102.97,9,6404,185.31,3,147.2,8,6424,314.35,3,175.71,9,6525,524.19,3,213.24,9,6543,393.08,3,129.08,8,6588,154.5,3,245.67,9,6608,516.36,3,204.56,8,6610,359.88,3,170.1,9,
3849,4900,292.63,3,260.98,9,5834,426.8,3,125.52,9,6404,213.43,3,127.69,8,6424,318.79,3,165.11,9,6525,526.97,3,218.96,9,6543,408.58,3,150.69,8,6588,127.32,3,262.15,9,6608,506.2,3,194.31,8,6610,347.36,3,168.52,9,
3850,4900,294.12,3,235.34,9,5834,441.27,3,148.2,9,6404,240.9,3,112.37,8,6424,321.46,3,158.21,9,6525,532.84,3,226.35,9,6543,427.07,3,174.0,8,6588,100.12,3,281.46,9,6608,494.42,3,182.45,8,6610,335.76,3,167.88,9,
3851,4900,299.24,3,213.02,9,5834,456.8,3,171.47,9,6404,269.06,3,101.68,8,6424,324.98,3,149.01,9,6525,540.93,3,236.28,9,6543,446.58,3,197.82,8,6608,480.87,3,168.79,8,6610,327.84,3,167.9,9,6639,532.17,3,225.53,9,
3852,4900,306.15,3,194.0,9,5834,472.66,3,194.31,9,6404,297.4,3,97.52,8,6424,328.89,3,137.66,9,6525,550.63,3,248.09,9,6543,466.64,3,222.39,8,6608,465.98,3,153.76,8,6610,324.4,3,168.03,9,6639,534.14,3,227.96,9,
3853,4900,312.7,3,179.21,9,5834,488.97,3,216.98,9,6404,325.4,3,100.0,8,6424,332.64,3,123.9,9,6525,561.79,3,261.54,9,6543,487.19,3,247.06,8,6608,449.02,3,136.65,8,6610,324.24,3,168.04,9,6639,538.17,3,232.91,9,
3854,4900,317.83,3,167.59,9,5834,505.89,3,239.84,9,6404,352.66,3,107.15,8,6424,334.95,3,108.44,9,6525,575.08,3,277.42,9,6608,430.49,3,117.94,8,6610,324.19,3,168.04,9,6639,544.3,3,240.4,9,
3855,4900,320.8,3,159.89,9,5834,522.27,3,261.41,9,6404,380.7,3,120.69,8,6424,336.79,3,90.56,9,6525,585.9,3,290.23,9,6608,410.17,3,97.41,8,6610,322.35,3,168.27,9,6639,552.37,3,250.19,9,
3856,4900,322.55,3,155.5,9,5834,535.61,3,278.62,9,6404,408.84,3,138.32,8,6424,340.0,3,70.31,9,6525,593.11,3,298.57,9,6588,71.61,3,244.98,8,6608,390.16,3,76.69,8,6610,318.75,3,168.98,9,6639,562.22,3,262.06,9,
3857,4900,325.1,3,148.65,9,5834,546.57,3,292.55,9,6404,436.36,3,158.45,8,6424,344.88,3,48.31,9,6588,98.21,3,220.49,8,6608,370.86,3,56.49,8,6610,313.32,3,171.98,9,6639,574.31,3,276.5,9,
3858,4900,328.14,3,139.9,9,6404,463.36,3,180.2,8,6424,349.87,3,30.82,9,6588,126.13,3,195.68,8,6608,355.9,3,40.86,8,6610,309.03,3,179.51,9,6639,584.68,3,288.79,9,
3859,4900,331.52,3,129.21,9,5967,295.43,3,296.19,9,6404,485.95,3,199.67,8,6424,354.09,3,17.85,9,6588,153.52,3,172.37,8,6608,344.32,3,28.86,8,6610,304.9,3,188.71,9,6639,591.42,3,296.62,9,
3860,4900,334.31,3,116.47,9,5967,292.77,3,270.39,9,6404,504.58,3,216.19,8,6424,357.34,3,8.76,9,6588,180.6,3,150.75,8,6608,337.0,3,21.46,8,6610,300.49,3,199.44,9,
3861,4900,335.53,3,101.78,9,6404,518.71,3,228.94,8,6424,360.31,3,4.7,9,6588,207.64,3,131.44,8,6608,331.47,3,16.17,8,6610,296.14,3,212.11,9,6639,595.61,3,299.85,9,6652,480.61,3,247.21,8,6657,564.07,3,220.66,9,
3862,4900,337.48,3,85.58,9,6404,528.05,3,237.03,8,6424,364.54,3,7.33,9,6588,235.15,3,115.18,8,6608,329.71,3,15.92,8,6610,292.48,3,226.63,9,6639,592.62,3,296.26,9,6652,473.96,3,239.22,8,6657,562.9,3,220.06,9,
3863,4900,340.49,3,67.78,9,6404,531.49,3,238.97,8,6424,369.07,3,12.13,9,6588,263.28,3,103.46,8,6608,331.91,3,20.59,8,6610,290.03,3,243.61,9,6639,588.09,3,291.0,9,6652,465.94,3,229.54,8,6657,560.36,3,218.81,9,
3864,4900,344.96,3,48.02,9,6404,534.48,3,239.55,8,6424,375.92,3,19.52,9,6588,291.51,3,97.72,8,6608,335.02,3,27.05,8,6610,289.43,3,262.29,9,6639,581.62,3,283.36,9,6652,456.91,3,218.53,8,6657,556.76,3,217.19,9,
3865,4900,349.67,3,31.47,9,6404,535.59,3,238.02,8,6424,384.66,3,28.94,9,6588,319.77,3,99.21,8,6608,339.36,3,36.04,8,6610,290.65,3,282.86,9,6639,573.87,3,274.13,9,6652,446.02,3,205.61,8,6657,552.49,3,215.48,9,
3866,4900,353.63,3,19.22,9,6404,536.87,3,236.14,8,6424,395.47,3,40.56,9,6588,347.52,3,105.31,8,6608,344.94,3,47.27,8,6639,565.05,3,263.57,9,6652,433.65,3,191.5,8,6657,547.0,3,213.68,9,
3867,4900,356.33,3,11.5,9,6404,538.66,3,234.62,8,6424,408.18,3,54.16,9,6588,375.46,3,117.77,8,6608,349.08,3,60.07,8,6639,554.42,3,250.74,9,6652,419.96,3,175.77,8,6657,540.69,3,212.2,9,
3868,4900,357.69,3,7.81,9,6404,540.85,3,233.79,8,6424,423.36,3,70.34,9,6588,402.67,3,134.17,8,6608,357.68,3,75.8,8,6639,542.36,3,236.04,9,6652,405.1,3,158.52,8,6657,533.68,3,211.41,9,
3869,4900,356.08,3,6.09,9,6404,542.51,3,233.69,8,6424,440.79,3,88.83,9,6588,429.67,3,153.33,8,6608,368.24,3,94.06,8,6639,528.8,3,219.33,9,6652,392.95,3,143.48,8,6657,529.02,3,211.45,9,
3870,4900,354.53,3,8.17,9,6404,543.62,3,233.81,8,6424,459.98,3,109.08,9,6588,457.51,3,175.32,8,6608,381.05,3,114.71,8,6639,512.86,3,200.63,9,6652,384.77,3,132.82,8,6657,526.53,3,211.67,9,6670,444.91,3,202.28,9,
3871,4900,352.93,3,12.55,9,6404,545.24,3,234.14,8,6424,480.7,3,130.84,9,6588,484.72,3,198.59,8,6608,394.45,3,137.42,8,6639,493.87,3,180.04,9,6652,379.75,3,126.19,8,6657,524.16,3,211.63,9,6670,442.72,3,201.06,9,
3872,4900,350.58,3,19.25,9,6404,547.45,3,234.92,8,6424,503.14,3,154.31,9,6588,512.5,3,223.32,8,6608,413.05,3,162.02,8,6639,471.72,3,159.19,9,6652,379.23,3,121.8,8,6657,520.24,3,208.91,9,6670,438.28,3,198.65,9,
3873,4900,347.86,3,27.49,9,6404,550.12,3,236.28,8,6424,525.53,3,177.64,9,6588,540.62,3,249.03,8,6608,435.05,3,188.78,8,6639,447.17,3,141.14,9,6652,382.97,3,123.02,8,6657,516.22,3,204.5,9,6670,431.43,3,195.06,9,
3874,4900,344.61,3,38.15,9,6404,553.22,3,238.42,8,6424,548.18,3,201.15,9,6608,457.41,3,215.87,8,6639,422.07,3,128.43,9,6652,387.16,3,127.26,8,6657,511.13,3,198.65,9,6670,422.38,3,190.61,9,
3875,4900,341.17,3,50.69,9,6404,556.73,3,241.35,8,6424,570.42,3,224.15,9,6608,480.45,3,243.4,8,6639,396.84,3,122.36,9,6652,392.23,3,134.35,8,6657,504.18,3,190.62,9,6670,411.8,3,185.81,9,
3876,4900,337.97,3,64.68,9,6404,560.57,3,245.03,8,6424,592.69,3,247.01,9,6639,376.6,3,123.1,9,6652,398.75,3,143.36,8,6657,494.46,3,180.61,9,6670,398.68,3,180.56,9,
3877,4900,335.09,3,80.45,9,6404,564.57,3,249.24,8,6424,610.84,3,265.6,9,6639,360.32,3,126.62,9,6652,407.12,3,154.68,8,6657,481.95,3,168.55,9,6670,385.2,3,176.02,9,
3878,4900,332.71,3,98.19,9,6424,624.63,3,279.69,9,6639,347.63,3,129.53,9,6652,417.51,3,167.5,8,6657,467.92,3,156.29,9,6670,372.08,3,172.52,9,
3879,4900,330.75,3,117.79,9,6424,634.02,3,289.29,9,6639,338.77,3,132.38,9,6652,429.2,3,181.73,8,6657,451.5,3,144.19,9,6670,359.55,3,170.05,9,
3880,6424,639.15,3,294.47,9,6639,334.47,3,134.77,9,6652,443.06,3,198.42,8,6657,433.12,3,132.85,9,6670,346.02,3,168.4,9,
3881,6424,644.78,3,299.64,9,6639,329.69,3,139.29,9,6652,458.87,3,217.64,8,6657,412.86,3,125.43,9,6670,335.05,3,167.86,9,
3882,6639,324.08,3,146.5,9,6652,476.21,3,238.38,8,6657,390.66,3,121.9,9,6670,328.04,3,167.9,9,
3883,6639,318.92,3,155.97,9,6657,371.37,3,124.06,9,6670,324.83,3,168.01,9,
3884,6589,293.82,3,283.05,9,6605,324.46,3,229.94,8,6639,314.31,3,167.87,9,6657,355.95,3,127.47,9,6670,324.42,3,168.03,9,6689,535.39,3,238.39,8,
3885,6132,480.1,3,246.6,8,6589,292.64,3,259.98,9,6605,316.59,3,206.54,8,6639,308.4,3,180.87,9,6657,344.13,3,130.58,9,6670,324.26,3,168.03,9,6689,535.53,3,238.11,8,
3886,6132,455.31,3,216.57,8,6589,293.97,3,236.43,9,6605,310.38,3,183.57,8,6639,301.91,3,195.86,9,6657,336.58,3,133.24,9,6670,324.21,3,168.04,9,6689,535.92,3,237.44,8,
3887,6132,429.55,3,186.8,8,6589,299.01,3,213.83,9,6605,305.88,3,161.18,8,6639,295.86,3,213.09,9,6657,328.95,3,140.12,9,6670,324.19,3,168.04,9,6689,536.5,3,236.6,8,
3888,6132,404.37,3,157.66,8,6589,305.87,3,194.67,9,6605,302.88,3,137.89,8,6639,291.17,3,233.2,9,6657,321.42,3,150.74,9,6670,324.18,3,168.04,9,6689,537.4,3,235.59,8,
3889,6132,380.98,3,127.82,8,6589,312.77,3,179.06,9,6605,301.66,3,114.72,8,6639,289.5,3,255.36,9,6657,315.71,3,164.29,9,6670,324.18,3,168.04,9,6689,538.72,3,234.58,8,
3890,6132,361.16,3,98.34,8,6589,317.86,3,167.49,9,6605,302.18,3,92.4,8,6639,289.95,3,275.15,9,6657,309.28,3,178.96,9,6670,324.18,3,168.04,9,6689,540.23,3,233.93,8,
3891,6132,346.26,3,72.62,8,6589,320.81,3,159.87,9,6605,304.34,3,70.08,8,6616,331.35,3,247.52,8,6639,291.75,3,292.01,9,6657,301.94,3,195.79,9,6670,322.92,3,168.2,9,6689,541.97,3,233.68,8,
3892,6132,334.95,3,51.4,8,6589,322.61,3,155.35,9,6605,305.74,3,47.28,8,6616,321.05,3,220.34,8,6657,295.44,3,214.63,9,6670,320.37,3,168.56,9,6689,543.21,3,233.75,8,
3893,6132,326.54,3,34.33,8,6589,325.17,3,148.42,9,6605,313.27,3,24.47,8,6616,312.29,3,191.26,8,6657,290.86,3,235.32,9,6670,316.56,3,169.81,9,6689,543.85,3,233.85,8,
3894,6132,320.66,3,21.53,8,6589,328.27,3,139.49,9,6605,321.3,3,6.61,8,6616,306.16,3,162.84,8,6657,289.45,3,258.58,9,6670,311.95,3,173.81,9,6689,544.34,3,233.57,8,
3895,6132,317.36,3,12.51,8,6589,331.8,3,127.97,9,6605,330.66,3,22.82,8,6616,302.58,3,134.28,8,6657,290.55,3,281.86,9,6670,308.56,3,180.53,9,6689,542.0,3,230.58,8,
3896,6132,318.43,3,8.4,8,6589,334.59,3,113.7,9,6605,341.09,3,44.57,8,6616,298.48,3,104.9,8,6670,304.59,3,189.43,9,6689,537.57,3,225.93,8,
3897,6132,319.08,3,7.58,8,6589,335.96,3,97.6,9,6605,352.7,3,66.82,8,6616,300.45,3,75.67,8,6670,299.96,3,200.78,9,6689,533.13,3,221.44,8,
3898,6132,319.11,3,7.54,8,6589,338.42,3,79.39,9,6605,365.67,3,89.7,8,6616,305.67,3,47.39,8,6670,295.64,3,213.89,9,6689,526.82,3,215.08,8,6709,312.17,3,38.72,8,
3899,6132,319.12,3,7.53,8,6299,477.35,3,247.84,8,6589,342.3,3,59.03,9,6605,377.26,3,112.59,8,6616,315.01,3,19.38,8,6670,291.91,3,229.24,9,6689,518.66,3,206.87,8,6709,312.76,3,36.7,8,
3900,6132,319.12,3,7.53,8,6299,451.13,3,216.38,8,6589,348.2,3,36.39,9,6605,392.79,3,135.14,8,6616,325.97,3,12.77,8,6670,289.82,3,247.26,9,6689,508.39,3,196.53,8,6709,313.81,3,33.2,8,
3901,6132,319.12,3,7.53,8,6299,427.83,3,189.83,8,6589,355.67,3,13.34,9,6605,409.54,3,157.68,8,6616,338.75,3,39.85,8,6670,289.47,3,267.48,9,6689,495.88,3,183.92,8,6709,315.61,3,27.58,8,
3902,6132,319.12,3,7.53,8,6299,408.51,3,167.89,8,6589,365.04,3,10.87,9,6605,427.85,3,180.09,8,6616,353.8,3,68.81,8,6670,291.4,3,289.32,9,6689,481.22,3,169.13,8,6709,318.11,3,20.5,8,6715,321.69,3,157.63,9,
3903,6132,319.12,3,7.53,8,6299,393.48,3,150.38,8,6589,376.1,3,34.67,9,6605,446.83,3,203.04,8,6616,370.35,3,97.59,8,6689,465.31,3,153.09,8,6709,321.6,3,12.61,8,6715,322.66,3,155.21,9,6717,444.91,3,202.28,9,
3904,6132,319.12,3,7.53,8,6284,293.36,3,278.29,9,6299,382.95,3,136.95,8,6589,387.96,3,57.9,9,6605,466.16,3,226.4,8,6616,388.48,3,125.82,8,6689,450.27,3,137.92,8,6709,326.29,3,10.75,8,6715,322.28,3,152.75,9,6717,442.92,3,201.17,9,
3905,6132,319.12,3,7.53,8,6284,292.85,3,251.46,9,6299,375.35,3,127.13,8,6589,400.73,3,81.24,9,6605,485.35,3,249.18,8,6616,409.43,3,154.78,8,6689,434.67,3,122.16,8,6709,332.44,3,21.68,8,6715,319.99,3,153.38,9,6717,439.4,3,199.26,9,
3906,6132,320.21,3,7.3,8,6284,296.18,3,225.02,9,6299,367.41,3,119.51,8,6589,414.12,3,104.6,9,6616,432.42,3,183.09,8,6689,418.79,3,106.11,8,6709,340.31,3,37.98,8,6715,318.6,3,156.81,9,6717,434.05,3,196.41,9,
3907,6132,322.52,3,7.96,8,6284,302.75,3,202.5,9,6299,360.84,3,119.35,8,6589,428.13,3,127.64,9,6616,456.43,3,212.31,8,6689,402.78,3,89.89,8,6709,350.1,3,57.29,8,6715,316.72,3,161.63,9,6717,426.88,3,192.78,9,
3908,6132,326.5,3,11.05,8,6284,310.15,3,184.73,9,6299,353.94,3,121.33,8,6589,443.06,3,150.94,9,6616,480.06,3,240.73,8,6689,387.75,3,74.17,8,6709,361.46,3,78.15,8,6715,314.08,3,168.41,9,6717,417.33,3,188.25,9,
3909,6132,332.72,3,17.22,8,6284,316.35,3,171.23,9,6299,345.42,3,124.76,8,6589,458.77,3,174.35,9,6689,373.2,3,58.94,8,6709,374.92,3,101.19,8,6715,310.02,3,177.39,9,6717,405.8,3,183.31,9,
3910,6132,341.44,3,26.28,8,6284,320.16,3,161.55,9,6299,335.27,3,130.25,8,6589,474.89,3,197.45,9,6689,358.23,3,43.29,8,6709,391.17,3,126.36,8,6715,305.34,3,187.72,9,6717,392.4,3,178.33,9,
3911,6132,352.64,3,38.05,8,6284,322.32,3,156.05,9,6299,324.59,3,137.66,8,6589,491.9,3,220.99,9,6612,537.48,3,243.67,8,6689,345.91,3,30.5,8,6709,410.08,3,152.75,8,6715,300.3,3,199.92,9,6717,377.5,3,173.85,9,
3912,6132,365.24,3,51.3,8,6219,293.11,3,275.2,9,6284,322.72,3,153.58,9,6299,314.04,3,146.59,8,6589,509.23,3,244.28,9,6612,509.9,3,218.18,8,6689,337.82,3,22.28,8,6709,428.37,3,178.15,8,6715,295.51,3,214.35,9,6717,361.73,3,170.41,9,
3913,6132,379.72,3,66.51,8,6219,293.12,3,245.74,9,6284,320.32,3,153.15,9,6299,304.51,3,156.04,8,6589,524.76,3,264.64,9,6612,482.32,3,193.2,8,6689,333.95,3,18.48,8,6709,449.42,3,203.75,8,6715,291.59,3,230.87,9,6717,346.66,3,168.46,9,
3914,6132,395.59,3,83.14,8,6219,297.18,3,220.87,9,6284,319.1,3,155.53,9,6589,537.08,3,280.49,9,6612,454.49,3,168.79,8,6678,322.86,3,225.51,8,6689,330.54,3,15.44,8,6709,470.74,3,229.6,8,6715,289.69,3,249.99,9,6717,335.43,3,167.87,9,
3915,6132,413.18,3,101.15,8,6219,303.65,3,200.19,9,6284,317.48,3,159.64,9,6589,546.59,3,292.58,9,6612,426.14,3,145.31,8,6678,314.58,3,199.7,8,6689,329.56,3,15.56,8,6715,289.65,3,271.02,9,6717,327.96,3,167.9,9,
3916,6132,433.28,3,121.4,8,6219,310.66,3,183.63,9,6612,397.67,3,123.94,8,6678,308.13,3,173.33,8,6689,331.15,3,19.05,8,6715,292.11,3,294.69,9,6717,324.2,3,168.04,9,
3917,6132,454.93,3,143.21,8,6219,316.32,3,171.3,9,6612,369.91,3,106.27,8,6678,303.87,3,147.24,8,6689,333.79,3,24.48,8,6717,324.18,3,168.04,9,
3918,6132,478.04,3,166.48,8,6219,320.11,3,161.7,9,6612,342.1,3,93.11,8,6678,301.82,3,121.08,8,6689,337.35,3,31.9,8,6717,322.79,3,168.21,9,
3919,6132,498.64,3,187.21,8,6219,322.24,3,156.26,9,6612,313.39,3,86.18,8,6678,302.06,3,94.63,8,6689,341.74,3,40.89,8,6717,319.43,3,168.73,9,
3920,6132,515.22,3,203.9,8,6219,324.83,3,149.42,9,6612,284.73,3,87.78,8,6678,304.55,3,68.5,8,6689,347.25,3,51.81,8,6717,314.61,3,171.02,9,
3921,6132,527.88,3,216.64,8,6219,327.69,3,141.23,9,6589,547.93,3,296.69,9,6612,256.84,3,97.0,8,6678,311.1,3,42.59,8,6689,353.95,3,64.53,8,6717,310.22,3,176.98,9,
3922,6132,536.08,3,224.88,8,6219,330.84,3,131.55,9,6589,542.72,3,290.14,9,6612,228.5,3,112.11,8,6678,319.15,3,17.83,8,6689,362.19,3,79.44,8,6717,306.02,3,186.14,9,
3923,6132,541.03,3,230.3,8,6219,333.46,3,120.17,9,6589,536.48,3,282.23,9,6612,200.3,3,131.25,8,6678,328.88,3,14.65,8,6689,371.67,3,95.77,8,6717,301.31,3,197.38,9,
3924,6132,540.43,3,230.61,8,6219,335.09,3,106.75,9,6589,528.62,3,272.2,9,6612,172.93,3,152.69,8,6678,340.63,3,38.63,8,6689,383.21,3,114.43,8,6717,296.63,3,210.32,9,
3925,6132,538.85,3,230.49,8,6219,336.75,3,90.87,9,6589,519.72,3,260.71,9,6612,145.04,3,176.28,8,6678,354.08,3,64.76,8,6689,396.43,3,133.82,8,6717,292.78,3,225.28,9,
3926,6132,537.15,3,230.73,8,6219,339.53,3,72.87,9,6589,509.67,3,247.59,9,6612,117.0,3,201.28,8,6678,368.54,3,90.47,8,6689,410.87,3,153.83,8,6703,552.48,3,240.91,8,6717,290.11,3,242.65,9,
3927,6132,535.32,3,231.53,8,6219,343.74,3,52.8,9,6589,498.35,3,232.58,9,6612,88.95,3,227.35,8,6678,384.51,3,116.4,8,6689,427.0,3,173.92,8,6703,531.28,3,219.58,8,6717,289.43,3,262.32,9,
3928,6132,533.43,3,233.3,8,6219,348.79,3,34.37,9,6318,294.77,3,291.2,9,6589,485.71,3,215.48,9,6678,401.3,3,140.64,8,6689,443.67,3,194.27,8,6703,510.31,3,198.46,8,6717,290.78,3,284.06,9,
3929,6132,532.35,3,234.98,8,6219,353.48,3,19.65,9,6318,292.64,3,265.4,9,6589,472.07,3,196.6,9,6678,420.12,3,165.4,8,6689,459.56,3,213.77,8,6703,489.14,3,177.12,8,
3930,6132,531.85,3,236.04,8,6219,357.12,3,9.34,9,6270,293.19,3,276.29,9,6318,293.6,3,239.63,9,6589,457.01,3,175.13,9,6678,438.94,3,188.53,8,6689,475.63,3,233.24,8,6701,532.54,3,247.44,8,6703,467.68,3,155.48,8,
3931,6132,531.11,3,237.75,8,6219,361.0,3,4.72,9,6270,292.87,3,250.85,9,6318,298.74,3,214.83,9,6589,441.53,3,152.21,9,6678,457.18,3,210.87,8,6701,532.96,3,245.45,8,6703,446.11,3,133.71,8,
3932,6132,530.35,3,240.14,8,6219,366.45,3,9.31,9,6270,296.1,3,225.37,9,6318,305.75,3,194.98,9,6589,426.29,3,128.63,9,6678,475.1,3,232.6,8,6701,533.88,3,244.03,8,6703,424.75,3,112.14,8,
3933,6132,529.58,3,243.27,8,6219,373.7,3,17.12,9,6270,301.88,3,204.83,9,6318,312.86,3,178.87,9,6554,293.63,3,281.18,9,6589,412.01,3,105.32,9,6612,85.17,3,298.34,9,6701,538.83,3,247.46,8,6703,403.01,3,90.12,8,
3934,6132,528.91,3,247.31,8,6219,383.28,3,27.45,9,6270,308.66,3,188.1,9,6318,318.14,3,166.79,9,6554,292.67,3,257.76,9,6612,112.96,3,277.07,9,6627,554.1,3,242.53,8,6703,382.88,3,69.08,8,
3935,6219,394.18,3,39.17,9,6270,314.36,3,175.69,9,6318,321.29,3,158.65,9,6554,294.26,3,234.32,9,6612,141.66,3,257.89,9,6703,365.35,3,50.73,8,
3936,6219,406.56,3,52.43,9,6270,317.97,3,167.23,9,6318,325.16,3,148.47,9,6554,299.23,3,213.04,9,6612,170.11,3,242.66,9,6703,351.28,3,36.05,8,
3937,6219,421.42,3,68.28,9,6270,321.14,3,159.04,9,6318,329.57,3,135.69,9,6554,305.1,3,196.54,9,6612,198.76,3,228.47,9,6703,341.33,3,25.81,8,
3938,6219,438.73,3,86.64,9,6270,322.73,3,155.05,9,6318,333.25,3,121.11,9,6554,311.47,3,181.84,9,6612,226.35,3,214.61,9,6703,335.62,3,20.1,8,
3939,6219,457.85,3,106.83,9,6270,322.87,3,154.7,9,6318,335.28,3,104.46,9,6554,316.32,3,171.3,9,6612,252.67,3,197.52,9,6703,330.43,3,15.36,8,
3940,6219,479.12,3,129.19,9,6270,322.89,3,154.67,9,6318,337.51,3,85.31,9,6554,318.96,3,164.68,9,6612,277.8,3,180.67,9,6703,330.37,3,17.49,8,
3941,6219,502.53,3,153.67,9,6270,322.89,3,154.67,9,6318,341.21,3,64.15,9,6554,320.07,3,161.79,9,6612,302.11,3,162.21,9,6633,543.84,3,249.64,8,6703,334.0,3,24.92,8,6771,299.05,3,21.81,8,
3942,6219,527.39,3,179.57,9,6270,322.89,3,154.67,9,6318,346.71,3,41.57,9,6554,320.13,3,161.66,9,6612,324.48,3,144.04,9,6633,535.86,3,242.88,8,6703,338.56,3,34.4,8,6771,296.83,3,24.04,8,
3943,6219,553.93,3,207.1,9,6270,323.15,3,152.52,9,6318,354.18,3,17.59,9,6554,320.12,3,161.65,9,6612,349.49,3,132.44,9,6633,533.18,3,241.4,8,6703,344.51,3,46.43,8,6771,292.96,3,27.97,8,
3944,6219,578.17,3,232.13,9,6270,323.15,3,149.01,9,6318,363.45,3,7.28,9,6554,320.7,3,160.18,9,6612,375.38,3,126.7,9,6633,530.64,3,241.03,8,6703,351.64,3,60.21,8,6771,287.65,3,33.46,8,
3945,6219,598.65,3,253.11,9,6270,320.21,3,145.38,9,6318,372.93,3,28.09,9,6554,322.11,3,156.6,9,6612,401.01,3,125.89,9,6633,529.68,3,242.8,8,6703,360.47,3,76.39,8,6771,280.18,3,41.3,8,
3946,6219,615.47,3,270.33,9,6270,313.53,3,145.71,9,6318,381.15,3,44.82,9,6554,323.6,3,152.75,9,6612,427.79,3,133.19,9,6633,529.12,3,245.79,8,6703,370.89,3,94.45,8,6771,271.27,3,50.79,8,
3947,6219,628.27,3,283.41,9,6270,307.39,3,149.79,9,6318,387.55,3,57.14,9,6554,325.68,3,146.96,9,6612,455.33,3,149.07,9,6633,528.69,3,249.68,8,6703,382.96,3,114.04,8,6721,532.2,3,249.67,8,6771,261.57,3,61.23,8,
3948,6219,636.67,3,291.99,9,6270,299.21,3,155.8,9,6318,391.77,3,64.95,9,6554,328.51,3,138.76,9,6612,483.26,3,171.73,9,6703,397.26,3,134.99,8,6721,532.69,3,246.65,8,6771,251.15,3,72.57,8,
3949,6219,640.74,3,296.04,9,6270,289.79,3,163.21,9,6318,393.41,3,68.36,9,6554,331.73,3,128.29,9,6612,509.65,3,198.92,9,6703,414.34,3,158.19,8,6721,533.08,3,245.0,8,6771,241.32,3,83.37,8,
3950,6270,277.92,3,172.34,9,6318,392.26,3,69.22,9,6554,334.51,3,115.15,9,6612,533.03,3,226.6,9,6703,435.07,3,183.81,8,6721,534.68,3,244.38,8,6771,231.49,3,94.29,8,
3951,6270,264.62,3,182.85,9,6318,390.17,3,66.92,9,6554,335.74,3,99.54,9,6612,556.33,3,254.97,9,6703,455.38,3,211.03,8,6721,540.45,3,248.88,8,6771,221.54,3,105.48,8,
3952,6270,248.41,3,194.31,9,6318,387.83,3,62.66,9,6554,338.05,3,81.72,9,6612,580.08,3,283.35,9,6703,477.47,3,237.65,8,6771,212.41,3,115.89,8,
3953,6270,230.23,3,205.71,9,6318,384.48,3,56.43,9,6554,341.72,3,61.74,9,6609,295.01,3,293.04,9,6771,203.12,3,126.61,8,
3954,6270,209.58,3,217.86,9,6318,380.1,3,48.1,9,6554,346.43,3,42.58,9,6609,292.65,3,266.06,9,6771,194.25,3,137.04,8,
3955,6270,185.98,3,229.54,9,6318,374.8,3,37.67,9,6554,351.13,3,26.8,9,6609,293.53,3,240.36,9,6771,185.66,3,147.33,8,
3956,6270,160.93,3,242.27,9,6318,368.88,3,25.45,9,6554,354.89,3,15.55,9,6609,298.74,3,214.83,9,6771,177.31,3,157.71,8,
3957,6132,427.53,3,240.14,8,6270,133.67,3,257.95,9,6318,362.27,3,11.01,9,6554,357.77,3,7.62,9,6609,306.02,3,194.31,9,6771,169.32,3,168.2,8,
3958,6132,420.07,3,226.12,8,6270,106.48,3,276.63,9,6554,360.69,3,4.61,9,6609,313.1,3,178.36,9,6771,160.89,3,179.71,8,
3959,6132,409.62,3,216.43,8,6270,78.6,3,298.51,9,6554,365.67,3,8.49,9,6609,318.29,3,166.43,9,6771,153.37,3,190.46,8,
3960,6132,395.78,3,211.55,8,6554,372.71,3,16.05,9,6609,321.36,3,158.46,9,6771,146.35,3,201.07,8,
3961,6132,382.4,3,207.7,8,6554,382.01,3,26.09,9,6609,325.05,3,148.78,9,6771,139.28,3,212.52,8,
3962,6132,368.75,3,204.72,8,6554,392.72,3,37.6,9,6609,329.28,3,136.51,9,6771,133.31,3,223.08,8,
3963,6132,354.91,3,202.73,8,6554,405.39,3,51.18,9,6609,332.91,3,122.63,9,6771,127.86,3,233.78,8,6779,595.33,3,299.4,9,
3964,6132,341.75,3,201.82,8,6554,419.56,3,66.3,9,6609,335.07,3,106.86,9,6771,123.1,3,244.47,8,6779,585.88,3,288.42,9,
3965,6132,330.04,3,203.25,8,6270,91.03,3,227.01,8,6554,435.96,3,83.72,9,6609,336.99,3,89.01,9,6779,574.87,3,275.33,9,
3966,6132,334.11,3,217.34,8,6270,118.55,3,202.34,8,6554,454.8,3,103.62,9,6609,340.31,3,68.7,9,6779,562.03,3,259.94,9,
3967,6132,338.62,3,231.14,8,6270,145.77,3,178.84,8,6554,475.46,3,125.35,9,6609,345.05,3,47.67,9,6779,547.47,3,242.28,9,
3968,6270,173.47,3,156.27,8,6554,498.41,3,149.37,9,6609,350.12,3,30.01,9,6779,531.44,3,222.59,9,
3969,6270,201.41,3,135.65,8,6554,521.78,3,173.74,9,6609,354.44,3,16.87,9,6779,513.53,3,201.41,9,
3970,6270,229.58,3,118.11,8,6549,541.24,3,247.19,8,6554,544.39,3,197.22,9,6609,357.51,3,8.29,9,6779,492.41,3,178.63,9,
3971,6270,254.25,3,106.77,8,6549,535.15,3,242.45,8,6554,567.23,3,220.86,9,6609,358.59,3,4.16,9,6779,468.15,3,156.46,9,
3972,6270,274.82,3,100.2,8,6549,531.09,3,240.83,8,6554,589.3,3,243.54,9,6609,356.91,3,2.21,9,6633,365.44,3,249.21,8,6779,443.2,3,138.42,9,
3973,6270,291.62,3,97.71,8,6549,529.83,3,242.11,8,6554,607.8,3,262.49,9,6609,351.28,3,8.86,9,6779,418.48,3,127.18,9,
3974,6270,304.37,3,97.73,8,6549,529.25,3,244.97,8,6554,622.45,3,277.47,9,6609,343.3,3,17.51,9,6779,394.66,3,122.16,9,
3975,6270,313.0,3,98.38,8,6549,528.75,3,248.98,8,6554,633.02,3,288.26,9,6609,333.81,3,27.89,9,6779,371.74,3,123.98,9,6819,352.96,3,12.47,9,
3976,6270,318.27,3,100.71,8,6554,639.22,3,294.54,9,6609,322.82,3,40.02,9,6779,348.87,3,129.19,9,6819,352.42,3,13.96,9,
3977,6270,319.48,3,106.28,8,6554,645.13,3,299.91,9,6609,309.64,3,54.69,9,6779,325.77,3,138.3,9,6819,351.26,3,17.28,9,
3978,6270,319.56,3,114.15,8,6609,294.63,3,71.6,9,6779,303.56,3,152.55,9,6819,349.63,3,22.09,9,
3979,6270,320.69,3,123.65,8,6609,278.27,3,90.34,9,6779,282.19,3,168.98,9,6819,347.62,3,28.24,9,
3980,6270,327.55,3,133.6,8,6609,261.02,3,110.49,9,6779,259.44,3,186.57,9,6819,345.13,3,36.36,9,
3981,6270,340.94,3,136.56,8,6609,243.8,3,131.15,9,6779,235.92,3,202.31,9,6819,342.29,3,46.4,9,
3982,6270,353.98,3,139.62,8,6609,227.19,3,151.77,9,6779,211.76,3,216.68,9,6819,339.47,3,57.74,9,
3983,6270,367.08,3,143.86,8,6609,211.11,3,172.7,9,6771,181.47,3,297.02,9,6779,186.8,3,229.15,9,6819,336.77,3,70.79,9,
3984,6270,380.31,3,148.65,8,6609,196.27,3,193.35,9,6771,190.83,3,289.85,9,6779,161.55,3,241.95,9,6819,334.23,3,86.08,9,
3985,6270,393.48,3,153.64,8,6609,182.51,3,214.06,9,6771,200.49,3,282.88,9,6779,136.35,3,256.26,9,6819,332.22,3,103.08,9,
3986,6270,406.31,3,159.49,8,6609,169.8,3,235.43,9,6771,210.02,3,276.41,9,6779,111.01,3,273.4,9,6819,331.27,3,115.57,9,
3987,6270,418.79,3,166.01,8,6609,158.85,3,257.05,9,6771,219.43,3,270.41,9,6779,85.38,3,293.03,9,6819,329.47,3,123.56,9,
3988,6270,432.08,3,173.72,8,6609,150.28,3,278.51,9,6771,229.03,3,264.69,9,6819,328.65,3,127.52,9,
3989,6270,444.81,3,181.8,8,6609,144.55,3,299.34,9,6771,238.84,3,259.25,9,6819,326.65,3,133.03,9,
3990,6270,457.97,3,191.82,8,6771,248.6,3,254.24,9,6819,321.25,3,139.4,9,
3991,6270,471.44,3,202.45,8,6771,258.83,3,249.43,9,6819,313.05,3,145.89,9,
3992,6270,485.34,3,213.76,8,6771,268.47,3,245.32,9,6819,302.72,3,153.16,9,
3993,6270,498.46,3,224.71,8,6771,277.71,3,241.78,9,6779,71.28,3,245.29,8,6819,290.45,3,162.68,9,
3994,6270,512.53,3,236.7,8,6771,282.82,3,239.98,9,6779,95.73,3,222.74,8,6819,276.47,3,173.5,9,
3995,6771,287.28,3,239.07,9,6779,120.39,3,200.72,8,6819,260.91,3,185.5,9,
3996,6771,289.95,3,243.2,9,6779,145.86,3,178.76,8,6818,549.06,3,298.1,9,6819,243.2,3,197.6,9,
3997,6771,289.75,3,248.53,9,6779,170.81,3,158.37,8,6818,541.04,3,288.01,9,6819,223.1,3,210.12,9,6821,563.44,3,249.97,8,
3998,6771,289.5,3,255.71,9,6779,196.56,3,139.03,8,6818,531.5,3,275.88,9,6819,200.37,3,222.56,9,6821,552.48,3,239.56,8,
3999,6771,289.44,3,264.41,9,6779,221.55,3,122.69,8,6818,520.59,3,261.84,9,6819,176.92,3,234.03,9,6821,539.57,3,227.44,8,
4000,6771,289.94,3,275.12,9,6779,247.38,3,109.49,8,6818,508.09,3,245.51,9,6819,154.04,3,245.92,9,6821,527.03,3,215.84,8,
4001,4957,293.61,3,281.02,9,6771,291.21,3,287.78,9,6779,272.76,3,100.69,8,6818,494.52,3,227.43,9,6819,130.95,3,259.74,9,6821,513.75,3,203.8,8,
4002,4957,292.87,3,250.92,9,6779,297.63,3,97.52,8,6818,479.88,3,207.47,9,6819,107.87,3,275.63,9,6821,500.9,3,192.41,8,
4003,4957,296.43,3,223.93,9,6779,322.91,3,99.64,8,6818,464.48,3,185.86,9,6819,85.43,3,292.99,9,6821,487.85,3,181.21,8,
4004,4957,302.96,3,201.98,9,6779,348.17,3,105.53,8,6818,447.93,3,161.79,9,6821,475.61,3,171.1,8,
4005,4957,310.26,3,184.51,9,6779,373.61,3,116.78,8,6818,430.79,3,135.71,9,6821,463.11,3,161.27,8,
4006,4957,316.32,3,171.29,9,6623,478.95,3,245.21,8,6732,293.1,3,275.07,9,6779,398.99,3,131.78,8,6803,549.2,3,298.29,9,6818,413.86,3,108.41,9,6821,450.78,3,152.17,8,
4007,4957,320.03,3,161.91,9,6623,454.81,3,215.96,8,6732,293.16,3,245.24,9,6779,424.43,3,149.43,8,6803,542.4,3,289.73,9,6818,398.25,3,81.46,9,6821,438.54,3,143.87,8,
4008,4957,322.06,3,156.7,9,5005,294.36,3,287.93,9,6623,429.32,3,186.53,8,6732,297.31,3,220.33,9,6779,449.19,3,168.56,8,6803,534.38,3,279.56,9,6818,383.8,3,55.16,9,6821,426.84,3,136.75,8,
4009,4957,324.76,3,149.62,9,5005,292.67,3,257.78,9,6623,403.68,3,156.86,8,6732,303.59,3,200.35,9,6779,474.07,3,189.34,8,6803,524.74,3,267.2,9,6818,370.18,3,28.18,9,6821,415.2,3,130.55,8,
4010,4957,327.93,3,140.53,9,5005,294.63,3,232.25,9,6623,380.88,3,127.68,8,6732,310.83,3,183.24,9,6758,532.22,3,249.51,8,6779,499.68,3,211.81,8,6803,513.39,3,252.46,9,6818,358.45,3,2.2,9,6819,79.27,3,237.84,8,6821,403.4,3,125.0,8,
4011,4957,331.53,3,129.2,9,5005,300.18,3,209.67,9,6623,361.39,3,98.7,8,6732,316.71,3,170.35,9,6758,532.74,3,246.45,8,6779,524.62,3,234.33,8,6803,500.51,3,235.45,9,6818,348.77,3,24.7,9,6819,101.78,3,217.27,8,6821,395.59,3,122.0,8,
4012,4957,334.44,3,115.9,9,5005,306.98,3,192.0,9,6623,346.42,3,72.89,8,6732,320.25,3,161.31,9,6758,533.11,3,244.88,8,6803,486.33,3,216.33,9,6818,341.07,3,51.05,9,6819,124.99,3,196.68,8,6821,391.68,3,120.72,8,
4013,4957,335.65,3,100.58,9,5005,312.94,3,178.71,9,5032,293.43,3,279.11,9,6623,334.99,3,51.5,8,6732,322.17,3,156.44,9,6758,534.95,3,244.51,8,6803,471.36,3,195.61,9,6818,336.19,3,73.95,9,6819,147.68,3,177.23,8,6821,388.66,3,121.88,8,
4014,4957,337.85,3,83.05,9,5005,317.1,3,169.47,9,5032,292.87,3,250.72,9,6623,326.36,3,33.95,8,6732,324.64,3,149.94,9,6803,455.22,3,172.53,9,6818,333.23,3,93.7,9,6819,170.23,3,158.83,8,6821,391.93,3,127.43,8,
4015,4957,341.35,3,63.48,9,5005,320.21,3,161.44,9,5032,295.73,3,227.0,9,6623,320.41,3,20.97,8,6732,327.71,3,141.17,9,6803,438.19,3,147.13,9,6818,331.72,3,108.95,9,6819,192.71,3,141.78,8,6821,395.52,3,135.72,8,
4016,4957,346.32,3,42.96,9,5005,322.31,3,156.09,9,5032,300.67,3,208.11,9,6623,317.36,3,12.49,8,6732,331.1,3,130.66,9,6803,421.96,3,121.7,9,6818,330.31,3,119.72,9,6819,215.82,3,126.18,8,6821,402.6,3,145.52,8,
4017,4957,351.23,3,26.5,9,5005,325.78,3,149.35,9,5032,306.16,3,193.98,9,6623,318.41,3,8.42,8,6732,334.06,3,117.55,9,6803,406.62,3,96.15,9,6818,328.94,3,126.1,9,6819,239.12,3,113.22,8,6821,411.82,3,157.76,8,
4018,4957,355.23,3,14.58,9,5005,331.52,3,141.69,9,5032,312.81,3,178.97,9,6623,322.7,3,8.05,8,6732,335.45,3,102.57,9,6743,540.36,3,246.36,8,6803,391.79,3,69.88,9,6818,328.55,3,128.03,9,6819,261.8,3,103.96,8,6821,421.01,3,171.76,8,
4019,4957,357.86,3,7.22,9,5005,340.07,3,135.37,9,5032,317.73,3,167.85,9,6623,330.23,3,14.69,8,6732,337.39,3,86.15,9,6743,534.52,3,242.08,8,6803,377.89,3,43.79,9,6818,328.52,3,128.18,9,6819,284.31,3,98.45,8,6821,433.79,3,187.27,8,
4020,4957,358.61,3,4.08,9,5005,351.48,3,131.91,9,5032,320.94,3,159.54,9,6623,339.44,3,24.19,8,6732,340.47,3,67.86,9,6743,530.97,3,240.88,8,6789,295.71,3,298.28,9,6803,365.42,3,18.01,9,6818,328.51,3,128.22,9,6819,307.0,3,97.92,8,6821,448.58,3,205.17,8,
4021,4957,358.65,3,3.91,9,5005,364.77,3,129.17,9,5032,322.72,3,155.07,9,6623,350.64,3,35.94,8,6732,344.88,3,48.33,9,6743,529.74,3,242.5,8,6789,292.73,3,269.55,9,6803,354.51,3,8.2,9,6818,328.51,3,128.23,9,6819,329.48,3,100.66,8,6821,464.62,3,224.55,8,
4022,4957,358.35,3,1.42,9,5005,378.8,3,126.15,9,5032,325.95,3,149.12,9,6623,363.75,3,49.73,8,6732,349.22,3,32.96,9,6743,529.11,3,245.79,8,6789,293.42,3,241.66,9,6803,345.67,3,34.57,9,6818,328.51,3,128.23,9,6819,352.76,3,107.19,8,6821,482.97,3,246.38,8,
4023,4957,355.94,3,3.61,9,5005,394.78,3,125.27,9,5032,330.78,3,142.53,9,6623,378.67,3,65.41,8,6732,353.14,3,20.66,9,6789,298.17,3,216.97,9,6803,339.07,3,59.52,9,6818,328.5,3,128.24,9,6819,375.49,3,117.78,8,
4024,4957,350.75,3,9.43,9,5005,412.73,3,128.21,9,5032,338.66,3,135.87,9,6623,395.86,3,83.42,8,6732,358.41,3,6.02,9,6789,304.97,3,196.89,9,6803,335.17,3,79.98,9,6818,328.5,3,128.24,9,6819,397.79,3,131.01,8,
4025,4957,343.03,3,17.79,9,5005,433.46,3,135.51,9,5032,350.39,3,132.2,9,6623,415.07,3,103.06,8,6732,365.55,3,12.02,9,6789,311.96,3,180.78,9,6803,332.92,3,96.22,9,6818,328.5,3,128.24,9,6819,420.51,3,146.55,8,
4026,4957,333.12,3,28.65,9,5005,456.5,3,149.9,9,5032,363.66,3,129.42,9,6623,435.89,3,124.03,8,6732,374.53,3,31.44,9,6789,317.36,3,168.82,9,6803,331.8,3,107.98,9,6818,328.5,3,128.24,9,6819,443.13,3,163.74,8,
4027,4957,321.37,3,41.62,9,5005,481.31,3,169.87,9,5032,378.52,3,126.18,9,6623,458.64,3,146.94,8,6732,385.28,3,52.82,9,6789,320.8,3,159.9,9,6803,331.13,3,116.18,9,6818,328.5,3,128.24,9,6819,466.2,3,182.61,8,
4028,4957,307.5,3,57.09,9,5005,506.8,3,195.64,9,5032,395.8,3,125.34,9,6623,482.26,3,170.73,8,6732,398.19,3,76.69,9,6789,322.67,3,155.19,9,6803,330.28,3,119.84,9,6818,328.5,3,128.24,9,6819,489.17,3,202.5,8,
4029,4957,291.95,3,74.65,9,5005,531.77,3,225.04,9,5032,415.12,3,128.88,9,6623,505.16,3,193.78,8,6732,413.17,3,103.01,9,6789,325.28,3,148.11,9,6803,330.14,3,120.46,9,6818,328.5,3,128.24,9,6819,512.61,3,223.42,8,
4030,4957,275.24,3,93.84,9,5005,552.13,3,249.9,9,5032,437.2,3,137.14,9,6623,528.88,3,217.64,8,6732,430.63,3,131.63,9,6789,328.43,3,139.04,9,6803,330.1,3,120.7,9,6818,328.46,3,128.81,9,6819,535.8,3,244.58,8,
4031,4957,257.38,3,114.81,9,5005,569.09,3,270.29,9,5032,462.22,3,154.05,9,6623,551.93,3,240.81,8,6732,450.51,3,162.17,9,6789,331.83,3,127.8,9,6803,329.98,3,121.19,9,6818,328.38,3,129.98,9,
4032,4957,237.95,3,138.32,9,5005,582.77,3,286.54,9,5032,488.42,3,176.66,9,6732,471.01,3,191.97,9,6789,334.52,3,114.81,9,6803,329.83,3,121.92,9,6818,328.19,3,133.41,9,6900,332.65,3,123.83,9,
4033,4957,219.17,3,162.05,9,5005,593.25,3,298.73,9,5032,514.98,3,205.03,9,6732,491.91,3,221.01,9,6789,335.71,3,99.85,9,6803,329.33,3,124.26,9,6818,331.94,3,137.06,9,6900,333.01,3,122.21,9,
4034,4957,201.51,3,185.88,9,5032,536.92,3,231.37,9,6732,510.48,3,245.94,9,6789,337.89,3,82.76,9,6803,328.36,3,128.76,9,6818,338.54,3,135.91,9,6900,333.77,3,118.78,9,
4035,4957,185.06,3,210.07,9,5032,555.89,3,254.45,9,6732,526.09,3,266.36,9,6789,341.42,3,63.13,9,6803,326.28,3,135.62,9,6818,347.18,3,133.09,9,6900,334.63,3,113.05,9,
4036,4957,170.59,3,234.01,9,5032,571.4,3,273.04,9,6732,538.6,3,282.43,9,6789,346.21,3,43.36,9,6803,323.28,3,144.24,9,6818,357.85,3,130.45,9,6874,532.27,3,249.1,8,6900,335.19,3,105.44,9,
4037,4957,158.71,3,257.36,9,5032,583.67,3,287.6,9,6732,548.33,3,294.78,9,6789,350.88,3,27.59,9,6803,319.38,3,154.85,9,6818,370.51,3,127.7,9,6874,532.75,3,246.42,8,6900,336.11,3,96.22,9,
4038,4957,149.41,3,281.15,9,5032,592.76,3,298.17,9,6319,470.0,3,234.45,8,6789,354.83,3,15.72,9,6803,314.4,3,167.63,9,6818,384.14,3,125.5,9,6874,533.05,3,245.1,8,6900,337.51,3,85.31,9,
4039,6319,445.94,3,205.51,8,6537,470.0,3,239.1,8,6789,357.47,3,8.4,9,6803,308.01,3,181.72,9,6818,399.73,3,125.73,9,6874,533.54,3,243.18,8,6900,339.59,3,72.57,9,
4040,6319,424.06,3,180.49,8,6537,445.16,3,209.33,8,6789,358.36,3,5.11,9,6803,301.3,3,197.39,9,6818,417.28,3,129.53,9,6874,534.23,3,241.01,8,6900,342.51,3,58.08,9,6906,352.96,3,12.47,9,
4041,6319,406.12,3,159.7,8,6537,422.61,3,183.93,8,6789,358.22,3,0.7,9,6803,295.33,3,215.04,9,6818,436.86,3,136.99,9,6874,535.2,3,238.81,8,6900,346.73,3,41.49,9,6906,352.04,3,15.05,9,
4042,6319,392.3,3,142.65,8,6537,404.29,3,163.07,8,6789,353.95,3,5.92,9,6803,290.89,3,235.12,9,6818,459.64,3,152.17,9,6874,536.48,3,236.62,8,6900,351.09,3,26.93,9,6906,350.45,3,19.64,9,
4043,6319,382.51,3,129.84,8,6537,390.19,3,146.21,8,6789,346.33,3,14.21,9,6803,289.47,3,257.22,9,6818,480.38,3,168.99,9,6874,538.24,3,234.88,8,6900,354.67,3,16.16,9,6906,348.15,3,26.61,9,
4044,6319,376.71,3,120.59,8,6537,380.31,3,133.56,8,6789,336.32,3,25.14,9,6803,290.5,3,281.39,9,6818,496.36,3,184.28,9,6874,540.21,3,233.95,8,6900,357.11,3,9.36,9,6906,345.53,3,35.01,9,
4045,6319,377.27,3,117.36,8,6537,373.88,3,125.38,8,6789,325.09,3,37.51,9,6818,507.21,3,196.11,9,6874,542.22,3,233.68,8,6900,357.24,3,6.01,9,6906,342.71,3,44.9,9,
4046,6319,381.13,3,116.06,8,6537,366.43,3,118.96,8,6789,312.64,3,51.34,9,6818,513.8,3,203.68,9,6874,543.54,3,233.79,8,6900,354.92,3,7.29,9,6906,339.82,3,56.19,9,6921,393.9,3,130.25,8,
4047,6319,387.99,3,117.1,8,6537,360.44,3,119.45,8,6789,298.7,3,67.0,9,6818,517.01,3,207.16,9,6874,544.34,3,233.57,8,6900,353.69,3,10.44,9,6906,336.91,3,70.06,9,6921,395.01,3,131.82,8,
4048,6319,397.2,3,120.14,8,6537,353.84,3,121.36,8,6789,282.9,3,85.0,9,6818,518.32,3,207.13,9,6874,540.86,3,229.32,8,6900,351.69,3,16.02,9,6906,334.23,3,86.07,9,6921,397.47,3,135.28,8,
4049,6319,408.11,3,124.9,8,6537,345.83,3,124.56,8,6743,428.98,3,242.78,8,6789,265.68,3,105.0,9,6818,516.12,3,204.38,9,6874,534.23,3,222.55,8,6900,349.01,3,23.97,9,6906,332.21,3,103.17,9,6921,401.75,3,141.27,8,
4050,6319,420.75,3,131.47,8,6537,336.71,3,129.38,8,6743,422.95,3,231.62,8,6789,247.33,3,126.86,9,6818,512.2,3,199.88,9,6874,526.1,3,214.36,8,6900,345.99,3,33.52,9,6906,331.2,3,115.87,9,6921,407.73,3,149.53,8,
4051,6319,433.53,3,139.02,8,6537,327.2,3,135.7,8,6743,416.61,3,219.4,8,6789,229.02,3,149.45,9,6818,506.8,3,193.65,9,6874,515.55,3,203.74,8,6900,342.57,3,45.42,9,6906,329.38,3,123.97,9,6921,413.23,3,159.51,8,
4052,6319,445.37,3,146.93,8,6484,480.14,3,246.65,8,6537,317.86,3,143.17,8,6743,405.09,3,214.73,8,6789,211.66,3,171.96,9,6818,499.56,3,185.55,9,6874,503.43,3,191.52,8,6900,339.08,3,59.48,9,6906,326.68,3,134.47,9,6921,422.74,3,171.26,8,
4053,6319,457.77,3,155.98,8,6484,462.49,3,225.34,8,6537,308.54,3,151.89,8,6743,394.34,3,211.1,8,6789,195.14,3,194.99,9,6818,489.57,3,175.88,9,6874,489.27,3,177.25,8,6900,336.01,3,74.96,9,6906,322.29,3,147.08,9,6921,434.14,3,185.18,8,
4054,6319,469.96,3,165.5,8,6484,445.24,3,204.72,8,6537,299.42,3,161.66,8,6743,383.0,3,207.86,8,6789,180.05,3,217.98,9,6818,478.06,3,164.83,9,6874,472.55,3,160.4,8,6900,333.44,3,91.98,9,6906,316.69,3,161.74,9,6921,447.13,3,200.94,8,
4055,6319,482.16,3,175.52,8,6484,426.7,3,183.53,8,6537,291.0,3,171.15,8,6743,372.04,3,205.35,8,6789,167.07,3,240.46,9,6812,293.74,3,282.33,9,6874,453.72,3,141.4,8,6900,331.84,3,107.4,9,6906,309.85,3,177.76,9,6921,461.34,3,218.28,8,
4056,6319,494.57,3,186.13,8,6484,408.72,3,162.74,8,6537,282.47,3,181.55,8,6743,361.07,3,203.48,8,6789,155.88,3,263.82,9,6812,292.84,3,251.61,9,6874,432.83,3,120.3,8,6900,330.64,3,118.28,9,6906,302.08,3,195.44,9,6921,475.07,3,237.02,8,
4057,6319,507.22,3,197.29,8,6484,395.15,3,146.34,8,6537,274.17,3,192.86,8,6743,350.45,3,202.3,8,6789,147.5,3,287.43,9,6812,296.16,3,225.11,9,6874,412.65,3,99.91,8,6900,329.24,3,124.65,9,6906,295.3,3,215.18,9,
4058,6319,520.22,3,209.05,8,6484,385.86,3,134.25,8,6537,266.52,3,204.54,8,6743,339.61,3,201.78,8,6812,302.34,3,203.6,9,6874,393.05,3,79.72,8,6900,327.34,3,132.28,9,6906,290.62,3,237.23,9,
4059,6319,533.28,3,221.11,8,6484,379.93,3,126.43,8,6537,259.45,3,216.66,8,6743,329.94,3,202.91,8,6812,309.44,3,186.33,9,6874,373.14,3,58.89,8,6900,324.2,3,141.72,9,6906,289.43,3,261.65,9,
4060,6319,546.42,3,233.44,8,6484,376.56,3,119.23,8,6537,253.49,3,228.23,8,6743,333.3,3,214.7,8,6812,315.43,3,173.38,9,6874,357.06,3,42.06,8,6900,320.01,3,153.27,9,6906,291.25,3,288.1,9,
4061,6319,555.47,3,242.03,8,6484,377.43,3,116.92,8,6537,247.88,3,240.72,8,6743,337.07,3,226.58,8,6812,319.39,3,163.56,9,6874,345.28,3,29.85,8,6900,314.87,3,166.44,9,
4062,6319,561.9,3,248.17,8,6484,381.53,3,116.01,8,6812,321.75,3,157.47,9,6874,337.75,3,22.21,8,6900,308.13,3,181.45,9,
4063,6484,387.35,3,116.95,8,6812,323.39,3,150.52,9,6874,333.45,3,17.99,8,6900,301.15,3,197.77,9,
4064,6484,393.64,3,118.83,8,6812,319.65,3,145.15,9,6874,329.75,3,14.97,8,6900,294.97,3,216.43,9,
4065,6484,401.2,3,121.76,8,6812,312.41,3,146.32,9,6874,330.86,3,18.47,8,6900,290.6,3,237.32,9,
4066,6484,410.38,3,126.02,8,6656,294.08,3,285.6,9,6812,304.19,3,152.09,9,6874,334.01,3,24.95,8,6900,289.43,3,260.94,9,
4067,6484,418.82,3,130.43,8,6656,292.68,3,257.61,9,6812,294.65,3,159.32,9,6874,338.35,3,33.97,8,6900,291.1,3,286.93,9,
4068,6484,427.18,3,135.13,8,6656,295.02,3,230.21,9,6812,283.84,3,167.7,9,6874,344.16,3,45.73,8,
4069,6484,436.36,3,140.84,8,6656,301.12,3,206.86,9,6812,271.5,3,177.56,9,6874,351.11,3,59.19,8,
4070,6484,445.01,3,146.68,8,6656,308.53,3,188.43,9,6812,256.48,3,188.75,9,6874,359.46,3,74.58,8,
4071,6484,453.85,3,153.05,8,6656,314.98,3,174.35,9,6812,238.95,3,200.37,9,6874,369.35,3,91.85,8,
4072,6484,463.36,3,160.28,8,6656,319.17,3,164.14,9,6812,218.35,3,212.84,9,6874,381.38,3,111.64,8,
4073,6484,472.45,3,167.51,8,6656,321.56,3,157.97,9,6812,194.93,3,225.27,9,6874,395.97,3,133.17,8,
4074,6484,481.2,3,174.72,8,6656,324.41,3,150.55,9,6812,169.86,3,237.69,9,6874,413.45,3,157.08,8,
4075,6484,490.7,3,182.79,8,6656,327.64,3,141.37,9,6812,143.33,3,252.04,9,6874,434.67,3,183.32,8,
4076,6484,499.69,3,190.61,8,6656,331.27,3,130.08,9,6812,115.18,3,270.46,9,6874,455.69,3,209.04,8,
4077,6484,509.44,3,199.28,8,6656,334.28,3,116.58,9,6812,85.67,3,292.79,9,6874,477.65,3,235.66,8,
4078,6484,518.43,3,207.42,8,6656,335.58,3,101.25,9,
4079,6484,528.21,3,216.41,8,6656,337.77,3,83.51,9,
4080,6484,537.39,3,224.94,8,6656,341.3,3,63.72,9,
4081,6484,546.5,3,233.52,8,6656,346.12,3,43.68,9,
4082,6484,556.09,3,242.63,8,6656,350.75,3,27.99,9,6812,70.51,3,246.01,8,
4083,6394,294.35,3,287.84,9,6484,561.57,3,247.86,8,6656,354.69,3,16.12,9,6742,539.06,3,245.29,8,6812,100.32,3,218.59,8,
4084,6394,292.64,3,265.29,9,6656,357.51,3,8.29,9,6742,534.44,3,242.03,8,6812,130.99,3,191.46,8,
4085,6394,293.31,3,242.94,9,6656,361.42,3,4.89,9,6742,530.73,3,240.98,8,6812,161.87,3,165.52,8,
4086,6394,297.21,3,220.73,9,6656,366.66,3,9.54,9,6742,529.6,3,243.15,8,6812,192.19,3,142.15,8,
4087,6394,303.72,3,200.02,9,6656,373.1,3,16.47,9,6742,528.96,3,246.92,8,6812,223.13,3,121.76,8,6946,478.34,3,246.74,8,
4088,6394,310.69,3,183.55,9,6484,562.92,3,247.78,8,6656,381.6,3,25.64,9,6812,253.69,3,106.98,8,6946,471.72,3,236.53,8,6981,633.16,3,287.67,9,
4089,6394,316.37,3,171.18,9,6484,559.69,3,244.25,8,6656,392.24,3,37.09,9,6812,283.95,3,98.5,8,6946,462.08,3,224.85,8,6981,630.74,3,285.19,9,
4090,6394,319.92,3,162.2,9,6484,556.72,3,241.17,8,6656,404.6,3,50.34,9,6812,314.36,3,98.52,8,6946,450.41,3,210.58,8,6981,626.56,3,280.91,9,
4091,6394,321.79,3,157.38,9,6484,553.95,3,238.52,8,6656,418.37,3,65.03,9,6812,345.28,3,104.57,8,6946,436.55,3,194.82,8,6981,620.08,3,274.28,9,
4092,6394,323.16,3,152.45,9,6484,551.35,3,236.25,8,6656,434.55,3,82.22,9,6812,376.04,3,118.09,8,6946,421.36,3,177.38,8,6981,612.04,3,266.05,9,
4093,6394,322.31,3,147.42,9,6484,548.73,3,234.25,8,6656,452.28,3,100.97,9,6812,406.11,3,136.46,8,6946,404.39,3,157.7,8,6981,601.92,3,255.68,9,
4094,6394,317.81,3,144.39,9,6484,546.25,3,232.68,8,6656,471.55,3,121.24,9,6812,436.17,3,158.3,8,6946,387.11,3,135.88,8,6981,590.17,3,243.63,9,
4095,6394,313.01,3,145.92,9,6484,544.18,3,231.67,8,6656,493.32,3,144.05,9,6812,462.03,3,179.07,8,6946,369.8,3,112.33,8,6981,576.36,3,229.43,9,
4096,6394,307.24,3,149.9,9,6656,517.44,3,169.22,9,6812,484.23,3,198.17,8,6946,355.27,3,88.41,8,6981,560.16,3,212.7,9,
4097,6394,299.78,3,155.36,9,6656,543.95,3,196.77,9,6812,501.96,3,213.85,8,6946,342.05,3,64.93,8,6981,541.91,3,193.75,9,
4098,5987,474.1,3,239.39,8,6394,290.42,3,162.7,9,6656,569.99,3,223.71,9,6812,515.21,3,225.77,8,6946,331.43,3,44.43,8,6981,521.79,3,172.81,9,
4099,5987,451.41,3,211.77,8,6394,279.39,3,171.17,9,6656,592.42,3,246.74,9,6812,524.57,3,234.28,8,6946,323.8,3,28.47,8,6981,499.86,3,149.92,9,
4100,5987,428.12,3,185.16,8,6394,266.77,3,181.34,9,6656,610.62,3,265.36,9,6812,529.61,3,239.82,8,6946,318.7,3,17.1,8,6981,476.46,3,125.37,9,
4101,5987,404.65,3,157.99,8,6394,252.06,3,192.07,9,6656,624.43,3,279.49,9,6812,529.8,3,242.27,8,6946,317.33,3,10.08,8,6981,450.84,3,98.35,9,
4102,5987,383.53,3,131.19,8,6394,234.53,3,203.13,9,6656,633.85,3,289.11,9,6812,529.27,3,244.88,8,6946,322.91,3,8.17,8,6981,426.65,3,72.68,9,
4103,5987,364.67,3,104.09,8,6394,215.24,3,214.64,9,6656,638.9,3,294.23,9,6812,528.97,3,246.91,8,6946,330.01,3,14.46,8,6981,406.19,3,50.8,9,
4104,5987,348.71,3,77.0,8,6394,194.02,3,225.69,9,6656,645.14,3,299.92,9,6812,529.73,3,248.8,8,6946,337.92,3,22.6,8,6981,389.98,3,33.37,9,
4105,5987,336.51,3,54.44,8,6394,171.49,3,236.83,9,6946,347.71,3,32.86,8,6981,378.04,3,20.46,9,
4106,5987,327.31,3,35.96,8,6394,148.79,3,248.83,9,6812,532.22,3,249.47,8,6817,477.25,3,245.45,8,6946,359.93,3,45.72,8,6981,370.28,3,12.06,9,
4107,5987,320.9,3,22.06,8,6394,125.68,3,263.25,9,6812,532.46,3,247.91,8,6817,457.75,3,219.56,8,6946,373.51,3,59.99,8,6981,362.59,3,3.94,9,
4108,5987,317.39,3,12.68,8,6394,102.29,3,279.78,9,6812,532.84,3,245.98,8,6817,436.05,3,194.24,8,6946,388.94,3,76.17,8,6981,355.61,3,5.8,9,
4109,5987,318.57,3,8.21,8,6394,78.98,3,298.2,9,6817,414.02,3,168.88,8,6946,406.54,3,94.46,8,6981,352.18,3,14.63,9,
4110,5987,323.9,3,8.8,8,6817,392.61,3,143.05,8,6946,425.39,3,113.45,8,6981,348.36,3,25.95,9,7012,556.51,3,245.4,8,
4111,5987,332.1,3,16.59,8,6817,373.38,3,117.68,8,6946,443.59,3,131.79,8,6981,344.34,3,39.08,9,7012,558.02,3,246.91,8,
4112,5987,342.96,3,27.88,8,6817,357.26,3,91.8,8,6946,462.67,3,151.01,8,6981,340.31,3,54.06,9,
4113,5987,355.37,3,40.92,8,6817,342.31,3,65.41,8,6946,481.69,3,170.16,8,6981,336.79,3,70.69,9,
4114,5987,369.72,3,56.01,8,6817,329.17,3,39.8,8,6946,499.63,3,188.21,8,6981,333.87,3,88.67,9,
4115,5987,386.32,3,73.43,8,6817,317.2,3,13.56,8,6946,515.94,3,204.62,8,6981,332.06,3,104.84,9,
4116,5987,404.77,3,92.68,8,6394,84.61,3,232.91,8,6817,308.0,3,13.43,8,6946,528.01,3,216.77,8,6981,331.05,3,116.51,9,
4117,5987,425.25,3,113.31,8,6394,107.03,3,212.56,8,6817,300.96,3,39.6,8,6946,535.61,3,224.41,8,6981,329.34,3,124.19,9,
4118,5987,446.3,3,134.51,8,6394,130.22,3,192.13,8,6817,294.62,3,64.97,8,6946,539.88,3,228.86,8,6981,326.94,3,133.71,9,
4119,5987,468.22,3,156.59,8,6394,152.73,3,173.02,8,6817,291.89,3,90.39,8,6946,541.03,3,230.64,8,6981,322.89,3,145.37,9,
4120,5987,490.33,3,178.85,8,6394,175.53,3,154.67,8,6817,291.39,3,116.94,8,6946,540.27,3,230.58,8,6981,317.85,3,158.7,9,7026,591.03,3,294.42,9,
4121,5987,508.88,3,197.52,8,6394,198.36,3,137.76,8,6817,293.26,3,143.09,8,6946,539.07,3,230.48,8,6981,311.99,3,173.2,9,7002,557.16,3,245.61,8,7026,589.24,3,292.33,9,
4122,5987,524.07,3,212.8,8,6394,221.68,3,122.61,8,6817,297.33,3,168.75,8,6946,537.7,3,230.6,8,6981,304.9,3,188.72,9,7002,535.52,3,223.84,8,7026,586.06,3,288.62,9,
4123,5987,534.79,3,223.59,8,6394,244.28,3,110.82,8,6656,658.36,3,299.83,9,6817,303.5,3,194.31,8,6946,536.1,3,231.1,8,6981,297.73,3,206.73,9,7002,512.66,3,200.82,8,7026,581.09,3,282.73,9,
4124,5987,540.49,3,229.54,8,6394,266.68,3,102.37,8,6656,656.07,3,297.52,9,6817,311.67,3,219.94,8,6946,534.42,3,232.25,8,6981,292.29,3,227.46,9,7002,489.31,3,177.29,8,7026,574.48,3,274.87,9,
4125,5987,540.74,3,230.66,8,6394,289.05,3,97.91,8,6656,653.55,3,294.98,9,6817,321.98,3,246.27,8,6946,532.94,3,234.0,8,6981,289.67,3,250.3,9,7002,466.38,3,154.16,8,7026,566.34,3,265.12,9,
4126,5987,539.32,3,230.49,8,6394,311.87,3,98.26,8,6656,650.93,3,292.34,9,6946,532.15,3,235.38,8,6981,289.95,3,275.22,9,7002,443.16,3,130.74,8,7026,556.77,3,253.58,9,
4127,5987,537.67,3,230.6,8,6656,649.14,3,290.54,9,6946,531.29,3,237.3,8,7002,419.84,3,107.18,8,7026,545.77,3,240.22,9,
4128,5987,535.88,3,231.21,8,6656,646.89,3,288.28,9,6946,530.42,3,239.86,8,7002,397.39,3,84.25,8,7026,533.68,3,225.37,9,
4129,5987,534.07,3,232.58,8,6656,644.31,3,285.68,9,6946,529.57,3,243.29,8,7002,376.21,3,62.09,8,7026,519.86,3,208.69,9,
4130,5987,532.71,3,234.36,8,6656,641.99,3,283.35,9,6946,528.95,3,246.99,8,7002,359.39,3,44.5,8,7026,503.62,3,189.97,9,
4131,5987,531.98,3,235.74,8,6656,639.34,3,280.69,9,7002,346.89,3,31.51,8,7026,484.09,3,170.61,9,
4132,5987,531.14,3,237.67,8,6656,637.85,3,279.19,9,7002,338.66,3,23.12,8,7026,461.58,3,151.52,9,
4133,5987,530.32,3,240.24,8,6656,636.05,3,277.38,9,7002,334.6,3,19.1,8,7026,437.35,3,134.76,9,
4134,5987,529.46,3,243.83,8,6656,634.02,3,275.34,9,7002,329.97,3,15.08,8,7026,411.8,3,125.13,9,
4135,5987,528.82,3,248.16,8,6656,632.35,3,273.67,9,7002,330.81,3,18.37,8,7026,386.65,3,122.01,9,
4136,6656,629.95,3,271.27,9,7002,334.63,3,26.22,8,7026,363.44,3,126.03,9,
4137,6656,627.56,3,268.87,9,7002,339.36,3,36.04,8,7026,338.56,3,132.45,9,
4138,6656,625.78,3,267.08,9,7002,345.35,3,48.08,8,7026,314.28,3,145.08,9,
4139,6656,623.63,3,264.93,9,7002,352.86,3,62.49,8,7026,291.23,3,162.04,9,
4140,6656,621.41,3,262.71,9,7002,361.86,3,78.86,8,7026,268.84,3,179.79,9,7055,329.08,3,228.99,8,
4141,6656,618.99,3,260.29,9,7002,372.44,3,97.07,8,7026,244.35,3,196.87,9,7055,328.52,3,227.36,8,
4142,6656,617.31,3,258.61,9,7002,385.04,3,117.22,8,7026,219.13,3,212.39,9,7055,327.49,3,224.37,8,
4143,6656,614.75,3,256.05,9,7002,400.61,3,139.67,8,7026,192.66,3,226.33,9,7055,326.01,3,219.86,8,
4144,6656,612.96,3,254.27,9,7002,419.45,3,164.56,8,7026,165.95,3,239.72,9,7055,323.78,3,212.82,8,
4145,6656,611.37,3,252.69,9,7002,441.1,3,191.15,8,7026,140.02,3,254.02,9,7055,321.31,3,204.34,8,
4146,6656,608.75,3,250.08,9,7002,464.76,3,220.11,8,7026,113.23,3,271.83,9,7055,318.4,3,193.39,8,
4147,6656,606.45,3,247.79,9,7002,488.45,3,248.55,8,7026,87.57,3,291.27,9,7055,315.4,3,180.28,8,
4148,6656,604.64,3,245.99,9,7055,312.63,3,165.46,8,
4149,6656,602.07,3,243.43,9,6735,294.6,3,289.93,9,7055,310.38,3,149.18,8,
4150,6656,599.63,3,241.01,9,6735,292.7,3,268.89,9,7055,308.87,3,130.74,8,
4151,6650,293.49,3,279.71,9,6656,597.67,3,239.07,9,6735,293.05,3,247.18,9,7055,308.47,3,110.92,8,
4152,6650,292.65,3,258.4,9,6656,596.16,3,237.57,9,6735,295.99,3,225.82,9,7055,309.5,3,89.48,8,
4153,6650,293.92,3,236.72,9,6656,594.05,3,235.49,9,6735,301.85,3,204.9,9,6948,559.74,3,248.21,8,7026,74.16,3,242.6,8,7055,311.96,3,67.6,8,
4154,6650,298.67,3,215.08,9,6656,591.75,3,233.21,9,6735,308.96,3,187.4,9,6948,552.24,3,240.66,8,7026,100.67,3,218.27,8,7055,314.79,3,49.78,8,7075,341.07,3,229.9,8,
4155,6650,304.63,3,197.71,9,6656,589.8,3,231.29,9,6735,315.27,3,173.7,9,6948,547.33,3,235.41,8,7026,127.26,3,194.7,8,7055,317.61,3,36.52,8,7075,340.28,3,227.5,8,
4156,6650,310.11,3,184.83,9,6656,587.25,3,228.77,9,6735,319.3,3,163.8,9,6948,547.8,3,235.07,8,7026,153.4,3,172.46,8,7055,319.95,3,27.54,8,7075,338.97,3,223.5,8,
4157,6650,314.15,3,176.16,9,6656,585.55,3,227.09,9,6735,321.55,3,158.01,9,6946,362.51,3,248.88,8,6948,549.54,3,235.95,8,7026,179.58,3,151.54,8,7055,321.42,3,22.64,8,7075,337.0,3,217.19,8,
4158,6650,321.59,3,171.59,9,6656,583.31,3,224.88,9,6735,324.54,3,150.19,9,6946,345.35,3,247.59,8,6948,551.78,3,237.37,8,7026,205.71,3,132.73,8,7055,323.52,3,17.13,8,7075,334.57,3,208.9,8,
4159,5987,364.45,3,249.1,8,6650,330.51,3,171.05,9,6656,581.09,3,222.69,9,6735,328.09,3,140.02,9,6946,328.32,3,247.3,8,6948,554.81,3,239.69,8,7026,231.52,3,117.07,8,7055,326.84,3,13.19,8,7075,339.15,3,204.96,8,
4160,6650,341.88,3,171.29,9,6656,578.71,3,220.36,9,6735,331.8,3,127.94,9,6946,311.71,3,248.3,8,6948,558.58,3,243.07,8,7026,257.79,3,105.42,8,7055,334.48,3,19.03,8,7075,349.27,3,205.33,8,
4161,6650,354.66,3,172.46,9,6656,576.9,3,218.58,9,6735,334.6,3,113.57,9,6948,562.76,3,247.3,8,7026,284.61,3,98.41,8,7055,346.7,3,31.8,8,7075,360.28,3,206.39,8,
4162,6650,367.37,3,174.56,9,6656,574.5,3,216.22,9,6735,336.04,3,96.88,9,6805,462.72,3,225.62,8,7026,310.8,3,98.17,8,7055,361.2,3,47.05,8,7075,370.57,3,208.0,8,
4163,6650,380.34,3,177.62,9,6656,572.73,3,214.48,9,6735,338.7,3,77.65,9,6805,437.6,3,196.01,8,7026,336.73,3,102.17,8,7055,377.23,3,63.9,8,7075,380.75,3,210.14,8,7088,359.43,3,104.2,8,
4164,6650,393.25,3,181.55,9,6656,570.1,3,211.91,9,6735,342.83,3,56.65,9,6805,412.31,3,166.91,8,7026,363.12,3,111.57,8,7055,395.15,3,82.68,8,7075,391.41,3,212.94,8,7088,360.79,3,102.06,8,
4165,6650,406.55,3,186.44,9,6656,567.88,3,209.75,9,6735,348.44,3,35.55,9,6805,389.19,3,138.6,8,7026,388.83,3,125.51,8,7055,415.52,3,103.51,8,7070,595.76,3,299.93,9,7075,402.44,3,216.44,8,7088,358.68,3,98.61,8,
4166,6650,419.5,3,191.98,9,6656,565.99,3,207.91,9,6735,355.6,3,13.52,9,6805,368.57,3,110.37,8,7026,415.07,3,142.65,8,7055,438.56,3,126.72,8,7070,589.15,3,292.24,9,7075,413.13,3,220.35,8,7088,355.15,3,92.76,8,
4167,6650,432.88,3,198.44,9,6656,564.01,3,205.97,9,6735,363.78,3,8.03,9,6805,351.57,3,82.03,8,6948,563.46,3,248.39,8,7026,441.71,3,162.62,8,7055,462.98,3,151.31,8,7070,580.9,3,282.51,9,7075,419.87,3,230.35,8,7088,350.47,3,84.85,8,
4168,6650,446.01,3,205.43,9,6656,562.32,3,204.33,9,6735,373.83,3,29.98,9,6805,338.43,3,58.13,8,6948,560.63,3,245.25,8,7026,468.35,3,184.43,8,7055,487.72,3,176.22,8,7070,570.73,3,270.38,9,7075,425.94,3,241.58,8,7088,347.69,3,75.18,8,
4169,6656,560.37,3,202.43,9,6735,384.51,3,51.36,9,6805,328.66,3,38.77,8,6948,557.26,3,241.72,8,7026,495.04,3,207.69,8,7055,508.0,3,196.64,8,7070,558.58,3,255.78,9,7088,341.16,3,63.28,8,
4170,6656,558.59,3,200.71,9,6735,396.17,3,73.02,9,6805,321.75,3,23.96,8,6948,553.63,3,238.23,8,7026,521.65,3,231.62,8,7055,523.84,3,212.57,8,7070,545.46,3,239.83,9,7088,333.9,3,49.36,8,7098,352.96,3,12.47,9,
4171,6656,556.95,3,199.11,9,6735,407.97,3,94.05,9,6805,317.54,3,13.74,8,6948,549.83,3,235.05,8,7055,535.2,3,224.0,8,7070,531.14,3,222.22,9,7088,326.86,3,35.0,8,7098,352.2,3,14.6,9,7099,591.03,3,294.42,9,
4172,6656,554.77,3,197.0,9,6735,421.11,3,116.27,9,6805,318.34,3,8.51,8,6948,546.48,3,232.8,8,7055,540.85,3,230.06,8,7070,514.97,3,203.06,9,7088,322.09,3,24.71,8,7098,350.67,3,18.99,9,7099,588.92,3,291.97,9,
4173,6656,552.92,3,195.22,9,6735,434.31,3,137.42,9,6805,324.35,3,9.15,8,7049,532.37,3,248.45,8,7055,540.15,3,230.56,8,7070,496.69,3,182.77,9,7088,319.21,3,18.25,8,7098,348.52,3,25.46,9,7099,585.05,3,287.43,9,7102,564.07,3,220.66,9,
4174,6656,550.42,3,192.81,9,6735,448.53,3,159.2,9,6805,333.62,3,18.15,8,7049,532.83,3,246.0,8,7055,538.26,3,230.52,8,7070,474.27,3,161.21,9,7088,317.73,3,14.37,8,7098,346.07,3,33.26,9,7099,579.71,3,281.09,9,7102,562.91,3,220.07,9,7103,298.87,3,157.09,8,
4175,6656,547.84,3,190.33,9,6735,462.95,3,180.41,9,6805,344.74,3,29.74,8,7049,533.16,3,244.64,8,7055,536.31,3,231.02,8,7070,451.57,3,144.24,9,7088,318.53,3,11.22,8,7098,343.35,3,42.56,9,7099,572.32,3,272.28,9,7102,560.56,3,218.91,9,7103,299.8,3,156.06,8,7105,591.03,3,294.42,9,
4176,6656,546.02,3,188.58,9,6735,478.05,3,201.88,9,6805,357.67,3,43.34,8,7049,535.31,3,244.67,8,7055,534.4,3,232.25,8,7070,428.8,3,131.02,9,7088,321.62,3,11.54,8,7098,340.52,3,53.25,9,7099,563.24,3,261.39,9,7102,556.87,3,217.23,9,7103,302.12,3,153.54,8,7105,589.3,3,292.41,9,
4177,6656,544.14,3,186.78,9,6735,494.07,3,223.94,9,6805,372.59,3,59.03,8,7055,532.91,3,234.04,8,7070,406.17,3,123.73,9,7088,324.7,3,15.19,8,7098,337.8,3,65.53,9,7099,552.67,3,248.62,9,7102,552.35,3,215.43,9,7103,305.28,3,150.23,8,7105,585.93,3,288.48,9,
4178,6656,541.61,3,184.36,9,6735,510.08,3,245.4,9,6805,389.41,3,76.67,8,6915,293.48,3,279.66,9,7055,532.08,3,235.53,8,7070,384.17,3,122.19,9,7088,327.2,3,20.81,8,7098,335.12,3,80.3,9,7099,540.29,3,233.5,9,7102,547.06,3,213.7,9,7103,309.79,3,145.77,8,7105,581.3,3,282.98,9,
4179,6656,539.34,3,182.2,9,6735,526.45,3,266.83,9,6805,408.21,3,96.14,8,6912,295.32,3,295.32,9,6915,292.73,3,254.86,9,7055,529.95,3,235.97,8,7070,363.32,3,126.06,9,7088,330.66,3,28.39,8,7098,332.79,3,97.43,9,7099,526.58,3,216.63,9,7102,540.8,3,212.22,9,7103,315.93,3,140.14,8,7105,574.59,3,274.99,9,
4180,6656,537.18,3,180.14,9,6735,543.47,3,288.64,9,6805,429.88,3,117.98,8,6912,292.76,3,270.01,9,6915,295.02,3,230.2,9,7055,522.58,3,229.81,8,7070,341.54,3,131.42,9,7088,335.24,3,38.0,8,7094,372.07,3,297.49,9,7098,331.56,3,111.14,9,7099,509.82,3,197.13,9,7102,533.75,3,211.42,9,7103,323.58,3,133.91,8,7105,566.39,3,265.18,9,
4181,6656,535.01,3,178.09,9,6805,452.87,3,141.13,8,6912,293.19,3,244.87,9,6915,301.0,3,207.19,9,7055,513.05,3,221.06,8,7070,320.21,3,141.43,9,7088,340.83,3,49.21,8,7094,360.24,3,296.42,9,7098,330.09,3,120.71,9,7099,489.84,3,176.14,9,7102,529.04,3,211.45,9,7103,333.11,3,127.3,8,7105,556.51,3,253.27,9,
4182,6656,532.38,3,175.6,9,6805,475.95,3,164.37,8,6912,297.17,3,220.91,9,6915,308.28,3,188.99,9,7055,501.33,3,210.36,8,7070,299.8,3,155.35,9,7088,350.69,3,63.09,8,7094,348.33,3,295.88,9,7098,328.83,3,126.59,9,7099,466.61,3,155.29,9,7102,526.5,3,211.67,9,7103,343.21,3,121.74,8,7105,545.41,3,239.77,9,
4183,6656,530.3,3,173.64,9,6805,498.49,3,187.06,8,6912,303.25,3,201.21,9,6915,314.71,3,174.93,9,7055,487.49,3,197.84,8,7070,279.67,3,170.94,9,7088,359.26,3,78.61,8,7094,336.72,3,295.89,9,7098,326.59,3,134.73,9,7099,440.63,3,136.68,9,7102,525.79,3,211.76,9,7103,351.94,3,118.18,8,7105,532.6,3,224.02,9,
4184,6656,528.11,3,171.59,9,6805,522.11,3,210.83,8,6810,294.03,3,285.1,9,6912,309.51,3,186.17,9,6915,318.93,3,164.77,9,7055,471.46,3,183.56,8,7070,258.77,3,187.07,9,7088,369.59,3,96.32,8,7094,324.73,3,296.47,9,7098,323.15,3,144.62,9,7099,413.23,3,125.54,9,7102,525.55,3,211.79,9,7103,358.45,3,116.27,8,7105,517.89,3,206.41,9,
4185,6656,525.5,3,169.14,9,6805,545.04,3,233.88,8,6810,292.65,3,258.87,9,6912,314.77,3,174.8,9,6915,321.62,3,157.82,9,7054,548.39,3,297.27,9,7055,453.65,3,168.07,8,7070,237.04,3,201.63,9,7088,381.92,3,116.03,8,7094,314.08,3,297.46,9,7098,318.97,3,155.84,9,7099,389.26,3,121.89,9,7102,523.7,3,211.42,9,7103,361.64,3,115.57,8,7105,501.25,3,187.23,9,
4186,6656,523.4,3,167.18,9,6810,294.37,3,233.67,9,6912,318.06,3,167.0,9,6915,322.84,3,154.78,9,6969,294.12,3,285.91,9,7054,541.88,3,289.07,9,7055,433.79,3,151.45,8,7070,215.09,3,214.72,9,7088,396.62,3,137.26,8,7094,305.99,3,298.53,9,7098,313.69,3,169.34,9,7099,370.25,3,124.3,9,7102,518.67,3,207.25,9,7103,366.1,3,115.26,8,7105,480.71,3,167.36,9,
4187,6656,521.78,3,165.68,9,6810,299.18,3,213.21,9,6912,319.76,3,162.6,9,6915,322.87,3,154.71,9,6969,292.66,3,258.57,9,7054,534.09,3,279.19,9,7055,412.46,3,134.71,8,7070,191.68,3,226.79,9,7088,413.46,3,159.79,8,7094,301.94,3,299.16,9,7098,306.63,3,184.76,9,7099,355.07,3,127.66,9,7102,514.4,3,202.41,9,7103,372.9,3,116.13,8,7105,457.77,3,148.71,9,7116,318.05,3,158.18,9,
4188,6656,519.16,3,163.25,9,6810,304.73,3,197.47,9,6912,320.02,3,161.94,9,6915,322.88,3,154.67,9,6969,294.23,3,234.53,9,7010,294.94,3,292.53,9,7054,524.51,3,266.91,9,7055,389.12,3,118.13,8,7070,167.87,3,238.75,9,7088,432.05,3,182.64,8,7094,301.75,3,299.19,9,7098,299.33,3,202.43,9,7099,343.76,3,130.7,9,7102,508.29,3,195.37,9,7103,381.96,3,121.1,8,7105,432.96,3,132.78,9,7116,317.24,3,160.26,9,
4189,6656,516.79,3,161.06,9,6810,309.52,3,186.14,9,6912,320.06,3,161.8,9,6915,322.88,3,154.67,9,6969,298.6,3,215.33,9,7010,292.64,3,264.63,9,7054,513.83,3,253.04,9,7055,364.26,3,103.13,8,7070,144.84,3,251.14,9,7088,450.1,3,204.59,8,7094,301.73,3,299.2,9,7098,293.4,3,222.65,9,7099,336.71,3,133.15,9,7102,500.17,3,186.15,9,7103,390.71,3,132.24,8,7105,407.68,3,124.05,9,7116,315.76,3,164.16,9,
4190,6656,515.06,3,159.47,9,6810,312.8,3,179.0,9,6912,320.12,3,161.65,9,6915,322.89,3,154.67,9,6969,303.43,3,200.77,9,7010,293.48,3,240.85,9,7054,501.46,3,236.73,9,7055,337.82,3,91.67,8,7070,121.64,3,265.98,9,7088,469.25,3,227.81,8,7094,301.72,3,299.19,9,7096,532.5,3,247.67,8,7098,289.92,3,245.4,9,7099,329.69,3,139.29,9,7102,489.62,3,175.93,9,7103,400.12,3,145.22,8,7105,386.68,3,122.01,9,7116,313.42,3,169.98,9,
4191,6656,513.46,3,158.01,9,6810,314.1,3,175.92,9,6912,320.12,3,161.65,9,6915,322.89,3,154.67,9,6969,307.57,3,190.64,9,7010,296.95,3,221.79,9,7054,488.16,3,218.82,9,7055,309.74,3,85.86,8,7070,98.5,3,282.71,9,7094,301.72,3,299.2,9,7096,532.98,3,245.39,8,7098,289.59,3,270.21,9,7099,323.12,3,147.85,9,7102,476.96,3,163.77,9,7103,411.87,3,160.56,8,7105,368.2,3,124.77,9,7116,309.94,3,177.56,9,
4192,6656,511.75,3,156.44,9,6810,313.96,3,174.97,9,6912,320.13,3,161.65,9,6915,322.89,3,154.67,9,6969,310.18,3,184.68,9,7010,300.96,3,207.31,9,7040,532.18,3,249.84,8,7054,473.84,3,199.07,9,7055,279.61,3,89.05,8,7094,301.72,3,299.2,9,7096,534.03,3,244.08,8,7098,292.42,3,297.04,9,7099,317.69,3,159.11,9,7102,461.51,3,151.46,9,7103,425.77,3,177.57,8,7105,353.44,3,128.03,9,7116,305.52,3,187.3,9,
4193,6656,509.26,3,154.18,9,6810,313.96,3,174.91,9,6912,320.13,3,161.65,9,6915,322.89,3,154.67,9,6969,311.28,3,182.27,9,7010,304.76,3,197.39,9,7040,532.59,3,247.2,8,7054,458.97,3,177.95,9,7055,247.18,3,101.65,8,7094,301.72,3,299.2,9,7096,538.72,3,247.36,8,7099,312.57,3,171.93,9,7102,444.13,3,139.05,9,7103,443.67,3,196.68,8,7105,342.67,3,131.05,9,7116,300.85,3,198.5,9,
4194,6656,506.91,3,152.06,9,6810,313.95,3,174.87,9,6912,320.13,3,161.65,9,6915,322.89,3,154.67,9,6969,311.46,3,181.87,9,7010,307.13,3,191.67,9,7040,533.0,3,245.29,8,7054,443.66,3,155.43,9,7055,214.05,3,121.44,8,7094,301.72,3,299.2,9,7099,306.63,3,184.78,9,7102,425.0,3,129.52,9,7103,461.36,3,218.29,8,7105,336.21,3,133.5,9,7116,296.31,3,211.48,9,7132,519.07,3,226.58,8,
4195,6656,504.87,3,150.23,9,6810,313.95,3,174.87,9,6912,320.13,3,161.65,9,6915,322.89,3,154.67,9,6969,311.5,3,181.78,9,7010,308.39,3,188.74,9,7040,534.55,3,244.32,8,7054,428.05,3,131.4,9,7055,181.01,3,146.15,8,7094,301.72,3,299.2,9,7099,300.79,3,198.68,9,7102,403.97,3,123.33,9,7103,481.27,3,242.18,8,7105,329.61,3,139.39,9,7116,292.57,3,226.23,9,7132,517.77,3,225.38,8,
4196,6656,502.48,3,148.09,9,6810,313.95,3,174.87,9,6912,320.13,3,161.65,9,6915,322.89,3,154.67,9,6969,311.52,3,181.75,9,7010,308.42,3,188.65,9,7040,539.88,3,248.38,8,7054,411.77,3,104.91,9,7055,149.09,3,172.76,8,7094,301.72,3,299.2,9,7099,295.67,3,213.76,9,7102,382.3,3,122.36,9,7105,323.24,3,147.69,9,7116,290.03,3,243.64,9,7132,514.78,3,222.64,8,
4197,6656,500.75,3,146.55,9,6810,313.95,3,174.87,9,6912,320.13,3,161.65,9,6915,322.89,3,154.67,9,6969,311.52,3,181.74,9,7010,308.45,3,188.59,9,7054,396.57,3,78.49,9,7055,116.28,3,201.93,8,7094,301.72,3,299.2,9,7099,291.67,3,230.48,9,7102,364.87,3,125.63,9,7105,317.75,3,158.98,9,7116,289.43,3,263.72,9,7132,509.94,3,218.22,8,
4198,6656,498.57,3,144.61,9,6810,313.95,3,174.87,9,6912,320.13,3,161.65,9,6915,322.89,3,154.67,9,6969,311.52,3,181.74,9,7010,308.46,3,188.57,9,7054,382.03,3,51.8,9,7055,84.04,3,232.02,8,7070,67.8,3,248.56,8,7094,301.72,3,299.2,9,7099,289.68,3,250.05,9,7102,351.0,3,128.62,9,7105,312.15,3,172.86,9,7116,290.88,3,284.96,9,7132,503.63,3,212.46,8,
4199,6656,496.09,3,142.44,9,6810,313.95,3,174.87,9,6912,320.13,3,161.65,9,6915,322.89,3,154.67,9,6969,311.52,3,181.74,9,7010,308.46,3,188.55,9,7054,368.44,3,24.53,9,7070,91.1,3,226.96,8,7094,301.72,3,299.2,9,7099,289.73,3,272.32,9,7102,341.29,3,131.5,9,7105,305.14,3,188.17,9,7132,494.79,3,204.42,8,
4200,6656,493.97,3,140.59,9,6810,311.96,3,174.38,9,6871,295.93,3,299.86,9,6912,320.13,3,161.65,9,6915,322.89,3,154.67,9,6969,311.52,3,181.74,9,7010,308.47,3,188.55,9,7054,356.72,3,2.65,9,7070,114.09,3,206.28,8,7094,301.72,3,299.2,9,7099,292.0,3,293.76,9,7102,335.48,3,134.03,9,7105,298.26,3,205.29,9,7132,484.03,3,194.73,8,
4201,6656,491.88,3,138.77,9,6810,310.21,3,177.0,9,6871,293.21,3,276.51,9,6912,320.13,3,161.65,9,6915,322.89,3,154.67,9,6969,312.06,3,180.55,9,7010,308.47,3,188.55,9,7054,347.03,3,30.11,9,7070,137.29,3,186.04,8,7094,301.72,3,299.2,9,7102,329.49,3,139.52,9,7105,292.94,3,224.63,9,7132,470.82,3,182.99,8,
4202,6656,490.29,3,137.41,9,6810,307.8,3,182.2,9,6871,292.79,3,252.99,9,6912,320.13,3,161.65,9,6915,323.6,3,152.71,9,6969,313.54,3,177.43,9,7010,308.89,3,187.58,9,7054,339.51,3,57.55,9,7070,160.32,3,166.79,8,7094,301.72,3,299.2,9,7102,323.02,3,148.01,9,7105,289.91,3,245.74,9,7132,455.91,3,170.01,8,
4203,6656,487.66,3,135.16,9,6810,304.93,3,188.65,9,6871,294.52,3,232.83,9,6912,320.66,3,160.27,9,6915,324.12,3,151.31,9,6969,313.7,3,177.1,9,7010,310.01,3,185.04,9,7054,335.08,3,80.47,9,7055,86.22,3,297.5,9,7070,183.61,3,148.47,8,7094,301.72,3,299.2,9,7102,317.74,3,159.01,9,7105,289.52,3,268.99,9,7132,438.64,3,155.41,8,
4204,6656,485.56,3,133.38,9,6810,301.69,3,196.43,9,6871,298.31,3,216.45,9,6912,321.18,3,158.93,9,6915,325.4,3,147.76,9,6969,313.7,3,177.09,9,7010,310.37,3,184.27,9,7054,332.63,3,98.91,9,7055,118.13,3,273.4,9,7070,207.3,3,131.67,8,7094,301.72,3,299.2,9,7102,313.14,3,170.64,9,7105,292.04,3,294.1,9,7132,419.27,3,139.92,8,
4205,6656,483.25,3,131.42,9,6810,298.08,3,205.75,9,6871,302.0,3,204.5,9,6912,322.29,3,156.13,9,6915,327.18,3,142.71,9,6969,313.7,3,177.09,9,7010,310.53,3,183.9,9,7054,331.45,3,112.85,9,7055,150.57,3,252.55,9,7070,230.64,3,117.53,8,7094,301.72,3,299.2,9,7102,308.22,3,181.27,9,7132,398.37,3,124.43,8,
4206,6656,481.28,3,129.72,9,6810,294.93,3,216.56,9,6871,305.18,3,196.37,9,6912,323.85,3,152.05,9,6915,329.64,3,135.49,9,6969,313.7,3,177.09,9,7010,310.54,3,183.87,9,7054,329.77,3,122.2,9,7055,183.2,3,236.19,9,7070,254.16,3,106.81,8,7094,301.72,3,299.2,9,7102,303.19,3,192.75,9,7104,244.6,3,239.8,8,7132,374.89,3,109.21,8,
4207,6656,479.47,3,128.17,9,6871,307.08,3,191.77,9,6912,325.89,3,146.33,9,6915,332.25,3,125.78,9,6969,314.34,3,175.74,9,7010,310.55,3,183.86,9,7054,328.74,3,127.09,9,7055,215.69,3,220.05,9,7070,277.51,3,99.61,8,7094,301.72,3,299.2,9,7102,298.29,3,205.2,9,7104,248.83,3,230.21,8,7132,349.44,3,95.97,8,
4208,6656,477.28,3,126.3,9,6871,307.48,3,190.82,9,6912,328.56,3,138.64,9,6915,334.54,3,114.45,9,6969,315.71,3,172.76,9,7010,310.91,3,183.05,9,7054,328.59,3,127.82,9,7055,244.0,3,203.14,9,7070,301.39,3,97.59,8,7094,301.72,3,299.2,9,7102,294.04,3,220.05,9,7104,253.58,3,220.53,8,7132,322.62,3,87.68,8,
4209,6656,474.8,3,124.21,9,6871,307.74,3,190.24,9,6912,331.56,3,129.09,9,6915,335.61,3,100.95,9,6969,317.68,3,167.99,9,7010,312.35,3,179.96,9,7054,328.54,3,128.07,9,7055,267.2,3,188.07,9,7070,324.35,3,99.86,8,7094,301.72,3,299.2,9,7102,290.61,3,237.3,9,7104,258.72,3,211.09,8,7132,296.08,3,86.02,8,
4210,6656,472.77,3,122.52,9,6871,308.68,3,188.08,9,6912,334.05,3,117.58,9,6915,337.55,3,85.09,9,6969,320.11,3,161.7,9,7010,314.85,3,175.2,9,7054,328.52,3,128.17,9,7055,285.63,3,175.16,9,7070,347.58,3,105.33,8,7094,301.72,3,299.2,9,7102,289.47,3,257.42,9,7104,264.4,3,201.57,8,7132,269.18,3,92.19,8,
4211,6656,470.71,3,120.8,9,6871,310.52,3,183.91,9,6912,335.32,3,104.1,9,6915,340.6,3,67.19,9,6969,322.29,3,156.15,9,7010,321.31,3,171.64,9,7054,328.51,3,128.21,9,7055,299.24,3,164.35,9,7070,370.66,3,115.24,8,7094,301.72,3,299.2,9,7102,290.27,3,279.05,9,7104,270.37,3,192.45,8,7132,241.63,3,104.65,8,
4212,6656,468.22,3,118.76,9,6871,313.5,3,177.51,9,6912,337.02,3,88.81,9,6915,345.08,3,47.55,9,6969,325.07,3,148.74,9,7010,331.01,3,171.05,9,7054,328.51,3,128.23,9,7055,309.06,3,156.87,9,7070,393.64,3,128.41,8,7094,301.72,3,299.2,9,7104,276.98,3,183.19,8,7132,214.6,3,121.07,8,
4213,6656,465.63,3,116.65,9,6871,318.45,3,172.49,9,6912,339.74,3,71.73,9,6915,350.22,3,29.71,9,6969,328.11,3,139.97,9,7010,343.17,3,171.36,9,7054,328.51,3,128.23,9,7055,315.48,3,151.02,9,7070,416.83,3,143.91,8,7075,331.32,3,247.45,8,7094,300.23,3,299.61,9,7104,283.37,3,174.97,8,7132,187.64,3,140.9,8,
4214,6656,463.72,3,115.12,9,6871,326.23,3,171.17,9,6912,343.65,3,53.19,9,6915,354.59,3,16.4,9,6969,331.66,3,128.7,9,7010,356.9,3,172.77,9,7054,328.5,3,128.24,9,7055,321.05,3,147.78,9,7070,440.42,3,161.6,8,7075,322.41,3,224.24,8,7104,289.99,3,167.12,8,7132,161.44,3,162.24,8,
4215,6656,461.55,3,113.39,9,6871,336.7,3,171.09,9,6912,348.03,3,36.93,9,6915,357.74,3,7.68,9,6969,334.49,3,115.49,9,7010,371.61,3,175.45,9,7054,328.5,3,128.24,9,7055,319.85,3,153.66,9,7070,464.11,3,180.83,8,7075,314.83,3,200.58,8,7104,297.33,3,158.85,8,7132,134.89,3,185.19,8,
4216,6656,459.28,3,111.61,9,6871,347.79,3,171.72,9,6912,352.03,3,24.01,9,6915,360.99,3,4.71,9,6969,335.73,3,99.71,9,7010,386.7,3,179.45,9,7054,328.5,3,128.24,9,7070,487.34,3,200.88,8,7075,309.01,3,177.5,8,7104,304.57,3,150.96,8,7132,108.69,3,208.9,8,
4217,6656,456.84,3,109.72,9,6871,359.41,3,173.14,9,6912,354.92,3,15.45,9,6915,365.67,3,8.48,9,6969,338.03,3,81.85,9,7010,401.84,3,184.61,9,7054,328.5,3,128.24,9,7070,510.21,3,221.25,8,7075,304.69,3,153.47,8,7104,312.25,3,143.45,8,7132,81.92,3,234.06,8,
4218,6656,454.29,3,107.77,9,6871,371.28,3,175.39,9,6912,357.15,3,9.27,9,6915,372.36,3,15.68,9,6969,341.77,3,61.47,9,7010,416.75,3,190.75,9,7054,328.5,3,128.24,9,7070,533.49,3,242.46,8,7075,302.27,3,130.08,8,7104,319.69,3,136.97,8,
4219,6656,452.73,3,106.6,9,6871,382.51,3,178.22,9,6912,360.12,3,2.44,9,6915,380.76,3,24.73,9,6969,346.09,3,43.83,9,7010,430.85,3,197.41,9,7054,328.5,3,128.24,9,7075,301.66,3,106.4,8,7104,327.57,3,130.98,8,7168,387.95,3,62.86,9,
4220,6656,450.57,3,104.99,9,6871,393.63,3,181.67,9,6912,364.28,3,9.16,9,6915,390.86,3,35.6,9,6969,350.59,3,28.51,9,7010,441.04,3,202.71,9,7054,328.5,3,128.24,9,7075,302.89,3,82.87,8,7104,335.42,3,125.9,8,7168,386.65,3,60.47,9,
4221,6656,448.25,3,103.3,9,6871,404.85,3,185.77,9,6912,369.46,3,20.66,9,6915,402.82,3,48.43,9,6969,354.22,3,17.47,9,7010,446.85,3,205.9,9,7054,328.5,3,128.24,9,7075,305.86,3,59.9,8,7104,343.76,3,121.48,8,7168,384.08,3,55.68,9,7171,332.4,3,21.6,8,
4222,6656,446.72,3,102.2,9,6871,416.67,3,190.71,9,6912,375.72,3,33.9,9,6915,416.98,3,63.55,9,6969,356.67,3,10.58,9,7010,454.01,3,210.56,9,7054,328.5,3,128.24,9,7075,312.22,3,38.55,8,7104,352.46,3,118.01,8,7168,380.41,3,48.7,9,7171,333.44,3,23.75,8,
4223,6656,444.76,3,100.81,9,6871,428.48,3,196.23,9,6912,383.35,3,49.1,9,6915,432.45,3,80.0,9,6969,357.58,3,8.1,9,7010,459.1,3,218.57,9,7054,328.5,3,128.24,9,7075,314.69,3,20.29,8,7104,358.3,3,116.31,8,7132,85.32,3,298.22,9,7168,375.89,3,39.85,9,7171,335.65,3,28.36,8,
4224,6656,442.17,3,99.0,9,6871,438.88,3,201.55,9,6912,392.62,3,66.51,9,6915,449.91,3,98.46,9,6969,357.67,3,7.07,9,7010,463.84,3,229.11,9,7054,328.5,3,128.24,9,7075,321.73,3,6.58,8,7104,361.37,3,115.63,8,7132,112.54,3,277.38,9,7168,370.72,3,29.32,9,7171,338.6,3,34.47,8,
4225,6656,440.35,3,97.77,9,6871,445.49,3,205.14,9,6912,403.34,3,85.88,9,6915,469.56,3,119.16,9,6969,357.54,3,6.46,9,7010,473.77,3,242.3,9,7054,328.5,3,128.24,9,7075,330.63,3,22.76,8,7104,363.77,3,116.53,8,7132,139.54,3,259.19,9,7168,365.09,3,17.28,9,7171,342.39,3,42.2,8,
4226,6656,438.23,3,96.35,9,6871,449.74,3,207.52,9,6912,415.52,3,106.97,9,6915,491.1,3,141.73,9,6969,357.51,3,6.37,9,7010,487.69,3,254.45,9,7054,328.5,3,128.24,9,7075,341.5,3,45.4,8,7104,364.23,3,118.1,8,7132,166.78,3,244.17,9,7168,358.91,3,3.21,9,7171,347.58,3,52.45,8,
4227,6656,436.32,3,95.11,9,6871,455.98,3,209.74,9,6912,429.89,3,130.46,9,6915,514.22,3,165.86,9,6969,357.51,3,6.33,9,7010,502.42,3,263.73,9,7054,328.5,3,128.24,9,7075,353.81,3,68.82,8,7104,362.96,3,118.88,8,7132,194.06,3,230.8,9,7168,352.63,3,13.36,9,7171,353.79,3,64.22,8,7179,321.69,3,157.63,9,
4228,6656,433.99,3,93.62,9,6871,458.27,3,207.17,9,6912,446.7,3,156.45,9,6915,533.1,3,185.5,9,6969,356.44,3,5.92,9,7010,517.82,3,273.96,9,7054,328.5,3,128.24,9,7075,366.78,3,91.6,8,7104,359.51,3,119.68,8,7132,221.31,3,217.14,9,7168,346.46,3,31.96,9,7171,361.65,3,78.49,8,7179,322.49,3,155.63,9,
4229,6656,431.45,3,92.06,9,6871,458.47,3,202.8,9,6912,465.71,3,184.39,9,6915,547.68,3,200.63,9,6969,354.5,3,8.22,9,7010,532.94,3,284.46,9,7054,328.5,3,128.24,9,7075,381.04,3,114.69,8,7104,354.93,3,120.99,8,7132,247.3,3,200.98,9,7168,340.62,3,52.86,9,7170,647.48,3,299.3,9,7171,371.0,3,94.64,8,7179,322.79,3,154.89,9,
4230,6656,429.59,3,90.95,9,6871,458.59,3,196.86,9,6912,485.79,3,212.63,9,6915,557.95,3,211.27,9,6969,353.01,3,12.31,9,7010,547.97,3,295.3,9,7054,328.5,3,128.24,9,7075,397.37,3,138.29,8,7104,349.33,3,123.05,8,7132,269.47,3,186.44,9,7168,336.07,3,74.61,9,7170,645.97,3,298.84,9,7171,382.28,3,113.01,8,7179,322.85,3,154.74,9,
4231,6656,427.66,3,89.83,9,6871,458.92,3,189.99,9,6912,504.59,3,238.12,9,6915,563.87,3,217.39,9,6969,350.69,3,18.96,9,7054,328.5,3,128.24,9,7075,414.88,3,161.57,8,7104,342.42,3,126.21,8,7132,286.79,3,174.2,9,7151,325.95,3,233.91,8,7168,333.41,3,92.16,9,7170,643.96,3,298.01,9,7171,396.03,3,133.25,8,7179,322.88,3,154.67,9,
4232,6656,425.03,3,88.35,9,6871,459.59,3,182.05,9,6912,521.18,3,259.98,9,6915,567.56,3,221.49,9,6969,348.03,3,26.98,9,7054,328.5,3,128.24,9,7075,433.95,3,184.95,8,7104,334.19,3,130.92,8,7132,299.78,3,163.94,9,7151,316.46,3,206.11,8,7168,332.02,3,105.24,9,7170,639.09,3,293.69,9,7171,411.99,3,155.24,8,7179,322.89,3,154.67,9,
4233,6656,423.07,3,87.3,9,6871,460.55,3,174.45,9,6912,534.61,3,277.34,9,6915,566.97,3,222.2,9,6969,344.78,3,37.56,9,7054,328.5,3,128.24,9,7075,453.56,3,208.82,8,7104,326.68,3,136.08,8,7132,309.91,3,156.08,9,7151,308.75,3,176.35,8,7168,331.33,3,114.81,9,7170,634.17,3,288.69,9,7171,430.84,3,178.64,8,7179,322.89,3,154.67,9,
4234,6656,421.62,3,86.54,9,6871,461.83,3,167.14,9,6912,544.71,3,290.21,9,6915,564.17,3,220.71,9,6969,341.19,3,50.62,9,6972,294.3,3,287.47,9,7054,328.5,3,128.24,9,7075,473.33,3,232.71,8,7104,319.22,3,142.01,8,7132,315.87,3,150.67,9,7151,303.54,3,144.46,8,7168,330.29,3,119.84,9,7170,627.56,3,281.94,9,7171,450.22,3,202.31,8,7179,322.89,3,154.67,9,7189,548.21,3,235.26,8,
4235,6656,419.42,3,85.43,9,6871,463.36,3,160.58,9,6912,551.35,3,298.58,9,6915,560.69,3,218.97,9,6969,337.77,3,65.72,9,6972,292.65,3,265.5,9,7054,328.5,3,128.24,9,7104,311.43,3,149.06,8,7132,319.84,3,147.96,9,7151,301.64,3,111.31,8,7168,330.13,3,120.56,9,7170,619.57,3,273.76,9,7171,469.66,3,226.04,8,7179,322.89,3,154.67,9,7189,548.62,3,235.45,8,
4236,6656,417.57,3,84.54,9,6915,556.46,3,217.06,9,6969,334.71,3,82.88,9,6972,293.4,3,241.88,9,7054,327.92,3,130.27,9,7104,304.07,3,156.52,8,7132,320.54,3,151.64,9,7151,303.34,3,78.42,8,7168,330.08,3,120.78,9,7170,610.05,3,264.01,9,7171,489.25,3,249.49,8,7179,322.89,3,154.67,9,7189,549.52,3,235.93,8,
4237,6656,415.25,3,83.48,9,6915,551.4,3,215.09,9,6969,332.86,3,96.78,9,6972,297.92,3,217.94,9,7054,326.76,3,134.25,9,7104,297.05,3,164.34,8,7132,318.58,3,156.85,9,7151,309.94,3,45.96,8,7168,329.69,3,122.55,9,7170,598.74,3,252.41,9,7179,322.89,3,154.67,9,7189,551.01,3,236.84,8,
4238,6656,413.46,3,82.71,9,6915,545.8,3,213.34,9,6969,331.93,3,106.39,9,6972,304.17,3,198.88,9,7048,293.65,3,281.52,9,7054,324.7,3,140.29,9,7059,536.39,3,243.2,8,7104,290.08,3,172.21,8,7132,315.79,3,164.05,9,7151,320.21,3,15.37,8,7168,328.79,3,126.85,9,7170,585.48,3,238.82,9,7179,322.89,3,154.67,9,7189,552.94,3,238.2,8,
4239,6656,410.99,3,81.69,9,6912,547.81,3,296.54,9,6915,539.61,3,212.02,9,6969,331.32,3,115.05,9,6972,310.5,3,183.95,9,7048,292.65,3,258.59,9,7054,321.79,3,148.52,9,7059,533.42,3,241.48,8,7104,283.21,3,180.6,8,7132,311.83,3,173.55,9,7151,332.8,3,22.43,8,7168,327.2,3,132.79,9,7170,570.82,3,223.72,9,7179,322.89,3,154.67,9,7189,555.64,3,240.39,8,
4240,6656,409.4,3,81.08,9,6912,541.97,3,289.19,9,6915,532.55,3,211.38,9,6969,329.6,3,122.99,9,6972,315.78,3,172.59,9,7048,294.03,3,235.97,9,7054,317.9,3,158.57,9,7059,530.63,3,241.03,8,7104,276.58,3,189.45,8,7132,306.75,3,184.53,9,7151,348.17,3,53.59,8,7168,324.65,3,140.41,9,7170,554.2,3,206.51,9,7179,322.89,3,154.67,9,7189,559.23,3,243.69,8,
4241,6656,407.71,3,80.46,9,6912,534.22,3,279.35,9,6972,318.79,3,165.11,9,7048,298.84,3,214.46,9,7054,313.0,3,170.96,9,7059,529.61,3,243.12,8,7104,270.41,3,198.44,8,7132,301.41,3,197.12,9,7151,365.96,3,86.04,8,7168,321.51,3,149.24,9,7170,535.78,3,187.39,9,7179,322.89,3,154.67,9,7189,563.67,3,248.27,8,
4242,6656,405.65,3,79.77,9,6912,524.8,3,267.28,9,6972,320.08,3,161.77,9,7048,304.8,3,197.31,9,7054,306.82,3,184.35,9,7059,529.0,3,246.68,8,7104,264.44,3,207.95,8,7132,296.1,3,212.21,9,7151,385.65,3,118.14,8,7168,317.29,3,160.16,9,7170,515.52,3,166.28,9,7179,322.89,3,154.67,9,
4243,6912,514.4,3,253.79,9,6972,320.11,3,161.7,9,7048,310.25,3,184.51,9,7054,300.19,3,200.2,9,7104,259.24,3,217.03,8,7132,291.96,3,228.98,9,7151,408.79,3,150.97,8,7168,312.04,3,173.08,9,7170,493.19,3,142.93,9,7179,322.21,3,152.67,9,
4244,6912,502.52,3,238.14,9,6972,320.69,3,160.2,9,7048,314.38,3,175.66,9,7054,294.87,3,216.79,9,7104,254.4,3,226.35,8,7132,289.8,3,247.51,9,7151,434.77,3,183.45,8,7168,305.63,3,187.03,9,7170,469.19,3,117.72,9,7179,319.73,3,153.99,9,
4245,6912,489.26,3,220.32,9,6972,322.09,3,156.63,9,7048,316.91,3,169.89,9,7054,290.88,3,235.21,9,7104,249.66,3,236.54,8,7132,289.49,3,267.86,9,7151,461.84,3,216.56,8,7168,299.03,3,203.23,9,7170,445.42,3,92.61,9,7179,318.01,3,158.31,9,
4246,6912,474.49,3,199.99,9,6972,324.32,3,151.93,9,6992,293.29,3,277.45,9,7048,318.8,3,165.1,9,7054,289.5,3,255.79,9,7104,245.48,3,246.71,8,7132,291.49,3,289.99,9,7151,489.4,3,249.67,8,7168,293.63,3,221.72,9,7170,421.8,3,67.5,9,7179,315.82,3,164.01,9,
4247,6912,458.81,3,177.74,9,6972,328.25,3,145.76,9,6992,292.91,3,249.85,9,7048,320.54,3,160.56,9,7054,290.13,3,277.46,9,7168,290.08,3,242.97,9,7170,402.32,3,46.65,9,7179,312.83,3,171.37,9,
4248,6912,442.38,3,153.5,9,6972,334.66,3,138.46,9,6992,296.15,3,225.12,9,7048,322.3,3,156.13,9,7168,289.44,3,265.16,9,7170,387.13,3,30.3,9,7179,308.56,3,180.53,9,7210,387.95,3,62.86,9,
4249,6912,425.68,3,127.65,9,6972,345.23,3,133.67,9,6992,302.14,3,204.15,9,7048,324.62,3,149.97,9,7168,291.34,3,288.8,9,7170,376.19,3,18.47,9,7179,303.6,3,191.77,9,7210,386.98,3,61.08,9,
4250,6912,409.06,3,100.32,9,6972,358.74,3,130.27,9,6992,309.04,3,187.25,9,7048,327.46,3,141.91,9,7170,369.43,3,11.15,9,7179,298.24,3,205.34,9,7181,327.98,3,246.37,8,7210,385.11,3,57.61,9,
4251,6972,373.67,3,127.03,9,6992,315.16,3,173.95,9,7048,330.84,3,131.56,9,7170,362.76,3,4.11,9,7179,293.78,3,221.12,9,7181,318.58,3,221.82,8,7210,382.38,3,52.47,9,7214,341.07,3,229.9,8,
4252,6972,389.75,3,125.13,9,6992,319.29,3,163.82,9,7048,333.85,3,118.44,9,7170,356.6,3,3.82,9,7179,290.45,3,238.73,9,7181,310.26,3,195.15,8,7210,378.5,3,44.98,9,7214,340.61,3,228.5,8,
4253,6972,408.64,3,127.15,9,6992,321.63,3,157.8,9,7048,335.39,3,103.19,9,7170,353.84,3,10.02,9,7179,289.46,3,258.07,9,7181,303.77,3,167.0,8,7210,373.87,3,35.77,9,7214,339.66,3,225.63,8,
4254,6972,430.34,3,134.21,9,6992,324.59,3,150.08,9,7048,337.38,3,86.23,9,7170,350.99,3,18.06,9,7179,290.31,3,279.43,9,7181,299.8,3,138.94,8,7210,368.63,3,24.92,9,7214,338.29,3,221.36,8,
4255,6972,454.14,3,148.22,9,6992,328.01,3,140.27,9,7048,340.55,3,67.48,9,7170,347.61,3,28.28,9,7181,298.43,3,110.5,8,7210,362.63,3,11.82,9,7214,336.42,3,215.27,8,
4256,6972,480.28,3,168.9,9,6992,331.66,3,128.68,9,7048,345.31,3,46.7,9,7170,343.94,3,40.46,9,7181,299.78,3,82.02,8,7210,356.22,3,3.85,9,7214,334.18,3,207.53,8,7221,531.76,3,220.06,8,
4257,6972,507.32,3,196.24,9,6992,334.54,3,114.57,9,7048,350.08,3,30.17,9,7170,340.22,3,54.46,9,7181,303.84,3,53.38,8,7210,350.29,3,20.11,9,7214,339.8,3,204.97,8,7221,530.38,3,218.68,8,
4258,6972,531.28,3,224.44,9,6992,335.94,3,97.75,9,7048,354.07,3,17.9,9,7170,336.9,3,70.12,9,7181,312.71,3,26.16,8,7210,345.23,3,36.05,9,7214,350.62,3,205.42,8,7221,527.7,3,215.98,8,
4259,6972,550.72,3,248.2,9,6992,338.45,3,79.19,9,7048,357.1,3,9.38,9,7170,334.05,3,87.41,9,7181,323.07,3,7.58,8,7210,340.47,3,53.44,9,7214,362.26,3,206.65,8,7221,523.05,3,211.29,8,
4260,6972,566.75,3,267.48,9,6992,342.31,3,58.99,9,7048,358.45,3,4.74,9,7170,332.1,3,104.38,9,7181,335.52,3,33.19,8,7210,336.5,3,72.27,9,7214,374.56,3,208.77,8,7221,516.43,3,204.62,8,
4261,6972,579.17,3,282.28,9,6992,346.99,3,40.57,9,7048,356.81,3,2.37,9,7170,330.97,3,116.84,9,7181,349.62,3,61.09,8,7210,333.72,3,89.75,9,7214,386.51,3,211.59,8,7221,507.54,3,195.67,8,
4262,6972,587.95,3,292.6,9,6992,353.35,3,20.06,9,7048,352.04,3,8.04,9,7170,329.23,3,124.73,9,7181,365.9,3,90.1,8,7210,332.15,3,103.79,9,7214,399.25,3,215.37,8,7221,497.27,3,185.32,8,
4263,6972,593.35,3,298.85,9,6992,361.56,3,3.16,9,7048,344.42,3,16.29,9,7170,326.74,3,134.3,9,7181,383.58,3,118.53,8,7210,331.4,3,113.65,9,7214,411.21,3,219.61,8,7221,484.62,3,172.56,8,
4264,6992,371.39,3,24.84,9,7048,334.76,3,26.84,9,7170,322.73,3,145.82,9,7181,403.58,3,146.87,8,7210,329.74,3,122.3,9,7214,419.93,3,230.47,8,7221,469.39,3,157.21,8,
4265,6972,594.43,3,298.35,9,6992,380.06,3,42.67,9,7048,323.53,3,39.23,9,7170,317.54,3,159.49,9,7181,426.46,3,175.82,8,7210,328.73,3,127.14,9,7214,426.66,3,242.87,8,7221,452.44,3,140.1,8,
4266,6972,590.8,3,294.14,9,6992,387.16,3,56.39,9,7048,310.36,3,53.88,9,7059,368.52,3,249.62,8,7170,311.36,3,174.58,9,7181,450.32,3,204.86,8,7210,327.03,3,133.4,9,7221,433.5,3,120.98,8,
4267,6972,585.25,3,287.66,9,6992,392.84,3,66.94,9,7048,296.02,3,70.04,9,7059,359.06,3,248.54,8,7170,303.79,3,191.31,9,7181,474.24,3,233.79,8,7210,324.49,3,140.9,9,7221,413.95,3,101.22,8,
4268,6972,578.26,3,279.37,9,6992,398.33,3,73.79,9,7048,280.15,3,88.16,9,7059,353.68,3,248.11,8,7170,296.82,3,209.64,9,7210,320.97,3,150.67,9,7221,394.85,3,81.6,8,
4269,6972,569.17,3,268.52,9,6992,401.83,3,75.77,9,7048,264.51,3,106.37,9,7170,291.58,3,230.94,9,7210,316.73,3,161.62,9,7221,375.9,3,61.77,8,
4270,6972,558.23,3,255.35,9,6992,403.86,3,76.55,9,7048,249.73,3,123.96,9,7170,289.53,3,254.17,9,7210,311.46,3,174.37,9,7221,358.96,3,44.05,8,
4271,6972,546.34,3,240.9,9,6992,405.71,3,77.19,9,7048,234.64,3,142.42,9,7170,290.28,3,279.1,9,7210,304.72,3,189.15,9,7221,346.33,3,30.93,8,
4272,6972,533.35,3,224.95,9,6992,407.24,3,77.75,9,7048,220.72,3,160.04,9,7210,297.79,3,206.56,9,7221,337.93,3,22.39,8,
4273,6992,409.46,3,78.6,9,7048,206.8,3,178.56,9,7210,292.44,3,226.82,9,7221,333.75,3,18.28,8,
4274,6992,411.04,3,79.26,9,7048,194.22,3,196.32,9,7210,289.7,3,249.68,9,7221,329.69,3,15.06,8,
4275,6992,413.58,3,80.38,9,7048,182.17,3,214.6,9,7210,289.92,3,274.92,9,7221,330.66,3,18.06,8,
4276,6992,415.69,3,81.36,9,7048,171.06,3,233.19,9,7221,333.93,3,24.79,8,
4277,6992,417.63,3,82.31,9,7048,161.48,3,251.46,9,7221,338.54,3,34.37,8,
4278,6992,419.57,3,83.3,9,7048,153.66,3,269.27,9,7221,344.67,3,46.75,8,
4279,6992,422.04,3,84.62,9,7048,147.39,3,287.8,9,7221,352.5,3,61.82,8,
4280,6992,423.88,3,85.64,9,7221,361.61,3,78.41,8,
4281,6992,425.42,3,86.52,9,7221,372.67,3,97.45,8,
4282,6992,427.2,3,87.57,9,7221,385.39,3,117.74,8,
4283,6992,429.74,3,89.11,9,7221,400.85,3,140.01,8,
4284,6992,432.24,3,90.68,9,7221,419.43,3,164.53,8,
4285,6992,433.89,3,91.74,9,7206,329.33,3,242.58,8,7221,440.32,3,190.21,8,
4286,6992,436.08,3,93.19,9,7206,319.54,3,215.83,8,7221,461.19,3,215.76,8,
4287,6992,437.95,3,94.45,9,7206,311.73,3,189.12,8,7221,482.48,3,241.44,8,
4288,6992,439.49,3,95.5,9,7206,305.99,3,161.9,8,
4289,6992,441.37,3,96.82,9,7206,302.69,3,135.67,8,
4290,6992,442.99,3,97.97,9,7206,301.63,3,109.15,8,7270,297.72,3,18.65,8,
4291,6992,444.94,3,99.38,9,7206,302.88,3,83.07,8,7214,532.51,3,247.66,8,7270,297.07,3,19.91,8,
4292,6992,447.05,3,100.92,9,7206,306.35,3,57.08,8,7214,532.94,3,245.52,8,7270,295.63,3,23.19,8,
4293,6992,449.16,3,102.49,9,7206,314.31,3,31.58,8,7214,533.95,3,244.05,8,7270,293.77,3,28.23,8,
4294,6992,451.38,3,104.17,9,7206,323.24,3,10.38,8,7214,539.04,3,247.64,8,7270,291.51,3,35.43,8,
4295,6992,453.79,3,106.02,9,7206,333.94,3,24.81,8,7270,289.13,3,44.3,8,7276,549.13,3,298.2,9,
4296,6992,455.78,3,107.57,9,7206,346.69,3,50.72,8,7270,286.61,3,55.55,8,7276,547.93,3,296.69,9,
4297,6992,457.36,3,108.81,9,7206,360.69,3,76.78,8,7270,284.21,3,69.29,8,7276,545.49,3,293.62,9,
4298,6992,459.87,3,110.81,9,7206,376.27,3,103.43,8,7270,282.3,3,85.32,8,7276,541.44,3,288.51,9,
4299,6992,461.97,3,112.5,9,7206,393.81,3,130.12,8,7267,337.15,3,249.78,8,7270,281.08,3,104.03,8,7276,536.28,3,281.97,9,7282,387.95,3,62.86,9,
4300,6992,463.86,3,114.04,9,7206,413.56,3,157.2,8,7267,329.57,3,230.39,8,7270,281.16,3,124.75,8,7276,529.81,3,273.72,9,7282,386.6,3,60.38,9,7283,298.87,3,157.09,8,
4301,6992,466.1,3,115.88,9,7206,434.62,3,183.26,8,7267,323.09,3,210.5,8,7270,283.05,3,147.73,8,7276,521.58,3,263.12,9,7282,384.12,3,55.75,9,7283,300.13,3,155.69,8,
4302,6992,468.74,3,118.08,9,7206,456.05,3,209.49,8,7267,317.86,3,191.18,8,7270,287.08,3,172.16,8,7276,511.69,3,250.24,9,7282,380.64,3,49.13,9,7283,302.61,3,153.02,8,
4303,6992,471.34,3,120.25,9,7206,478.23,3,236.35,8,7267,313.63,3,171.25,8,7270,293.31,3,197.28,8,7276,499.99,3,234.77,9,7282,376.18,3,40.41,9,7283,306.32,3,149.18,8,7288,359.43,3,104.2,8,
4304,6992,473.18,3,121.81,9,7267,310.6,3,151.02,8,7270,301.25,3,221.68,8,7276,487.37,3,217.73,9,7282,371.17,3,30.24,9,7283,311.17,3,144.46,8,7288,360.93,3,102.29,8,
4305,6992,475.24,3,123.57,9,7267,308.89,3,131.13,8,7270,310.87,3,245.98,8,7276,473.63,3,198.78,9,7282,365.42,3,18.02,9,7283,317.26,3,139.0,8,7288,360.96,3,98.0,8,
4306,6992,477.89,3,125.85,9,7267,308.46,3,111.43,8,7276,458.55,3,177.35,9,7282,359.28,3,4.08,9,7283,324.89,3,132.92,8,7288,357.33,3,91.9,8,
4307,6992,480.6,3,128.2,9,7251,467.82,3,234.15,8,7267,309.28,3,92.2,8,7276,443.05,3,154.51,9,7282,353.21,3,11.76,9,7283,333.7,3,126.94,8,7288,352.99,3,84.49,8,
4308,6992,482.57,3,129.92,9,7251,448.47,3,208.38,8,7267,311.31,3,72.93,8,7276,427.39,3,130.36,9,7282,347.29,3,29.28,9,7283,343.25,3,121.73,8,7288,347.36,3,74.59,8,
4309,6992,484.31,3,131.4,9,7251,426.33,3,183.1,8,7267,313.95,3,54.34,8,7276,411.0,3,103.63,9,7282,341.61,3,48.99,9,7283,351.82,3,118.22,8,7288,340.74,3,62.49,8,
4310,6992,486.72,3,133.47,9,7251,404.6,3,157.94,8,7267,317.03,3,39.03,8,7276,394.65,3,75.04,9,7282,336.91,3,70.04,9,7283,357.53,3,116.5,8,7288,333.67,3,48.89,8,
4311,6992,488.52,3,135.03,9,7251,383.94,3,131.74,8,7267,319.69,3,28.44,8,7276,379.59,3,47.1,9,7282,333.75,3,89.55,9,7283,361.28,3,115.64,8,7288,326.2,3,33.62,8,
4312,6992,490.92,3,137.12,9,7048,157.28,3,298.7,9,7251,365.98,3,106.22,8,7267,321.49,3,22.43,8,7276,365.86,3,18.98,9,7282,332.03,3,105.18,9,7283,361.64,3,115.57,8,7288,320.95,3,22.19,8,
4313,6992,493.54,3,139.42,9,7048,157.82,3,297.39,9,7251,351.35,3,81.63,8,7267,322.79,3,15.03,8,7276,354.1,3,9.3,9,7282,331.05,3,116.52,9,7283,363.81,3,115.38,8,7288,317.92,3,15.31,8,
4314,6992,495.52,3,141.18,9,7048,158.72,3,295.23,9,7251,340.24,3,61.55,8,7267,323.57,3,8.46,8,7276,344.66,3,37.96,9,7282,329.51,3,123.43,9,7283,367.83,3,115.22,8,7288,318.61,3,11.16,8,
4315,6992,497.14,3,142.62,9,7048,159.67,3,293.01,9,7251,331.46,3,44.48,8,7267,326.97,3,14.72,8,7276,338.5,3,62.16,9,7282,328.67,3,127.44,9,7283,374.23,3,116.52,8,7288,322.52,3,12.49,8,
4316,6992,499.36,3,144.6,9,7048,160.48,3,291.19,9,7251,325.03,3,31.12,8,7267,330.32,3,27.64,8,7276,334.87,3,81.87,9,7282,327.06,3,133.27,9,7283,382.5,3,121.7,8,7288,325.17,3,16.26,8,
4317,6992,501.13,3,146.19,9,7048,161.43,3,289.07,9,7217,295.55,3,297.09,9,7251,318.23,3,16.02,8,7267,338.0,3,43.59,8,7276,332.62,3,98.99,9,7282,324.3,3,141.45,9,7283,390.74,3,132.28,8,7288,327.57,3,21.64,8,
4318,6992,502.78,3,147.68,9,7048,162.19,3,287.42,9,7217,292.89,3,272.17,9,7251,311.71,3,3.87,8,7267,347.06,3,61.11,8,7276,331.47,3,112.45,9,7282,320.47,3,151.99,9,7283,399.48,3,144.34,8,7288,330.74,3,28.55,8,
4319,6992,504.32,3,149.07,9,7048,163.12,3,285.45,9,7217,293.01,3,247.82,9,7251,305.73,3,20.87,8,7267,358.09,3,80.96,8,7276,329.79,3,122.09,9,7282,315.72,3,164.25,9,7283,410.44,3,158.79,8,7288,335.27,3,38.06,8,
4320,6992,506.79,3,151.32,9,7048,163.97,3,283.67,9,7217,296.49,3,223.71,9,7251,300.66,3,40.94,8,7267,367.24,3,96.51,8,7276,328.7,3,127.26,9,7282,309.89,3,177.68,9,7283,426.24,3,175.56,8,7288,343.8,3,49.93,8,
4321,6992,508.71,3,153.08,9,7048,164.68,3,282.24,9,7217,302.93,3,202.05,9,7251,294.95,3,62.83,8,7267,374.09,3,107.7,8,7276,326.66,3,134.5,9,7282,303.4,3,192.26,9,7283,441.36,3,193.9,8,7288,350.59,3,62.9,8,
4322,6992,510.94,3,155.13,9,7048,165.61,3,280.39,9,7217,310.26,3,184.49,9,7251,292.16,3,86.5,8,7267,375.74,3,113.48,8,7276,323.49,3,143.67,9,7282,297.06,3,208.79,9,7283,457.74,3,213.91,8,7288,359.13,3,78.38,8,
4323,6992,513.04,3,157.06,9,7048,166.32,3,278.99,9,7122,293.37,3,278.39,9,7217,316.36,3,171.2,9,7251,291.3,3,111.76,8,7267,371.86,3,116.63,8,7276,319.7,3,154.04,9,7282,292.31,3,227.38,9,7283,475.9,3,235.78,8,7288,369.65,3,96.42,8,
4324,6992,515.69,3,159.51,9,7048,167.44,3,276.79,9,7122,292.78,3,253.3,9,7217,320.09,3,161.73,9,7251,292.73,3,138.18,8,7267,365.28,3,118.33,8,7276,314.83,3,166.52,9,7282,289.75,3,248.61,9,7288,382.63,3,117.09,8,
4325,6992,518.05,3,161.71,9,7048,168.31,3,275.14,9,7122,295.52,3,227.88,9,7217,322.17,3,156.44,9,7251,296.39,3,163.87,8,7267,358.99,3,119.82,8,7270,325.83,3,241.07,8,7276,308.75,3,180.12,9,7282,289.71,3,272.07,9,7288,398.6,3,140.0,8,
4326,6992,520.22,3,163.73,9,7048,168.96,3,273.92,9,7122,301.1,3,206.93,9,7217,324.85,3,149.37,9,7251,302.44,3,190.46,8,7267,351.11,3,122.35,8,7270,316.69,3,216.29,8,7276,302.0,3,195.64,9,7282,292.28,3,295.99,9,7288,417.3,3,164.56,8,
4327,6992,521.81,3,165.22,9,7048,169.8,3,272.35,9,7122,308.24,3,189.08,9,7217,327.96,3,140.44,9,7251,310.49,3,216.57,8,7267,342.3,3,126.29,8,7270,308.93,3,190.15,8,7276,295.68,3,213.74,9,7288,438.78,3,190.79,8,
4328,6992,524.35,3,167.61,9,7048,170.76,3,270.59,9,7122,314.62,3,175.12,9,7217,331.43,3,129.51,9,7251,320.74,3,243.32,8,7267,333.54,3,131.33,8,7270,302.82,3,161.71,8,7276,291.08,3,233.77,9,7288,460.54,3,217.31,8,7321,329.46,3,171.07,9,
4329,6992,526.59,3,169.72,9,7048,171.42,3,269.41,9,7122,318.92,3,164.78,9,7217,334.47,3,115.78,9,7267,325.3,3,137.11,8,7270,299.21,3,131.87,8,7276,289.5,3,255.55,9,7288,483.68,3,245.04,8,7321,331.58,3,171.05,9,
4330,6992,528.99,3,171.99,9,7048,172.37,3,267.72,9,7122,321.64,3,157.77,9,7217,335.75,3,99.55,9,7267,316.98,3,143.94,8,7270,298.6,3,100.7,8,7276,290.31,3,279.43,9,7321,335.42,3,171.07,9,
4331,6992,530.78,3,173.68,9,7048,173.29,3,266.09,9,7122,325.21,3,148.32,9,7217,338.17,3,80.93,9,7234,594.39,3,298.31,9,7267,309.28,3,151.16,8,7270,301.14,3,70.12,8,7321,340.81,3,171.23,9,
4332,6992,532.39,3,175.21,9,7048,174.0,3,264.85,9,7122,329.28,3,136.53,9,7217,341.93,3,60.73,9,7234,584.83,3,287.17,9,7267,301.57,3,159.23,8,7270,305.72,3,38.69,8,7321,348.6,3,171.79,9,
4333,6992,533.9,3,176.65,9,7048,175.17,3,262.83,9,7122,332.8,3,123.19,9,7217,346.84,3,41.11,9,7234,573.97,3,274.25,9,7267,294.48,3,167.23,8,7270,315.95,3,7.84,8,7321,358.32,3,172.97,9,
4334,6992,536.56,3,179.19,9,7048,176.03,3,261.38,9,7122,334.98,3,108.1,9,7217,351.44,3,25.84,9,7234,561.2,3,258.93,9,7267,287.23,3,175.6,8,7270,328.88,3,24.53,8,7321,370.13,3,175.13,9,
4335,6992,538.35,3,180.9,9,7048,177.32,3,259.23,9,7122,336.76,3,90.79,9,7217,355.36,3,14.22,9,7234,547.15,3,241.9,9,7267,279.99,3,184.79,8,7270,343.83,3,55.0,8,7321,383.51,3,178.51,9,
4336,6992,540.53,3,183.0,9,7048,178.55,3,257.2,9,7122,339.66,3,72.17,9,7217,357.88,3,7.16,9,7234,531.61,3,222.81,9,7267,273.19,3,194.29,8,7270,360.9,3,85.81,8,7321,398.01,3,183.2,9,
4337,6992,542.91,3,185.28,9,7048,179.85,3,255.06,9,7122,344.14,3,51.21,9,7217,357.98,3,0.74,9,7234,514.3,3,202.29,9,7267,267.08,3,203.62,8,7270,379.9,3,116.56,8,7321,411.99,3,188.68,9,
4338,6992,545.52,3,187.8,9,7048,180.93,3,253.34,9,7122,348.99,3,33.7,9,7217,352.79,3,7.24,9,7234,494.58,3,180.73,9,7267,261.05,3,213.79,8,7270,402.39,3,148.32,8,7321,425.76,3,194.91,9,
4339,6992,548.15,3,190.34,9,7048,182.13,3,251.43,9,7122,353.2,3,20.46,9,7217,344.59,3,16.09,9,7234,471.64,3,159.13,9,7267,255.72,3,223.73,8,7270,427.02,3,179.08,8,7321,437.53,3,200.84,9,
4340,6992,550.47,3,192.58,9,7048,183.42,3,249.41,9,7122,356.39,3,11.32,9,7217,334.25,3,27.41,9,7234,445.78,3,140.18,9,7267,250.93,3,233.69,8,7270,452.22,3,209.6,8,7321,446.06,3,205.45,9,
4341,6992,552.65,3,194.7,9,7048,184.51,3,247.72,9,7122,358.26,3,5.56,9,7217,322.14,3,40.77,9,7234,419.16,3,127.41,9,7267,246.49,3,244.12,8,7270,477.86,3,240.33,8,7321,450.12,3,207.74,9,
4342,6992,554.71,3,196.7,9,7048,185.75,3,245.82,9,7122,357.35,3,1.51,9,7217,308.4,3,56.08,9,7234,392.17,3,121.98,9,7272,328.04,3,239.32,8,7321,451.57,3,207.14,9,
4343,5436,293.01,3,273.97,9,6992,557.43,3,199.34,9,7048,186.61,3,244.51,9,7122,351.78,3,8.32,9,7217,293.15,3,73.29,9,7234,366.63,3,125.17,9,7272,319.34,3,215.25,8,7321,448.67,3,204.41,9,
4344,5436,293.07,3,246.78,9,6992,559.12,3,201.0,9,7048,187.76,3,242.78,9,7122,344.11,3,16.62,9,7217,276.44,3,92.44,9,7234,339.42,3,132.15,9,7272,311.77,3,189.25,8,7321,443.89,3,201.72,9,
4345,5436,297.15,3,220.97,9,6992,561.15,3,202.98,9,7048,189.01,3,240.91,9,7122,334.69,3,26.92,9,7217,259.23,3,112.61,9,7234,313.66,3,145.49,9,7272,306.23,3,163.26,8,7321,436.76,3,197.85,9,7344,444.91,3,202.28,9,
4346,5436,303.67,3,200.13,9,6992,563.5,3,205.27,9,7048,190.29,3,239.02,9,7122,323.22,3,39.57,9,7217,242.61,3,132.61,9,7234,288.49,3,164.19,9,7272,302.82,3,137.29,8,7321,427.74,3,193.2,9,7344,443.56,3,201.53,9,
4347,5436,310.49,3,184.0,9,6992,566.11,3,207.83,9,7048,191.81,3,236.81,9,7122,310.56,3,53.66,9,7217,226.83,3,152.23,9,7234,263.02,3,183.98,9,7272,301.63,3,111.11,8,7321,417.24,3,188.22,9,7344,439.79,3,199.46,9,
4348,5436,316.13,3,171.75,9,6992,567.62,3,209.31,9,7048,192.78,3,235.4,9,7122,295.73,3,70.36,9,7217,211.16,3,172.63,9,7234,236.13,3,202.18,9,7272,302.66,3,85.62,8,7321,405.44,3,183.16,9,7344,434.5,3,196.65,9,7352,407.76,3,77.94,9,
4349,5436,319.78,3,162.57,9,6992,569.8,3,211.45,9,7048,193.7,3,234.09,9,7122,279.88,3,88.47,9,7217,196.78,3,192.6,9,7234,208.77,3,218.26,9,7272,305.86,3,59.94,8,7321,391.45,3,178.01,9,7344,426.76,3,192.72,9,7352,409.98,3,78.82,9,
4350,5436,321.88,3,157.14,9,6992,572.49,3,214.09,9,7048,194.93,3,232.32,9,7122,262.81,3,108.37,9,7217,183.48,3,212.54,9,7234,179.74,3,232.61,9,7272,313.19,3,35.23,8,7321,377.04,3,173.74,9,7344,416.58,3,187.92,9,7352,411.49,3,79.45,9,
4351,5436,324.68,3,149.82,9,6992,574.28,3,215.86,9,7048,195.92,3,230.93,9,7122,246.02,3,128.45,9,7217,171.46,3,232.46,9,7234,151.09,3,247.52,9,7272,321.47,3,12.82,8,7321,362.68,3,170.58,9,7344,404.64,3,182.85,9,7352,413.4,3,80.3,9,
4352,5436,327.83,3,140.83,9,6992,576.8,3,218.34,9,7048,197.06,3,229.32,9,7122,229.93,3,148.31,9,7217,161.11,3,252.22,9,7234,122.66,3,265.29,9,7272,331.33,3,19.41,8,7321,348.81,3,168.65,9,7344,390.62,3,177.74,9,7352,415.29,3,81.17,9,
4353,5436,331.41,3,129.59,9,6992,579.32,3,220.82,9,7048,198.4,3,227.45,9,7122,214.12,3,168.67,9,7217,152.47,3,272.38,9,7234,93.84,3,286.34,9,7272,342.98,3,43.38,8,7321,336.56,3,167.9,9,7344,375.94,3,173.44,9,7352,417.51,3,82.25,9,
4354,5436,334.4,3,116.08,9,6992,581.47,3,222.95,9,7048,199.26,3,226.27,9,7122,198.85,3,189.65,9,7217,146.27,3,291.96,9,7272,356.07,3,68.44,8,7321,328.18,3,167.89,9,7344,361.91,3,170.44,9,7352,419.1,3,83.06,9,
4355,5436,335.61,3,100.9,9,6992,583.66,3,225.11,9,7048,200.3,3,224.85,9,7122,185.25,3,209.78,9,7272,370.49,3,93.78,8,7321,317.89,3,169.3,9,7344,348.61,3,168.63,9,7352,421.08,3,84.1,9,
4356,5436,337.71,3,83.99,9,6992,586.12,3,227.55,9,7048,201.87,3,222.7,9,7122,172.84,3,230.05,9,7272,386.48,3,119.39,8,7321,310.19,3,177.04,9,7344,336.96,3,167.91,9,7352,423.3,3,85.32,9,7363,519.07,3,226.58,8,
4357,5436,340.98,3,65.28,9,6992,588.26,3,229.66,9,7048,203.13,3,221.0,9,7122,162.13,3,250.11,9,7272,404.34,3,144.85,8,7321,304.65,3,189.29,9,7344,328.51,3,167.89,9,7352,425.85,3,86.78,9,7363,516.51,3,224.23,8,
4358,5436,345.93,3,44.37,9,6992,590.47,3,231.85,9,7048,204.09,3,219.71,9,7122,153.13,3,270.65,9,7272,424.23,3,170.49,8,7321,298.9,3,203.57,9,7344,318.66,3,169.02,9,7352,428.22,3,88.18,9,7363,512.11,3,220.2,8,
4359,5436,353.0,3,21.06,9,6992,592.82,3,234.19,9,7048,205.56,3,217.76,9,7122,146.34,3,291.7,9,7234,81.25,3,236.01,8,7272,445.39,3,196.34,8,7321,294.16,3,219.57,9,7344,310.35,3,176.7,9,7352,429.79,3,89.14,9,7363,506.17,3,214.78,8,
4360,5436,362.55,3,5.23,9,6992,595.32,3,236.67,9,7048,206.47,3,216.55,9,7097,293.17,3,275.98,9,7234,108.97,3,210.83,8,7272,466.33,3,222.01,8,7321,290.61,3,237.3,9,7344,304.47,3,189.71,9,7352,431.79,3,90.39,9,7363,497.96,3,207.3,8,
4361,5436,374.73,3,31.85,9,6992,597.48,3,238.82,9,7048,207.85,3,214.73,9,7097,292.91,3,250.12,9,7234,137.68,3,185.7,8,7272,487.42,3,247.33,8,7321,289.47,3,257.3,9,7344,298.6,3,204.4,9,7352,434.23,3,91.97,9,7363,487.38,3,197.74,8,
4362,5436,388.91,3,59.68,9,6992,599.27,3,240.6,9,7048,208.77,3,213.53,9,7097,296.46,3,223.82,9,7234,165.64,3,162.48,8,7321,290.34,3,279.75,9,7344,293.81,3,220.95,9,7352,436.3,3,93.34,9,7363,474.46,3,186.21,8,7372,556.51,3,245.4,8,
4363,5436,403.75,3,86.62,9,6992,601.19,3,242.51,9,7048,210.19,3,211.68,9,7097,302.78,3,202.46,9,7234,194.56,3,140.45,8,7344,290.39,3,239.31,9,7352,438.07,3,94.53,9,7363,459.48,3,173.09,8,7372,557.9,3,246.8,8,
4364,5436,420.06,3,114.53,9,6992,603.5,3,244.81,9,7048,211.35,3,210.18,9,7097,309.94,3,185.21,9,7234,223.33,3,121.64,8,7344,289.44,3,259.76,9,7352,440.03,3,95.88,9,7363,442.59,3,158.7,8,
4365,5436,437.04,3,141.69,9,6992,605.3,3,246.61,9,7048,212.61,3,208.55,9,7097,315.92,3,172.25,9,7234,251.57,3,107.79,8,7344,290.56,3,281.97,9,7352,441.64,3,97.01,9,7363,423.75,3,143.42,8,
4366,5436,455.29,3,169.25,9,6992,607.95,3,249.26,9,7048,214.11,3,206.65,9,7097,319.55,3,163.13,9,7234,280.75,3,99.0,8,7352,443.39,3,98.25,9,7363,402.48,3,127.35,8,
4367,5436,474.02,3,196.22,9,6992,609.94,3,251.24,9,7048,215.8,3,204.51,9,7097,321.58,3,157.92,9,7234,309.76,3,98.09,8,7352,445.44,3,99.73,9,7363,379.38,3,111.92,8,
4368,5436,493.96,3,223.8,9,6992,611.45,3,252.76,9,7048,217.06,3,202.92,9,7097,324.64,3,151.32,9,7234,337.75,3,102.42,8,7352,447.13,3,100.98,9,7363,355.18,3,98.54,8,
4369,5436,515.05,3,251.97,9,6992,613.33,3,254.63,9,7048,218.69,3,200.89,9,7097,329.95,3,143.48,9,7234,366.25,3,113.04,8,7343,535.48,3,280.96,9,7352,448.86,3,102.27,9,7363,330.84,3,89.71,8,7381,333.18,3,101.37,8,
4370,5436,535.99,3,279.11,9,6992,614.96,3,256.26,9,7048,220.29,3,198.9,9,7097,338.41,3,135.96,9,7234,394.96,3,129.24,8,7343,518.55,3,259.2,9,7352,450.34,3,103.38,9,7363,306.71,3,85.71,8,7381,334.59,3,101.67,8,
4371,6992,617.31,3,258.62,9,7048,221.64,3,197.24,9,7097,350.74,3,132.11,9,7234,423.34,3,148.62,8,7343,501.6,3,236.9,9,7352,452.33,3,104.89,9,7363,281.96,3,88.43,8,7381,338.24,3,102.54,8,
4372,6992,619.62,3,260.92,9,7048,222.86,3,195.75,9,7097,365.04,3,129.09,9,7234,452.26,3,171.04,8,7343,485.5,3,215.19,9,7352,453.85,3,106.07,9,7363,257.64,3,96.64,8,7381,343.86,3,104.12,8,
4373,6992,621.25,3,262.56,9,7048,224.36,3,193.92,9,7097,380.41,3,125.92,9,7234,476.78,3,191.68,8,7343,470.01,3,193.71,9,7352,456.34,3,108.0,9,7363,232.91,3,109.49,8,7381,351.58,3,106.75,8,
4374,6992,623.99,3,265.31,9,7048,225.35,3,192.71,9,7097,397.83,3,125.53,9,7234,496.85,3,209.3,8,7343,455.28,3,172.6,9,7352,458.76,3,109.92,9,7363,208.51,3,125.28,8,7381,361.27,3,110.73,8,
4375,6992,626.28,3,267.61,9,7048,226.93,3,190.8,9,7097,417.86,3,129.71,9,7234,512.44,3,223.26,8,7343,440.64,3,150.86,9,7352,461.38,3,112.02,9,7363,183.48,3,144.18,8,7381,372.97,3,116.43,8,
4376,6992,628.55,3,269.89,9,7048,228.67,3,188.73,9,7097,439.99,3,138.56,9,7234,523.73,3,233.51,8,7343,426.96,3,129.69,9,7352,463.41,3,113.67,9,7363,159.21,3,164.12,8,7381,386.3,3,123.98,8,
4377,6895,295.1,3,293.64,9,6992,630.7,3,272.05,9,7048,230.05,3,187.1,9,7097,463.58,3,155.05,9,7234,530.06,3,238.19,8,7343,413.41,3,107.66,9,7352,465.79,3,115.62,9,7363,134.6,3,185.45,8,7381,402.06,3,133.77,8,
4378,6895,292.63,3,261.44,9,6992,633.32,3,274.68,9,7048,231.12,3,185.83,9,7097,483.12,3,171.6,9,7234,534.35,3,239.58,8,7343,401.1,3,86.51,9,7352,467.33,3,116.9,9,7363,110.46,3,207.27,8,7381,420.18,3,146.31,8,
4379,6895,294.55,3,232.67,9,6992,635.39,3,276.77,9,7048,232.28,3,184.45,9,7097,498.02,3,185.88,9,7234,535.54,3,238.11,8,7343,389.13,3,65.02,9,7352,469.48,3,118.69,9,7363,86.81,3,229.39,8,7381,440.3,3,161.51,8,
4380,6895,300.39,3,208.95,9,6992,637.71,3,279.1,9,7048,233.23,3,183.34,9,7097,508.27,3,197.33,9,7234,536.76,3,236.26,8,7343,377.68,3,43.39,9,7352,472.01,3,120.83,9,7381,462.05,3,179.09,8,
4381,6895,307.83,3,190.01,9,6992,640.39,3,281.79,9,7048,234.27,3,182.12,9,7097,514.43,3,204.4,9,7234,538.44,3,234.75,8,7343,366.96,3,21.34,9,7352,473.85,3,122.39,9,7381,484.3,3,198.23,8,7396,532.17,3,225.53,9,
4382,6895,314.46,3,175.48,9,6992,642.77,3,284.2,9,7048,235.25,3,180.99,9,7097,517.75,3,207.75,9,7234,540.57,3,233.85,8,7343,357.55,3,1.16,9,7352,475.98,3,124.21,9,7381,503.33,3,215.07,8,7396,533.84,3,227.59,9,
4383,6895,318.9,3,164.83,9,6992,644.64,3,286.08,9,7048,237.04,3,178.9,9,7097,518.28,3,207.05,9,7234,543.17,3,233.75,8,7343,349.43,3,22.69,9,7352,478.05,3,125.98,9,7381,517.87,3,228.19,8,7396,537.42,3,231.99,9,
4384,6895,321.46,3,158.23,9,6992,646.17,3,287.63,9,7048,238.02,3,177.77,9,7097,515.42,3,203.58,9,7343,343.0,3,43.81,9,7352,480.09,3,127.75,9,7381,527.66,3,236.72,8,7396,542.37,3,238.03,9,
4385,6895,324.55,3,150.17,9,6992,648.78,3,290.26,9,7048,239.01,3,176.63,9,7097,510.15,3,197.52,9,7343,337.91,3,65.02,9,7352,482.15,3,129.55,9,7381,531.47,3,238.97,8,7396,548.49,3,245.49,9,
4386,6895,328.04,3,140.19,9,6992,651.02,3,292.51,9,7048,240.37,3,175.08,9,7097,503.08,3,189.35,9,7343,334.26,3,85.87,9,7352,484.61,3,131.66,9,7363,91.76,3,293.06,9,7372,547.65,3,236.05,8,7381,534.56,3,239.52,8,7396,555.97,3,254.53,9,
4387,6895,331.77,3,128.15,9,6992,653.15,3,294.67,9,7048,241.33,3,173.99,9,7097,493.59,3,179.76,9,7122,157.31,3,298.64,9,7343,332.29,3,102.34,9,7352,486.08,3,132.92,9,7363,116.16,3,274.77,9,7372,528.52,3,216.8,8,7381,535.74,3,237.75,8,7396,565.2,3,265.63,9,
4388,6895,334.59,3,113.71,9,6992,655.14,3,296.67,9,7048,242.55,3,172.62,9,7097,482.12,3,168.71,9,7122,157.95,3,297.08,9,7343,331.29,3,115.49,9,7352,488.34,3,134.87,9,7363,141.23,3,258.15,9,7372,509.16,3,197.3,8,7381,537.2,3,235.79,8,7396,576.32,3,278.89,9,
4389,6895,335.95,3,97.58,9,6992,657.78,3,299.34,9,7048,244.34,3,170.59,9,7122,158.7,3,295.29,9,7343,329.37,3,124.04,9,7352,490.51,3,136.76,9,7363,166.12,3,244.48,9,7372,490.11,3,178.1,8,7381,539.18,3,234.33,8,7396,585.79,3,290.09,9,
4390,6895,338.44,3,79.22,9,7048,245.54,3,169.24,9,7122,159.52,3,293.36,9,7343,326.88,3,133.88,9,7352,492.3,3,138.34,9,7363,190.16,3,232.69,9,7372,470.37,3,158.19,8,7381,541.39,3,233.72,8,7396,593.01,3,298.45,9,
4391,6895,342.3,3,59.03,9,7048,247.08,3,167.53,9,7122,160.45,3,291.23,9,7343,322.97,3,145.12,9,7352,494.34,3,140.14,9,7363,214.04,3,220.94,9,7372,451.37,3,139.03,8,7381,543.04,3,233.73,8,
4392,6895,347.96,3,37.18,9,7048,248.27,3,166.21,9,7122,161.41,3,289.12,9,7343,318.01,3,158.29,9,7352,495.9,3,141.51,9,7363,237.67,3,207.15,9,7372,431.29,3,118.75,8,7381,543.97,3,233.87,8,
4393,6895,355.45,3,13.95,9,7048,250.09,3,164.19,9,7122,162.31,3,287.15,9,7343,311.8,3,173.61,9,7352,497.66,3,143.08,9,7363,260.87,3,192.44,9,7372,411.6,3,98.85,8,7381,543.6,3,232.44,8,
4394,6895,365.49,3,11.88,9,7048,251.13,3,163.05,9,7122,163.15,3,285.39,9,7343,304.19,3,190.39,9,7352,499.69,3,144.9,9,7363,281.27,3,178.37,9,7372,392.01,3,78.63,8,7381,537.13,3,225.47,8,
4395,6895,378.12,3,38.77,9,7048,253.01,3,161.0,9,7122,164.1,3,283.42,9,7343,297.06,3,208.79,9,7352,501.35,3,146.39,9,7363,296.65,3,166.33,9,7372,373.67,3,59.43,8,7381,529.51,3,217.79,8,
4396,6895,393.47,3,68.08,9,7048,254.0,3,159.91,9,7122,164.89,3,281.82,9,7343,291.75,3,230.05,9,7352,502.91,3,147.8,9,7363,308.22,3,157.66,9,7372,358.05,3,43.1,8,7381,519.36,3,207.58,8,
4397,6895,411.34,3,99.88,9,7048,255.75,3,158.03,9,7122,165.58,3,280.43,9,7343,289.61,3,251.98,9,7352,505.44,3,150.09,9,7363,315.32,3,151.16,9,7372,345.56,3,30.14,8,7381,507.9,3,196.02,8,
4398,6895,431.74,3,133.4,9,7048,256.92,3,156.76,9,7122,166.86,3,277.93,9,7343,289.84,3,273.88,9,7352,507.04,3,151.55,9,7363,319.17,3,148.16,9,7372,337.33,3,21.79,8,7381,494.17,3,182.2,8,
4399,6895,453.37,3,166.4,9,7048,258.38,3,155.21,9,7122,167.87,3,275.97,9,7343,292.23,3,295.63,9,7352,509.36,3,153.67,9,7363,321.11,3,149.98,9,7372,332.93,3,17.5,8,7381,478.53,3,166.42,8,
4400,6895,475.77,3,198.68,9,7048,260.02,3,153.46,9,7122,168.68,3,274.46,9,7352,511.97,3,156.07,9,7363,319.76,3,153.89,9,7372,329.61,3,15.25,8,7381,460.47,3,148.2,8,7410,327.93,3,239.05,8,
4401,6895,495.94,3,226.49,9,7048,261.57,3,151.82,9,7122,169.39,3,273.11,9,7352,513.92,3,157.87,9,7363,317.69,3,159.14,9,7372,331.27,3,19.29,8,7381,440.91,3,128.47,8,7410,319.92,3,216.98,8,
4402,6895,513.98,3,250.56,9,7048,263.48,3,149.81,9,7122,170.41,3,271.23,9,7352,516.51,3,160.28,9,7363,314.98,3,166.14,9,7372,334.44,3,25.84,8,7381,419.14,3,106.47,8,7410,312.58,3,192.41,8,
4403,6895,529.24,3,270.43,9,7048,265.09,3,148.13,9,7122,171.74,3,268.84,9,7352,518.75,3,162.36,9,7363,311.43,3,174.41,9,7372,338.65,3,34.58,8,7381,395.88,3,82.68,8,7410,306.75,3,166.2,8,
4404,6895,541.25,3,285.81,9,7048,266.96,3,146.2,9,7122,172.49,3,267.49,9,7352,521.34,3,164.78,9,7363,306.85,3,184.27,9,7372,344.02,3,45.45,8,7381,375.46,3,61.32,8,7410,302.93,3,138.38,8,
4405,6895,550.25,3,297.2,9,7048,268.08,3,145.03,9,7122,173.74,3,265.3,9,7352,523.99,3,167.27,9,7363,301.66,3,196.48,9,7372,350.78,3,58.58,8,7381,358.54,3,43.61,8,7410,301.64,3,108.88,8,
4406,7048,269.33,3,143.75,9,7122,174.88,3,263.33,9,7352,526.12,3,169.27,9,7363,296.67,3,210.17,9,7372,359.07,3,73.89,8,7381,345.94,3,30.53,8,7410,300.11,3,78.73,8,
4407,7048,270.64,3,142.41,9,7122,176.13,3,261.22,9,7352,528.04,3,171.09,9,7363,292.58,3,226.21,9,7372,368.62,3,90.6,8,7381,337.59,3,22.05,8,7410,304.53,3,48.24,8,
4408,7048,272.57,3,140.45,9,7122,177.21,3,259.41,9,7352,530.38,3,173.31,9,7363,290.0,3,244.07,9,7372,379.75,3,109.1,8,7381,333.47,3,18.02,8,7410,312.23,3,17.87,8,
4409,7048,273.71,3,139.3,9,7122,178.72,3,256.91,9,7352,532.12,3,174.96,9,7363,289.43,3,264.42,9,7372,393.28,3,129.36,8,7381,333.32,3,17.87,8,7404,329.39,3,242.72,8,7410,324.08,3,13.79,8,
4410,7048,275.25,3,137.75,9,7122,179.84,3,255.1,9,7352,533.61,3,176.38,9,7363,291.15,3,287.29,9,7372,409.56,3,152.04,8,7381,331.36,3,16.07,8,7404,319.43,3,215.5,8,7410,338.21,3,44.02,8,
4411,7048,276.78,3,136.23,9,7122,180.85,3,253.46,9,7352,535.61,3,178.29,9,7372,429.57,3,177.08,8,7381,329.52,3,15.47,8,7404,311.67,3,188.86,8,7410,354.15,3,74.03,8,
4412,7048,278.55,3,134.47,9,7122,182.07,3,251.53,9,7352,537.89,3,180.47,9,7372,450.07,3,202.13,8,7381,331.86,3,20.49,8,7404,306.06,3,162.29,8,7410,372.29,3,104.79,8,
4413,7048,280.06,3,132.99,9,7122,183.29,3,249.6,9,7352,540.47,3,182.94,9,7372,470.3,3,226.81,8,7381,335.67,3,28.41,8,7404,302.66,3,135.29,8,7410,392.71,3,135.03,8,
4414,7048,281.28,3,131.81,9,7122,184.74,3,247.37,9,7352,542.24,3,184.64,9,7381,340.46,3,38.29,8,7404,301.64,3,108.23,8,7410,415.69,3,165.25,8,
4415,7048,282.93,3,130.2,9,7122,185.64,3,245.98,9,7352,544.06,3,186.39,9,7381,346.68,3,50.7,8,7404,303.04,3,81.35,8,7410,440.9,3,195.8,8,
4416,7048,284.08,3,129.08,9,7122,187.05,3,243.84,9,7352,545.8,3,188.07,9,7381,354.31,3,65.18,8,7404,306.73,3,54.95,8,7410,465.92,3,226.11,8,
4417,7048,285.6,3,127.63,9,7122,188.6,3,241.52,9,7352,548.46,3,190.64,9,7381,363.64,3,82.0,8,7404,315.22,3,28.74,8,
4418,7048,287.26,3,126.05,9,7122,189.56,3,240.1,9,7352,550.5,3,192.61,9,7381,375.06,3,101.43,8,7404,324.64,3,9.78,8,7427,635.43,3,289.99,9,
4419,7048,288.77,3,124.63,9,7122,190.8,3,238.28,9,7352,552.15,3,194.21,9,7381,388.35,3,122.2,8,7404,336.01,3,29.12,8,7427,608.86,3,262.79,9,
4420,7048,290.77,3,122.75,9,7122,192.06,3,236.44,9,7352,554.54,3,196.54,9,7381,404.95,3,145.69,8,7404,349.38,3,55.92,8,7427,582.51,3,235.76,9,
4421,7048,292.07,3,121.55,9,7122,193.31,3,234.65,9,7352,556.15,3,198.1,9,7381,425.06,3,171.52,8,7404,363.86,3,82.39,8,7427,555.99,3,208.37,9,7457,296.12,3,225.26,9,
4422,7048,293.69,3,120.05,9,7122,194.73,3,232.62,9,7352,558.57,3,200.46,9,7381,447.94,3,199.5,8,7404,380.15,3,109.74,8,7427,529.87,3,181.23,9,7457,296.65,3,223.02,9,
4423,7019,294.14,3,286.15,9,7048,295.26,3,118.62,9,7122,196.29,3,230.41,9,7352,560.52,3,202.36,9,7381,471.84,3,228.68,8,7404,398.02,3,136.07,8,7427,504.06,3,154.31,9,7457,297.73,3,218.67,9,
4424,7019,292.69,3,268.51,9,7048,297.04,3,117.01,9,7122,198.01,3,228.0,9,7352,562.32,3,204.12,9,7404,418.65,3,163.57,8,7427,478.75,3,127.78,9,7457,299.27,3,212.88,9,
4425,7019,292.83,3,251.85,9,7048,298.16,3,116.01,9,7122,199.51,3,225.93,9,7352,564.32,3,206.08,9,7404,440.8,3,190.79,8,7427,453.21,3,100.86,9,7457,301.78,3,205.08,9,
4426,7019,294.24,3,234.49,9,7048,300.05,3,114.32,9,7122,201.31,3,223.47,9,7352,566.89,3,208.59,9,7404,462.7,3,217.61,8,7427,428.07,3,74.18,9,7457,305.38,3,195.89,9,
4427,7019,297.72,3,218.72,9,7048,301.51,3,113.04,9,7122,202.9,3,221.31,9,7352,568.56,3,210.23,9,7404,485.63,3,245.19,8,7427,407.28,3,51.97,9,7457,309.89,3,185.33,9,
4428,7019,302.14,3,204.13,9,7048,303.32,3,111.46,9,7122,204.72,3,218.87,9,7352,570.81,3,212.45,9,7427,390.82,3,34.27,9,7457,312.96,3,178.64,9,
4429,7019,306.14,3,194.02,9,7048,305.13,3,109.9,9,7122,205.9,3,217.3,9,7352,572.56,3,214.16,9,7427,378.61,3,21.08,9,7457,314.05,3,175.53,9,
4430,7019,309.14,3,187.0,9,7048,306.22,3,108.98,9,7122,207.69,3,214.93,9,7352,574.91,3,216.48,9,7427,370.6,3,12.41,9,7457,312.32,3,174.17,9,
4431,7019,311.2,3,182.42,9,7048,307.85,3,107.61,9,7122,209.55,3,212.51,9,7352,577.15,3,218.68,9,7427,366.74,3,8.25,9,7443,543.73,3,232.1,8,7457,310.59,3,176.19,9,
4432,7019,313.24,3,178.05,9,7048,309.3,3,106.4,9,7122,210.97,3,210.67,9,7352,579.03,3,220.54,9,7427,360.86,3,2.26,9,7443,523.89,3,212.14,8,7457,308.43,3,180.8,9,
4433,7019,316.87,3,173.34,9,7048,310.81,3,105.15,9,7122,212.09,3,209.22,9,7352,581.27,3,222.75,9,7427,352.77,3,7.27,9,7443,503.86,3,191.95,8,7457,305.46,3,187.42,9,
4434,7019,322.09,3,171.53,9,7048,312.23,3,103.99,9,7122,213.34,3,207.63,9,7352,583.14,3,224.6,9,7427,343.25,3,17.55,9,7443,483.21,3,171.15,8,7457,302.0,3,195.66,9,
4435,6942,293.86,3,283.55,9,7019,327.02,3,171.13,9,7048,314.28,3,102.35,9,7122,215.17,3,205.3,9,7352,585.12,3,226.56,9,7427,332.11,3,29.75,9,7443,462.48,3,150.24,8,7457,297.98,3,206.07,9,
4436,6942,292.7,3,256.11,9,7019,333.91,3,171.05,9,7048,315.65,3,101.27,9,7122,216.75,3,203.32,9,7352,586.86,3,228.28,9,7427,319.75,3,43.42,9,7443,441.75,3,129.31,8,7457,294.42,3,218.55,9,
4437,6942,295.5,3,227.97,9,7019,341.68,3,171.28,9,7048,317.69,3,99.67,9,7122,218.48,3,201.16,9,7352,588.69,3,230.09,9,7427,305.66,3,59.15,9,7443,421.36,3,108.71,8,7457,291.24,3,232.79,9,
4438,6942,301.84,3,204.93,9,6990,292.82,3,270.99,9,7019,349.51,3,171.88,9,7048,319.57,3,98.23,9,7122,219.82,3,199.49,9,7352,590.38,3,231.77,9,7427,290.57,3,76.22,9,7443,400.89,3,87.91,8,7457,289.7,3,249.57,9,
4439,6942,309.28,3,186.7,9,6990,293.32,3,242.83,9,7019,358.11,3,172.95,9,7048,320.97,3,97.18,9,7122,221.02,3,198.0,9,7352,593.04,3,234.41,9,7427,273.64,3,95.7,9,7443,381.17,3,67.29,8,7457,289.48,3,267.88,9,
4440,6942,315.69,3,172.82,9,6990,297.83,3,218.27,9,7019,366.01,3,174.29,9,7048,322.98,3,95.69,9,7122,222.04,3,196.75,9,7190,541.72,3,247.64,8,7352,595.67,3,237.01,9,7427,255.91,3,116.55,9,7443,364.24,3,49.56,8,7457,291.32,3,288.69,9,
4441,6942,319.71,3,162.75,9,6990,304.27,3,198.64,9,7019,374.36,3,176.1,9,7048,324.47,3,94.61,9,7122,223.42,3,195.06,9,7190,535.12,3,242.44,8,7352,597.21,3,238.55,9,7427,238.57,3,137.55,9,7443,351.33,3,36.1,8,
4442,6942,322.02,3,156.81,9,6990,310.7,3,183.52,9,7019,382.5,3,178.22,9,7048,326.1,3,93.45,9,7122,224.5,3,193.75,9,7190,530.78,3,240.97,8,7352,599.51,3,240.83,9,7427,221.32,3,159.26,9,7443,341.32,3,25.8,8,
4443,6942,325.51,3,149.76,9,6990,315.8,3,172.54,9,7019,390.51,3,180.64,9,7048,327.97,3,92.15,9,7122,225.55,3,192.47,9,7190,529.54,3,243.41,8,7352,602.07,3,243.39,9,7427,204.78,3,181.34,9,7443,335.55,3,20.03,8,
4444,6942,331.16,3,142.1,9,6990,319.79,3,162.53,9,7019,398.24,3,183.28,9,7048,329.53,3,91.08,9,7122,227.25,3,190.43,9,7190,528.88,3,247.62,8,7352,603.61,3,244.92,9,7427,189.48,3,203.33,9,7443,330.86,3,15.66,8,7490,292.66,3,57.97,8,
4445,6942,340.47,3,135.23,9,6990,322.07,3,156.68,9,7019,406.68,3,186.5,9,7048,331.27,3,89.92,9,7122,228.55,3,188.87,9,7352,605.31,3,246.62,9,7427,176.11,3,224.47,9,7443,329.93,3,16.46,8,7490,292.42,3,59.41,8,
4446,6942,353.67,3,131.37,9,6990,322.78,3,153.87,9,7019,415.09,3,190.02,9,7048,332.79,3,88.92,9,7122,229.77,3,187.42,9,7352,607.62,3,248.93,9,7427,164.34,3,245.69,9,7443,332.08,3,20.94,8,7490,291.87,3,62.68,8,
4447,6942,368.1,3,128.28,9,6990,320.56,3,152.99,9,7019,422.93,3,193.57,9,7048,334.74,3,87.69,9,7122,231.75,3,185.08,9,7352,609.65,3,250.96,9,7427,154.7,3,266.67,9,7443,335.13,3,27.27,8,7490,291.07,3,67.95,8,
4448,6942,383.8,3,125.53,9,6990,318.77,3,156.36,9,7019,431.2,3,197.59,9,7048,335.85,3,86.99,9,7122,233.11,3,183.47,9,7352,611.22,3,252.52,9,7427,147.37,3,287.88,9,7443,339.33,3,35.96,8,7490,290.12,3,75.15,8,
4449,6942,401.98,3,126.02,9,7019,439.69,3,201.99,9,7048,337.49,3,86.01,9,7122,234.39,3,181.99,9,7352,613.65,3,254.95,9,7443,344.91,3,47.22,8,7490,289.19,3,84.05,8,7497,584.02,3,238.13,9,
4450,6942,423.11,3,131.46,9,7019,447.09,3,206.03,9,7048,339.0,3,85.11,9,7122,235.61,3,180.56,9,7352,616.0,3,257.3,9,7443,351.78,3,60.47,8,7490,288.46,3,94.46,8,7497,586.14,3,240.3,9,
4451,6942,447.03,3,143.27,9,7019,451.94,3,208.93,9,7048,340.33,3,84.34,9,7122,236.76,3,179.23,9,7352,618.29,3,259.6,9,7443,360.1,3,75.73,8,7490,288.09,3,106.79,8,7497,590.72,3,244.99,9,
4452,6942,474.0,3,162.94,9,7019,455.72,3,212.34,9,7048,341.52,3,83.67,9,7122,238.44,3,177.29,9,7352,619.82,3,261.13,9,7443,370.07,3,93.08,8,7490,291.52,3,120.73,8,7497,596.87,3,251.3,9,
4453,6942,500.83,3,188.77,9,7019,458.1,3,216.25,9,7048,343.54,3,82.58,9,7122,239.54,3,176.03,9,7352,621.31,3,262.63,9,7418,328.91,3,241.53,8,7443,382.08,3,112.71,8,7465,555.19,3,242.12,8,7490,292.63,3,137.13,8,7497,605.06,3,259.68,9,
4454,6942,525.71,3,217.58,9,7019,460.54,3,221.86,9,7048,344.7,3,81.97,9,7122,241.55,3,173.74,9,7352,622.99,3,264.31,9,7418,319.42,3,215.5,8,7443,396.31,3,133.65,8,7465,542.95,3,230.6,8,7490,294.91,3,155.2,8,7497,614.85,3,269.7,9,
4455,6942,548.78,3,245.84,9,7019,464.06,3,229.4,9,7048,346.61,3,81.01,9,7122,243.22,3,171.85,9,7352,624.95,3,266.28,9,7418,311.67,3,188.87,8,7443,413.58,3,157.23,8,7465,530.46,3,218.99,8,7490,298.64,3,174.98,8,7497,627.03,3,282.15,9,
4456,6942,572.71,3,274.6,9,7019,470.33,3,237.76,9,7048,348.38,3,80.15,9,7122,244.33,3,170.6,9,7352,627.52,3,268.86,9,7418,305.84,3,161.0,8,7443,433.65,3,182.08,8,7465,517.51,3,207.17,8,7490,304.22,3,196.85,8,7497,634.81,3,290.1,9,7507,394.04,3,118.97,8,
4457,7019,477.18,3,245.84,9,7048,350.28,3,79.27,9,7122,245.64,3,169.14,9,7352,629.81,3,271.15,9,7418,302.58,3,134.32,8,7443,454.95,3,208.14,8,7465,505.01,3,196.02,8,7490,311.75,3,220.17,8,7497,638.78,3,293.97,9,7507,396.15,3,119.74,8,
4458,7019,485.24,3,252.95,9,7048,351.9,3,78.56,9,7122,247.75,3,166.78,9,7352,631.91,3,273.27,9,7418,301.65,3,107.3,8,7443,476.4,3,234.16,8,7465,492.45,3,185.12,8,7490,321.52,3,245.19,8,7497,637.72,3,292.32,9,7507,400.02,3,121.27,8,
4459,7019,493.65,3,258.15,9,7048,353.49,3,77.91,9,7122,249.31,3,165.06,9,7352,634.4,3,275.77,9,7418,303.11,3,80.66,8,7465,480.48,3,175.07,8,7497,632.35,3,286.84,9,7507,405.3,3,123.57,8,
4460,7019,502.38,3,263.71,9,7048,355.29,3,77.2,9,7122,251.31,3,162.86,9,7352,636.83,3,278.21,9,7418,307.08,3,53.06,8,7465,467.57,3,164.71,8,7497,624.48,3,278.78,9,7507,412.38,3,127.03,8,
4461,7019,510.76,3,269.21,9,7048,357.01,3,76.56,9,7122,253.3,3,160.68,9,7352,638.63,3,280.02,9,7418,315.75,3,27.14,8,7465,455.36,3,155.47,8,7497,614.79,3,268.86,9,7507,421.01,3,131.61,8,
4462,7019,518.99,3,274.76,9,7048,358.17,3,76.16,9,7122,254.97,3,158.87,9,7352,640.75,3,282.16,9,7418,325.35,3,9.99,8,7465,443.61,3,147.21,8,7497,602.64,3,256.41,9,7507,431.71,3,137.88,8,
4463,7019,526.75,3,280.11,9,7048,360.29,3,75.47,9,7122,256.17,3,157.57,9,7352,643.04,3,284.47,9,7418,336.62,3,30.38,8,7465,431.04,3,139.2,8,7497,588.73,3,242.14,9,7507,442.28,3,144.79,8,
4464,7019,534.97,3,285.9,9,7048,361.83,3,75.01,9,7122,258.08,3,155.53,9,7352,645.32,3,286.77,9,7418,349.59,3,56.3,8,7465,419.25,3,132.65,8,7497,573.51,3,226.49,9,7507,452.45,3,152.01,8,
4465,7019,543.0,3,291.68,9,7048,363.53,3,74.55,9,7122,259.8,3,153.69,9,7352,647.25,3,288.71,9,7418,364.24,3,83.05,8,7465,407.27,3,126.69,8,7497,556.02,3,208.4,9,7507,463.51,3,160.4,8,
4466,7048,365.03,3,74.17,9,7122,261.87,3,151.5,9,7352,649.02,3,290.5,9,7418,380.26,3,109.91,8,7465,398.79,3,123.16,8,7497,536.98,3,188.62,9,7507,474.08,3,168.83,8,
4467,7048,366.28,3,73.88,9,7122,263.62,3,149.66,9,7352,651.12,3,292.62,9,7418,398.48,3,136.71,8,7465,393.29,3,121.23,8,7488,541.14,3,288.13,9,7497,515.8,3,166.57,9,7507,484.56,3,177.55,8,
4468,7048,367.39,3,73.65,9,7122,265.2,3,148.02,9,7352,652.69,3,294.2,9,7418,418.74,3,163.68,8,7465,388.66,3,120.84,8,7488,520.46,3,261.68,9,7497,492.29,3,141.99,9,7507,495.54,3,186.98,8,
4469,7048,369.29,3,73.3,9,7122,266.46,3,146.7,9,7352,654.88,3,296.41,9,7418,440.79,3,190.78,8,7465,391.21,3,126.41,8,7488,500.39,3,235.3,9,7497,467.25,3,115.67,9,7507,506.27,3,196.44,8,
4470,7048,370.78,3,73.06,9,7122,268.63,3,144.47,9,7279,481.85,3,248.69,8,7352,656.49,3,298.04,9,7418,462.84,3,217.77,8,7465,397.19,3,134.88,8,7488,480.95,3,208.94,9,7497,440.5,3,87.4,9,7507,517.91,3,206.94,8,
4471,7048,372.54,3,72.83,9,7122,270.37,3,142.69,9,7279,457.38,3,219.1,8,7418,485.97,3,245.6,8,7465,404.82,3,145.52,8,7488,462.31,3,182.76,9,7497,417.99,3,63.44,9,7507,529.64,3,217.72,8,
4472,7048,373.67,3,72.7,9,7122,271.74,3,141.29,9,7279,432.09,3,189.71,8,7465,414.67,3,158.61,8,7488,443.81,3,155.64,9,7497,399.45,3,43.57,9,7507,541.15,3,228.48,8,7529,532.17,3,225.53,9,
4473,7048,375.14,3,72.57,9,7122,273.73,3,139.27,9,7279,406.36,3,159.98,8,7395,465.91,3,229.5,8,7465,426.96,3,173.86,8,7488,426.87,3,129.54,9,7497,385.21,3,28.22,9,7507,551.96,3,238.69,8,7529,534.13,3,227.94,9,
4474,7048,376.89,3,72.45,9,7122,275.82,3,137.18,9,7279,382.75,3,130.15,8,7395,444.75,3,204.17,8,7465,441.38,3,191.5,8,7488,410.29,3,102.41,9,7497,375.06,3,17.24,9,7507,559.77,3,246.14,8,7529,537.73,3,232.36,9,
4475,7048,378.91,3,72.39,9,7122,278.02,3,135.0,9,7279,362.66,3,100.79,8,7395,422.6,3,178.81,8,7465,457.19,3,210.88,8,7488,395.15,3,75.96,9,7497,369.04,3,10.73,9,7507,563.73,3,249.92,8,7529,542.69,3,238.43,9,
4476,7048,380.31,3,72.38,9,7122,279.36,3,133.68,9,7279,347.04,3,74.03,8,7395,401.28,3,154.06,8,7465,474.77,3,232.2,8,7488,380.43,3,48.74,9,7497,367.17,3,8.7,9,7529,549.8,3,247.07,9,
4477,7048,381.97,3,72.41,9,7122,281.37,3,131.71,9,7279,335.13,3,51.78,8,7395,381.7,3,128.78,8,7488,367.4,3,22.31,9,7497,366.59,3,8.09,9,7529,559.03,3,258.22,9,
4478,7048,383.6,3,72.48,9,7122,282.97,3,130.17,9,7279,326.42,3,34.07,8,7395,364.29,3,103.47,8,7488,356.0,3,4.38,9,7490,324.45,3,229.9,8,7497,366.49,3,7.98,9,7507,562.08,3,248.67,8,7529,569.68,3,270.99,9,
4479,7048,385.61,3,72.63,9,7122,284.13,3,129.04,9,7279,320.2,3,20.48,8,7395,349.15,3,77.78,8,7488,346.82,3,30.77,9,7490,315.94,3,204.38,8,7497,364.9,3,6.33,9,7507,556.6,3,243.46,8,7529,581.33,3,284.84,9,
4480,7048,387.4,3,72.81,9,7122,285.94,3,127.3,9,7279,317.21,3,11.38,8,7395,337.4,3,56.16,8,7488,339.45,3,57.82,9,7490,308.95,3,177.24,8,7497,361.45,3,2.85,9,7507,549.88,3,237.1,8,7529,589.33,3,294.2,9,
4481,7122,287.33,3,125.99,9,7279,318.91,3,7.78,8,7395,328.81,3,39.07,8,7488,335.07,3,80.58,9,7490,304.12,3,149.2,8,7497,357.13,3,3.07,9,7507,541.41,3,229.16,8,7529,593.55,3,299.08,9,
4482,7122,289.25,3,124.17,9,7279,324.1,3,8.95,8,7395,322.91,3,26.51,8,7488,332.64,3,98.84,9,7490,301.82,3,121.05,8,7497,353.92,3,9.81,9,7507,530.99,3,219.48,8,
4483,7122,291.42,3,122.15,9,7279,332.6,3,17.1,8,7395,318.14,3,15.81,8,7438,539.88,3,245.91,8,7488,331.47,3,112.6,9,7490,302.15,3,92.89,8,7497,350.7,3,18.92,9,7507,520.36,3,209.76,8,7529,594.29,3,298.19,9,
4484,7122,292.84,3,120.84,9,7279,343.04,3,27.96,8,7395,317.58,3,9.68,8,7438,512.36,3,220.42,8,7488,329.78,3,122.14,9,7490,304.88,3,66.23,8,7497,347.08,3,29.96,9,7507,509.33,3,199.84,8,7529,589.64,3,292.8,9,
4485,7122,294.99,3,118.86,9,7279,355.32,3,40.87,8,7395,318.79,3,7.91,8,7438,485.04,3,195.63,8,7488,328.7,3,127.3,9,7490,312.14,3,38.85,8,7497,343.23,3,42.97,9,7507,497.74,3,189.66,8,7529,583.0,3,285.0,9,
4486,7122,296.37,3,117.62,9,7279,370.04,3,56.35,8,7395,318.99,3,7.67,8,7428,467.38,3,231.29,8,7438,457.39,3,171.29,8,7488,326.58,3,134.74,9,7490,321.33,3,13.1,8,7497,339.49,3,57.62,9,7507,486.84,3,180.36,8,7520,554.13,3,242.57,8,7529,574.48,3,274.87,9,
4487,7122,298.35,3,115.83,9,7279,387.32,3,74.47,8,7395,319.07,3,7.59,8,7428,444.49,3,203.87,8,7438,430.48,3,148.78,8,7488,323.27,3,144.3,9,7490,332.34,3,21.47,8,7497,336.21,3,73.86,9,7507,475.69,3,171.16,8,7520,533.3,3,221.61,8,7529,564.7,3,263.14,9,
4488,7122,299.94,3,114.42,9,7279,406.98,3,94.9,8,7352,646.97,3,299.14,9,7395,320.68,3,7.34,8,7428,420.49,3,176.37,8,7438,403.0,3,127.73,8,7488,319.07,3,155.61,9,7490,345.63,3,48.62,8,7497,333.47,3,91.72,9,7507,464.3,3,162.18,8,7520,512.56,3,200.73,8,7529,553.37,3,249.47,9,
4489,7122,301.71,3,112.86,9,7279,428.8,3,116.88,8,7352,645.59,3,298.73,9,7395,324.41,3,9.19,8,7428,397.26,3,149.05,8,7438,376.39,3,110.12,8,7488,313.83,3,169.01,9,7490,360.94,3,77.23,8,7497,331.92,3,106.45,9,7507,453.32,3,153.99,8,7520,491.95,3,179.96,8,7529,540.99,3,234.37,9,
4490,7122,303.66,3,111.17,9,7279,452.73,3,140.99,8,7352,642.16,3,296.59,9,7395,329.98,3,14.44,8,7428,376.07,3,121.32,8,7438,348.87,3,95.74,8,7488,307.01,3,183.92,9,7490,377.63,3,105.65,8,7497,330.8,3,117.56,9,7507,442.07,3,146.18,8,7520,471.64,3,159.47,8,7529,527.21,3,217.39,9,
4491,7122,304.96,3,110.06,9,7279,476.04,3,164.46,8,7352,636.5,3,291.08,9,7395,336.96,3,21.6,8,7428,358.11,3,93.23,8,7438,321.7,3,87.48,8,7488,300.17,3,200.26,9,7490,396.42,3,133.81,8,7497,329.15,3,125.09,9,7507,431.2,3,139.3,8,7520,451.32,3,138.97,8,7529,511.31,3,198.85,9,
4492,7122,307.01,3,108.31,9,7279,497.04,3,185.6,8,7352,629.42,3,283.84,9,7395,345.54,3,30.59,8,7428,342.27,3,65.34,8,7438,294.13,3,86.22,8,7488,294.45,3,218.42,9,7490,417.68,3,162.36,8,7497,326.65,3,134.55,9,7507,420.15,3,133.12,8,7520,430.72,3,118.17,8,7529,492.14,3,178.36,9,
4493,7122,308.79,3,106.82,9,7279,514.58,3,203.25,8,7352,619.92,3,274.12,9,7395,356.2,3,41.79,8,7428,327.69,3,36.75,8,7438,266.88,3,92.98,8,7488,290.46,3,238.7,9,7490,440.3,3,190.18,8,7497,322.59,3,146.23,9,7507,409.09,3,127.53,8,7520,409.26,3,96.48,8,7529,469.92,3,157.81,9,
4494,7122,310.88,3,105.09,9,7279,527.7,3,216.45,8,7352,607.98,3,261.89,9,7395,369.02,3,55.28,8,7428,315.42,3,9.12,8,7438,239.88,3,105.59,8,7488,289.43,3,261.52,9,7490,463.84,3,218.99,8,7497,317.49,3,159.62,9,7507,399.6,3,123.47,8,7520,389.13,3,75.62,8,7529,445.68,3,140.11,9,
4495,7122,312.89,3,103.46,9,7279,536.35,3,225.15,8,7302,558.87,3,247.33,8,7352,594.05,3,247.61,9,7395,384.15,3,71.16,8,7428,306.09,3,19.63,8,7438,212.43,3,122.55,8,7488,291.06,3,286.58,9,7490,487.14,3,246.99,8,7497,311.25,3,174.84,9,7507,394.05,3,121.48,8,7520,370.51,3,56.13,8,7529,420.86,3,128.0,9,
4496,7122,314.88,3,101.87,9,7279,540.87,3,230.08,8,7352,577.91,3,231.03,9,7395,401.23,3,89.03,8,7428,298.83,3,47.48,8,7438,184.98,3,143.0,8,7497,303.79,3,191.32,9,7507,389.92,3,120.4,8,7520,355.55,3,40.49,8,7529,394.95,3,122.18,9,
4497,7122,316.98,3,100.22,9,7279,540.26,3,230.58,8,7352,560.26,3,212.8,9,7395,420.61,3,108.64,8,7428,293.2,3,75.69,8,7438,157.93,3,165.2,8,7497,296.81,3,209.69,9,7507,388.95,3,122.84,8,7520,343.88,3,28.41,8,7529,370.12,3,124.33,9,
4498,7051,552.15,3,240.58,8,7122,319.24,3,98.48,9,7279,538.63,3,230.49,8,7352,540.85,3,192.65,9,7395,441.05,3,129.23,8,7428,291.34,3,103.28,8,7438,131.08,3,188.58,8,7497,291.62,3,230.7,9,7507,392.01,3,127.55,8,7520,336.45,3,20.92,8,7529,345.51,3,130.15,9,
4499,7051,530.51,3,218.81,8,7122,321.08,3,97.09,9,7279,536.88,3,230.8,8,7352,519.7,3,170.63,9,7395,460.91,3,149.24,8,7428,292.1,3,130.94,8,7438,104.31,3,212.95,8,7497,289.54,3,253.97,9,7507,396.58,3,134.04,8,7520,331.45,3,16.15,8,7529,321.37,3,140.75,9,
4500,7051,508.93,3,197.07,8,7122,323.35,3,95.42,9,7279,535.03,3,231.74,8,7352,497.32,3,147.26,9,7395,481.1,3,169.56,8,7428,295.52,3,158.92,8,7438,78.5,3,237.34,8,7497,290.36,3,279.99,9,7507,402.91,3,142.88,8,7520,329.83,3,16.2,8,7529,298.13,3,156.62,9,
4501,7051,487.59,3,175.56,8,7122,324.74,3,94.42,9,7279,533.24,3,233.56,8,7352,473.34,3,122.09,9,7395,501.12,3,189.71,8,7428,301.54,3,187.07,8,7450,477.57,3,243.57,8,7507,408.25,3,153.24,8,7520,329.3,3,19.87,8,7529,275.39,3,174.37,9,
4502,7051,465.99,3,153.77,8,7122,326.47,3,93.19,9,7279,532.23,3,235.24,8,7352,447.93,3,95.28,9,7395,516.69,3,205.38,8,7428,310.03,3,215.24,8,7450,456.13,3,217.58,8,7507,417.57,3,164.89,8,7520,330.2,3,27.39,8,7529,251.62,3,192.33,9,
4503,7051,444.09,3,131.67,8,7122,328.37,3,91.87,9,7279,531.77,3,236.23,8,7352,423.94,3,69.78,9,7395,527.79,3,216.55,8,7428,320.69,3,243.2,8,7450,434.03,3,191.93,8,7507,429.12,3,179.07,8,7520,334.89,3,37.27,8,7529,225.62,3,208.54,9,
4504,7051,423.24,3,110.61,8,7122,330.47,3,90.45,9,7279,531.09,3,237.8,8,7352,404.31,3,48.79,9,7395,536.43,3,225.24,8,7450,411.94,3,166.48,8,7507,442.89,3,195.75,8,7520,340.93,3,49.41,8,7529,198.54,3,223.52,9,
4505,7051,401.88,3,88.95,8,7122,332.4,3,89.17,9,7279,530.34,3,240.13,8,7352,388.81,3,32.11,9,7395,540.78,3,229.95,8,7450,391.52,3,141.63,8,7507,456.67,3,214.98,8,7520,348.39,3,63.57,8,7529,171.9,3,236.62,9,
4506,7051,381.55,3,67.68,8,7122,334.45,3,87.86,9,7279,529.53,3,243.47,8,7352,377.55,3,19.93,9,7395,540.57,3,230.63,8,7438,92.31,3,292.63,9,7450,372.25,3,116.03,8,7507,474.67,3,236.55,8,7520,357.2,3,79.41,8,7529,144.84,3,251.14,9,
4507,7051,360.99,3,46.17,8,7122,336.73,3,86.46,9,7279,529.02,3,246.46,8,7352,370.47,3,12.27,9,7395,539.11,3,230.49,8,7438,119.86,3,272.21,9,7450,356.53,3,90.56,8,7520,364.85,3,92.52,8,7529,117.81,3,268.62,9,
4508,7051,340.6,3,25.07,8,7122,338.63,3,85.33,9,7279,529.09,3,248.38,8,7352,366.94,3,8.47,9,7395,537.41,3,230.66,8,7438,146.67,3,254.86,9,7450,342.03,3,64.91,8,7520,370.47,3,101.83,8,7529,90.59,3,288.89,9,
4509,7122,340.97,3,83.98,9,7352,360.84,3,2.3,9,7395,535.54,3,231.41,8,7438,173.92,3,240.97,9,7450,328.95,3,39.37,8,7520,374.05,3,107.62,8,
4510,7122,342.21,3,83.29,9,7352,355.31,3,6.39,9,7366,595.29,3,299.35,9,7395,533.73,3,232.95,8,7438,201.09,3,227.33,9,7450,317.4,3,14.05,8,7520,375.1,3,111.74,8,
4511,7122,344.61,3,82.02,9,7352,352.45,3,13.88,9,7366,585.77,3,288.28,9,7395,532.62,3,234.52,8,7438,227.62,3,213.86,9,7450,308.11,3,13.09,8,7520,373.15,3,112.96,8,
4512,7122,346.62,3,81.01,9,7352,349.37,3,22.85,9,7366,574.41,3,274.78,9,7395,532.05,3,235.6,8,7438,253.48,3,197.0,9,7450,301.07,3,39.11,8,7520,368.8,3,109.88,8,
4513,7122,348.76,3,79.97,9,7352,346.08,3,33.19,9,7366,561.09,3,258.8,9,7395,531.38,3,237.1,8,7438,274.52,3,182.9,9,7450,294.68,3,64.56,8,7520,365.46,3,105.37,8,
4514,7122,350.69,3,79.1,9,7352,342.69,3,44.96,9,7366,545.82,3,240.27,9,7395,530.62,3,239.17,8,7438,290.93,3,170.82,9,7450,291.86,3,90.84,8,7520,361.69,3,99.2,8,7529,72.25,3,244.38,8,
4515,7122,353.0,3,78.1,9,7352,339.16,3,59.12,9,7395,529.87,3,242.01,8,7438,303.17,3,161.43,9,7450,291.38,3,116.78,8,7520,357.16,3,91.63,8,7529,98.89,3,219.88,8,
4516,7122,354.59,3,77.47,9,7352,336.07,3,74.59,9,7395,529.14,3,245.62,8,7438,311.29,3,154.8,9,7450,293.17,3,142.31,8,7520,351.44,3,81.8,8,7529,125.34,3,196.38,8,
4517,7122,356.41,3,76.78,9,7352,333.41,3,92.18,9,7395,528.67,3,249.92,8,7438,315.55,3,150.95,9,7450,297.15,3,167.83,8,7520,344.92,3,70.2,8,7529,152.85,3,172.92,8,
4518,7122,358.35,3,76.1,9,7352,331.89,3,106.76,9,7358,293.1,3,275.13,9,7438,319.05,3,148.25,9,7450,303.36,3,193.8,8,7520,337.92,3,57.16,8,7529,179.45,3,151.64,8,
4519,7122,359.68,3,75.66,9,7350,295.06,3,293.39,9,7352,330.82,3,117.51,9,7358,292.87,3,250.93,9,7438,320.87,3,150.68,9,7450,311.43,3,219.25,8,7520,330.21,3,41.95,8,7529,206.82,3,131.99,8,
4520,7122,361.24,3,75.18,9,7350,292.68,3,267.83,9,7352,329.26,3,124.55,9,7358,295.75,3,226.88,9,7438,319.4,3,154.79,9,7450,321.62,3,245.42,8,7520,322.31,3,25.2,8,7529,234.04,3,115.75,8,
4521,7122,362.92,3,74.7,9,7350,293.36,3,242.38,9,7352,326.85,3,133.96,9,7358,302.01,3,204.49,9,7438,317.3,3,160.12,9,7529,260.44,3,104.44,8,
4522,7122,365.02,3,74.18,9,7350,297.58,3,219.25,9,7352,323.42,3,143.85,9,7358,309.3,3,186.65,9,7428,322.33,3,232.12,8,7438,314.5,3,167.36,9,7529,288.03,3,98.01,8,
4523,7122,366.64,3,73.8,9,7350,303.49,3,200.61,9,7352,319.62,3,154.26,9,7358,315.62,3,172.96,9,7428,313.42,3,206.05,8,7438,310.82,3,175.72,9,7529,315.14,3,98.61,8,
4524,7122,368.45,3,73.44,9,7350,309.79,3,185.55,9,7352,315.56,3,164.69,9,7358,319.66,3,162.85,9,7428,305.96,3,177.8,8,7438,306.45,3,185.18,9,7529,342.49,3,103.71,8,
4525,7122,370.48,3,73.11,9,7350,315.22,3,173.84,9,7352,311.12,3,175.09,9,7358,321.99,3,156.88,9,7428,301.01,3,149.57,8,7438,301.6,3,196.65,9,7529,369.12,3,114.45,8,
4526,7122,371.98,3,72.9,9,7350,318.45,3,166.02,9,7352,305.7,3,186.87,9,7358,325.06,3,148.76,9,7428,298.62,3,121.1,8,7438,296.69,3,210.12,9,7529,396.46,3,130.17,8,
4527,7122,374.33,3,72.64,9,7350,321.24,3,158.78,9,7352,300.02,3,200.63,9,7358,328.61,3,138.47,9,7428,298.94,3,93.13,8,7438,293.3,3,223.09,9,7529,423.82,3,148.97,8,
4528,7122,375.77,3,72.52,9,7350,322.58,3,155.41,9,7352,295.64,3,213.91,9,7358,332.29,3,125.56,9,7428,301.8,3,65.42,8,7438,290.62,3,231.83,9,7529,451.29,3,170.25,8,
4529,7122,377.92,3,72.41,9,7350,324.68,3,149.82,9,7352,293.28,3,223.18,9,7358,334.84,3,109.97,9,7438,282.9,3,236.51,9,7529,476.04,3,191.04,8,
4530,7122,380.12,3,72.38,9,7287,464.38,3,227.64,8,7350,327.3,3,142.36,9,7352,291.03,3,234.13,9,7358,336.55,3,92.5,9,7438,272.57,3,240.24,9,7529,496.68,3,209.14,8,7573,592.83,3,296.51,9,
4531,7122,382.49,3,72.43,9,7287,441.42,3,200.37,8,7350,330.41,3,133.05,9,7352,289.83,3,247.2,9,7358,339.47,3,73.19,9,7438,263.03,3,244.1,9,7529,512.82,3,223.61,8,7573,582.11,3,283.95,9,
4532,7122,384.46,3,72.54,9,7287,418.28,3,173.82,8,7350,333.11,3,121.76,9,7352,289.43,3,262.85,9,7358,343.85,3,52.36,9,7438,252.99,3,248.61,9,7529,524.49,3,234.21,8,7573,570.15,3,269.69,9,
4533,7122,386.07,3,72.68,9,7287,395.78,3,147.15,8,7350,334.93,3,108.71,9,7352,290.43,3,280.66,9,7358,348.98,3,33.73,9,7438,243.46,3,253.28,9,7529,530.31,3,238.34,8,7573,556.45,3,253.2,9,
4534,7122,388.2,3,72.92,9,7287,375.48,3,120.54,8,7350,336.46,3,93.2,9,7352,292.8,3,299.9,9,7358,353.51,3,19.55,9,7438,233.52,3,258.57,9,7529,534.34,3,239.58,8,7573,541.71,3,235.25,9,
4535,7287,358.08,3,93.17,8,7350,339.09,3,75.36,9,7358,356.91,3,9.91,9,7438,224.69,3,263.62,9,7529,535.53,3,238.11,8,7565,331.51,3,247.89,8,7573,525.34,3,215.14,9,
4536,7287,343.53,3,67.65,8,7350,343.18,3,55.1,9,7358,358.44,3,4.78,9,7438,215.76,3,269.05,9,7529,536.7,3,236.33,8,7565,321.69,3,222.2,8,7573,506.46,3,193.25,9,
4537,7287,332.55,3,46.67,8,7350,347.87,3,37.5,9,7358,356.96,3,2.12,9,7438,206.98,3,274.73,9,7529,538.38,3,234.8,8,7565,313.7,3,196.56,8,7573,483.73,3,170.27,9,
4538,7287,324.62,3,30.23,8,7350,354.11,3,17.81,9,7358,351.17,3,8.97,9,7438,198.24,3,280.7,9,7529,540.51,3,233.86,8,7565,307.7,3,171.19,8,7573,458.63,3,149.34,9,
4539,7287,319.26,3,18.36,8,7350,362.51,3,5.12,9,7358,343.24,3,17.56,9,7438,188.85,3,287.5,9,7529,542.24,3,233.68,8,7565,303.61,3,144.99,8,7573,431.86,3,132.3,9,
4540,7287,317.13,3,10.81,8,7350,373.14,3,28.54,9,7358,333.63,3,28.09,9,7438,180.27,3,294.08,9,7529,543.48,3,233.78,8,7565,301.75,3,119.05,8,7573,405.27,3,123.55,9,7626,633.16,3,287.67,9,
4541,7287,318.85,3,7.85,8,7350,386.32,3,54.81,9,7358,322.13,3,40.78,9,7529,544.24,3,233.34,8,7565,302.09,3,93.86,8,7573,383.55,3,122.24,9,7626,631.26,3,285.72,9,
4542,7287,319.05,3,7.6,8,7350,401.77,3,83.08,9,7358,309.04,3,55.36,9,7529,539.57,3,227.99,8,7565,304.56,3,68.44,8,7573,366.48,3,125.2,9,7626,627.54,3,281.92,9,
4543,7287,319.11,3,7.53,8,7350,417.66,3,110.56,9,7358,294.81,3,71.4,9,7529,532.8,3,221.11,8,7565,310.7,3,43.96,8,7573,353.0,3,128.14,9,7626,621.84,3,276.08,9,
4544,7287,319.12,3,7.53,8,7350,434.64,3,137.94,9,7358,278.97,3,89.53,9,7529,524.1,3,212.34,8,7565,318.33,3,19.91,8,7573,343.26,3,130.85,9,7626,614.86,3,268.94,9,
4545,7287,319.12,3,7.53,8,7350,453.29,3,166.28,9,7358,261.65,3,109.74,9,7529,513.71,3,201.89,8,7565,327.89,3,12.94,8,7573,337.03,3,133.01,9,7626,605.73,3,259.59,9,
4546,7287,319.12,3,7.53,8,7309,538.46,3,244.79,8,7350,472.27,3,193.74,9,7358,244.88,3,129.84,9,7529,500.89,3,188.96,8,7565,339.18,3,35.67,8,7573,330.4,3,138.51,9,7593,244.12,3,240.97,8,7626,594.36,3,247.92,9,
4547,7287,320.79,3,7.36,8,7309,534.58,3,242.12,8,7350,492.59,3,221.94,9,7358,228.86,3,149.66,9,7529,486.15,3,174.11,8,7565,351.99,3,60.87,8,7573,324.03,3,146.56,9,7593,248.45,3,231.01,8,7626,581.38,3,234.61,9,
4548,7287,323.85,3,8.77,8,7309,531.14,3,240.8,8,7350,513.5,3,249.92,9,7358,213.4,3,169.64,9,7529,470.02,3,157.84,8,7565,365.8,3,85.76,8,7573,318.34,3,157.46,9,7593,253.61,3,220.48,8,7626,566.96,3,219.73,9,
4549,7287,328.91,3,13.38,8,7309,529.73,3,242.59,8,7336,536.48,3,243.25,8,7350,534.62,3,277.35,9,7358,199.49,3,188.74,9,7529,452.24,3,139.9,8,7565,381.27,3,111.46,8,7573,312.96,3,171.05,9,7593,258.81,3,210.93,8,7626,550.77,3,202.95,9,
4550,7287,335.77,3,20.37,8,7309,529.05,3,246.26,8,7336,533.77,3,241.64,8,7358,186.06,3,208.52,9,7529,432.43,3,119.9,8,7565,398.96,3,137.38,8,7573,305.93,3,186.35,9,7593,264.74,3,201.04,8,7626,532.87,3,184.35,9,7641,539.96,3,230.54,8,
4551,7287,344.46,3,29.45,8,7336,530.91,3,240.91,8,7358,173.86,3,228.28,9,7529,411.13,3,98.37,8,7565,417.82,3,162.53,8,7573,298.88,3,203.63,9,7593,270.94,3,191.61,8,7626,512.61,3,163.23,9,7641,539.46,3,230.5,8,
4552,7287,355.21,3,40.75,8,7336,529.73,3,242.53,8,7358,163.17,3,248.03,9,7529,390.76,3,77.33,8,7565,439.02,3,188.62,8,7573,293.32,3,223.01,9,7593,277.68,3,182.26,8,7626,490.25,3,139.85,9,7641,538.58,3,230.5,8,
4553,7287,367.78,3,53.98,8,7336,529.16,3,245.48,8,7358,154.17,3,268.01,9,7529,371.74,3,57.42,8,7565,459.66,3,213.89,8,7573,289.99,3,244.32,9,7593,284.48,3,173.6,8,7626,466.01,3,114.36,9,7641,537.47,3,230.64,8,
4554,7287,382.46,3,69.39,8,7336,528.71,3,249.45,8,7358,147.44,3,287.65,9,7529,356.56,3,41.54,8,7565,480.75,3,239.37,8,7573,289.49,3,268.11,9,7593,291.53,3,165.38,8,7626,442.8,3,89.83,9,7641,536.21,3,231.06,8,7647,360.17,3,119.51,8,
4555,7287,398.99,3,86.69,8,7529,345.08,3,29.64,8,7573,292.01,3,293.84,9,7593,298.57,3,157.43,8,7626,419.77,3,65.34,9,7641,534.76,3,231.95,8,7647,358.59,3,119.91,8,
4556,7287,417.28,3,105.28,8,7529,337.85,3,22.31,8,7593,306.18,3,149.32,8,7626,401.1,3,45.34,9,7641,533.32,3,233.44,8,7647,355.37,3,120.86,8,
4557,7287,437.81,3,125.97,8,7529,333.72,3,18.26,8,7593,313.77,3,142.06,8,7626,386.65,3,29.77,9,7641,532.28,3,235.13,8,7647,351.02,3,122.38,8,
4558,7287,459.34,3,147.65,8,7529,327.38,3,12.24,8,7593,321.72,3,135.35,8,7626,375.99,3,18.24,9,7641,531.79,3,236.18,8,7647,345.41,3,124.76,8,
4559,7287,480.39,3,168.84,8,7438,118.47,3,248.74,8,7529,319.43,3,5.0,8,7593,329.86,3,129.41,8,7626,369.42,3,11.13,9,7641,531.1,3,237.77,8,7647,338.26,3,128.47,8,
4560,7287,501.47,3,190.06,8,7438,122.87,3,238.4,8,7529,311.03,3,4.72,8,7593,338.25,3,124.29,8,7626,361.1,3,2.46,9,7641,530.38,3,240.01,8,7647,329.9,3,133.76,8,
4561,7287,522.58,3,211.31,8,7438,127.71,3,228.55,8,7529,304.93,3,15.37,8,7593,347.12,3,120.01,8,7626,350.77,3,9.41,9,7641,529.63,3,243.01,8,7647,321.04,3,140.49,8,
4562,7438,133.53,3,217.94,8,7529,301.03,3,27.36,8,7593,355.01,3,117.2,8,7626,338.96,3,22.25,9,7641,528.92,3,247.2,8,7647,312.78,3,147.77,8,
4563,7438,140.12,3,207.03,8,7529,297.62,3,41.02,8,7593,359.79,3,115.96,8,7626,325.08,3,37.52,9,7647,304.29,3,156.29,8,
4564,7438,147.18,3,196.15,8,7529,292.83,3,57.01,8,7593,363.34,3,114.92,8,7626,309.55,3,54.8,9,7647,296.15,3,165.35,8,
4565,7438,154.64,3,185.35,8,7529,290.16,3,74.78,8,7593,363.12,3,110.26,8,7626,293.03,3,73.43,9,7647,288.5,3,174.08,8,
4566,7438,161.97,3,175.23,8,7529,288.49,3,93.94,8,7593,362.49,3,104.82,8,7626,275.64,3,93.38,9,7647,281.26,3,183.11,8,
4567,7438,170.25,3,164.25,8,7529,288.13,3,114.53,8,7593,358.03,3,97.54,8,7626,258.47,3,113.5,9,7647,274.2,3,192.83,8,
4568,7347,294.61,3,289.96,9,7438,178.95,3,153.13,8,7529,289.37,3,136.5,8,7593,352.19,3,87.78,8,7626,242.17,3,133.13,9,7647,267.76,3,202.55,8,
4569,7347,292.63,3,260.75,9,7438,188.2,3,142.02,8,7529,292.7,3,161.01,8,7593,345.34,3,75.93,8,7626,225.99,3,153.29,9,7647,261.21,3,213.5,8,
4570,7347,294.69,3,231.95,9,7438,196.95,3,131.73,8,7529,298.66,3,187.97,8,7593,337.46,3,61.69,8,7626,210.78,3,173.14,9,7647,255.4,3,224.35,8,
4571,7347,300.62,3,208.24,9,7438,205.83,3,121.45,8,7529,307.06,3,215.45,8,7593,328.99,3,45.48,8,7626,196.86,3,192.49,9,7647,250.23,3,235.23,8,
4572,7347,308.05,3,189.5,9,7438,215.26,3,110.68,8,7529,317.23,3,241.96,8,7593,320.3,3,27.66,8,7626,183.72,3,212.16,9,7647,245.67,3,246.2,8,
4573,7347,314.61,3,175.14,9,7438,224.85,3,99.89,8,7593,312.0,3,9.81,8,7612,548.25,3,297.09,9,7626,171.71,3,232.03,9,
4574,7347,318.96,3,164.68,9,7358,341.98,3,249.77,8,7438,234.1,3,89.58,8,7593,304.62,3,15.56,8,7612,542.02,3,289.25,9,7626,161.25,3,251.94,9,
4575,7347,321.64,3,157.77,9,7358,339.71,3,247.41,8,7438,243.43,3,79.29,8,7593,298.43,3,37.49,8,7612,534.56,3,279.78,9,7626,152.66,3,271.88,9,7676,333.18,3,101.37,8,
4576,7347,324.96,3,149.05,9,7358,334.89,3,247.28,8,7438,253.02,3,68.8,8,7593,292.09,3,61.35,8,7612,525.74,3,268.49,9,7626,146.24,3,292.08,9,7676,334.9,3,101.73,8,
4577,7191,293.4,3,278.87,9,7347,328.6,3,138.5,9,7358,328.85,3,247.29,8,7438,262.14,3,58.91,8,7593,289.04,3,85.88,8,7612,515.9,3,255.75,9,7676,338.99,3,102.74,8,
4578,7191,292.95,3,248.95,9,7347,332.31,3,125.45,9,7358,320.7,3,247.58,8,7438,272.34,3,47.93,8,7593,288.08,3,110.19,8,7612,504.88,3,241.27,9,7676,344.8,3,104.41,8,
4579,7191,296.88,3,222.09,9,7347,334.79,3,110.69,9,7358,310.67,3,248.4,8,7438,282.18,3,37.42,8,7480,293.98,3,284.59,9,7593,289.19,3,134.5,8,7612,492.51,3,224.73,9,7676,352.76,3,107.19,8,
4580,7191,303.62,3,200.27,9,7347,336.39,3,93.72,9,7438,291.66,3,27.39,8,7480,292.68,3,267.79,9,7593,292.3,3,158.72,8,7612,478.58,3,205.67,9,7676,363.24,3,111.62,8,
4581,7191,310.84,3,183.2,9,7347,339.26,3,74.38,9,7438,300.98,3,17.72,8,7480,292.72,3,255.52,9,7593,297.39,3,183.0,8,7612,463.26,3,184.12,9,7676,375.15,3,117.6,8,
4582,7191,316.71,3,170.37,9,7347,343.61,3,53.3,9,7480,293.01,3,247.71,9,7593,304.59,3,208.08,8,7612,447.18,3,160.69,9,7656,647.84,3,299.43,9,7676,388.85,3,125.51,8,7687,341.07,3,229.9,8,
4583,7191,320.24,3,161.37,9,7347,348.97,3,33.77,9,7480,292.96,3,244.09,9,7593,313.65,3,233.2,8,7612,430.29,3,134.94,9,7656,646.13,3,298.88,9,7676,404.92,3,135.67,8,7687,340.39,3,227.85,8,
4584,7191,322.18,3,156.42,9,7347,353.87,3,18.5,9,7480,290.3,3,243.64,9,7612,412.98,3,106.94,9,7623,331.22,3,247.2,8,7656,644.55,3,298.33,9,7676,422.83,3,148.25,8,7687,339.05,3,223.73,8,
4585,7191,324.77,3,149.57,9,7347,357.69,3,7.83,9,7480,289.85,3,246.77,9,7612,395.44,3,76.48,9,7623,321.75,3,222.36,8,7656,640.78,3,295.35,9,7676,442.15,3,162.96,8,7687,337.01,3,217.24,8,
4586,7191,327.79,3,140.95,9,7347,362.16,3,5.26,9,7480,289.62,3,251.57,9,7612,378.94,3,45.86,9,7623,313.58,3,196.14,8,7656,636.49,3,291.07,9,7676,463.32,3,180.16,8,7687,334.4,3,208.3,8,
4587,7191,331.09,3,130.68,9,7347,367.84,3,10.8,9,7480,289.45,3,258.73,9,7612,364.43,3,15.82,9,7623,307.11,3,168.11,8,7656,630.35,3,284.79,9,7676,485.26,3,199.06,8,7687,340.17,3,204.97,8,
4588,7191,333.85,3,118.44,9,7347,374.82,3,18.32,9,7480,289.49,3,268.23,9,7612,352.32,3,14.26,9,7623,303.02,3,139.38,8,7656,622.11,3,276.36,9,7670,521.72,3,229.02,8,7676,502.71,3,214.52,8,7687,351.54,3,205.49,8,
4589,7191,335.29,3,104.31,9,7347,383.68,3,27.89,9,7480,290.36,3,280.04,9,7612,342.98,3,43.89,9,7623,301.64,3,110.83,8,7656,612.31,3,266.33,9,7670,494.64,3,204.28,8,7676,515.68,3,226.19,8,7687,365.15,3,207.08,8,
4590,7191,337.04,3,88.68,9,7347,394.95,3,40.0,9,7612,337.11,3,69.04,9,7623,302.99,3,81.88,8,7656,601.22,3,254.96,9,7670,466.97,3,179.61,8,7676,524.27,3,234.01,8,7687,378.44,3,209.61,8,
4591,7191,339.89,3,70.92,9,7347,407.5,3,53.44,9,7612,333.74,3,89.7,9,7623,303.89,3,53.05,8,7656,588.57,3,241.98,9,7670,440.29,3,156.79,8,7676,527.99,3,236.3,8,7687,392.39,3,213.23,8,
4592,7191,344.17,3,51.09,9,7347,421.72,3,68.59,9,7612,331.98,3,105.86,9,7623,310.04,3,24.41,8,7656,573.98,3,226.98,9,7670,413.6,3,135.57,8,7676,524.96,3,232.19,8,7687,406.21,3,217.76,8,
4593,7191,349.16,3,33.15,9,7347,437.81,3,85.67,9,7612,330.82,3,117.49,9,7623,320.36,3,5.49,8,7656,556.96,3,209.38,9,7670,386.44,3,116.37,8,7676,520.29,3,227.7,8,7687,417.39,3,225.64,8,7702,543.3,3,289.94,9,
4594,7191,353.98,3,18.18,9,7347,456.25,3,105.15,9,7612,329.26,3,124.57,9,7623,333.0,3,33.35,8,7656,537.82,3,189.5,9,7670,359.45,3,100.62,8,7676,513.16,3,221.16,8,7687,425.29,3,240.38,8,7702,541.61,3,288.71,9,
4595,7191,357.72,3,7.75,9,7347,476.04,3,125.96,9,7612,327.01,3,133.48,9,7623,347.5,3,61.93,8,7656,516.28,3,167.07,9,7670,332.38,3,90.1,8,7676,504.41,3,213.18,8,7702,537.64,3,285.82,9,
4596,7191,362.39,3,5.39,9,7347,497.64,3,148.57,9,7612,323.56,3,143.49,9,7623,363.27,3,89.84,8,7656,495.22,3,145.06,9,7670,305.68,3,85.68,8,7676,493.99,3,203.7,8,7702,532.27,3,281.96,9,
4597,7191,368.98,3,12.03,9,7347,521.42,3,173.37,9,7542,539.06,3,245.28,8,7612,319.15,3,155.43,9,7623,381.65,3,119.18,8,7656,473.5,3,122.25,9,7670,277.85,3,89.54,8,7676,482.18,3,193.07,8,7702,524.8,3,276.69,9,
4598,7191,377.09,3,20.77,9,7347,547.57,3,200.52,9,7542,534.4,3,242.01,8,7612,313.64,3,169.44,9,7623,402.21,3,148.07,8,7646,543.27,3,290.82,9,7656,451.81,3,99.38,9,7670,250.62,3,99.91,8,7676,469.04,3,181.43,8,7702,515.73,3,270.43,9,
4599,7191,386.72,3,31.16,9,7347,572.92,3,226.72,9,7542,530.82,3,240.94,8,7612,306.79,3,184.41,9,7623,424.79,3,176.38,8,7646,534.78,3,280.07,9,7656,431.06,3,77.37,9,7670,223.52,3,115.21,8,7676,454.49,3,168.79,8,7702,504.64,3,262.99,9,
4600,7191,397.71,3,42.96,9,7347,594.22,3,248.59,9,7542,529.57,3,243.26,8,7612,299.69,3,201.49,9,7623,448.67,3,205.27,8,7646,525.05,3,267.61,9,7656,410.12,3,55.01,9,7670,196.63,3,133.99,8,7676,437.41,3,154.41,8,7702,491.84,3,254.74,9,
4601,7191,410.94,3,57.12,9,7347,612.07,3,266.85,9,7542,528.93,3,247.23,8,7612,293.83,3,220.89,9,7623,471.84,3,233.18,8,7646,514.22,3,253.55,9,7656,393.51,3,37.17,9,7670,169.57,3,155.46,8,7676,418.76,3,139.53,8,7702,477.39,3,243.49,9,7714,299.32,3,23.74,8,
4602,5597,295.14,3,293.93,9,7191,425.99,3,73.14,9,7347,625.59,3,280.67,9,7612,290.15,3,242.07,9,7646,501.61,3,236.92,9,7656,380.87,3,23.53,9,7670,142.77,3,178.26,8,7676,398.81,3,124.75,8,7702,467.0,3,230.1,9,7714,301.67,3,25.07,8,
4603,5597,292.83,3,271.26,9,7191,442.53,3,90.67,9,7347,634.94,3,290.22,9,7612,289.45,3,265.74,9,7646,487.75,3,218.26,9,7656,372.45,3,14.41,9,7670,115.22,3,202.9,8,7676,376.51,3,110.19,8,7702,462.67,3,220.98,9,7714,300.4,3,29.68,8,
4604,5597,292.96,3,248.7,9,7191,460.9,3,110.05,9,7347,639.94,3,295.25,9,7612,291.76,3,292.0,9,7646,473.19,3,198.17,9,7656,368.17,3,9.79,9,7670,88.89,3,227.41,8,7676,352.13,3,97.14,8,7702,460.46,3,216.02,9,7714,298.7,3,36.38,8,
4605,5597,295.87,3,226.35,9,7191,481.56,3,131.74,9,7646,458.13,3,176.74,9,7656,362.48,3,3.83,9,7676,326.17,3,88.5,8,7702,455.39,3,209.21,9,7714,296.67,3,45.17,8,
4606,5597,302.12,3,204.16,9,7191,503.74,3,154.94,9,7646,442.54,3,153.73,9,7656,357.43,3,2.74,9,7676,297.91,3,85.87,8,7702,446.4,3,203.12,9,7714,293.13,3,55.43,8,
4607,5597,309.56,3,186.05,9,7191,527.58,3,179.77,9,7646,426.85,3,129.5,9,7656,354.36,3,8.62,9,7676,269.49,3,92.09,8,7702,435.33,3,197.09,9,7714,291.05,3,68.02,8,
4608,5597,315.93,3,172.25,9,5630,295.12,3,293.81,9,7191,553.16,3,206.31,9,7503,540.48,3,246.47,8,7646,412.14,3,105.54,9,7656,351.65,3,16.15,9,7676,240.66,3,105.18,8,7702,421.69,3,190.28,9,7714,292.54,3,82.08,8,
4609,5597,319.89,3,162.27,9,5630,293.65,3,281.4,9,7191,577.47,3,231.41,9,7503,534.76,3,242.22,8,7539,332.95,3,299.26,9,7646,397.78,3,80.64,9,7656,348.3,3,26.14,9,7676,212.1,3,122.78,8,7702,405.93,3,183.37,9,7714,291.46,3,98.92,8,
4610,5597,322.17,3,156.44,9,5630,292.66,3,267.15,9,7191,597.74,3,252.18,9,7503,530.61,3,241.03,8,7539,344.6,3,299.02,9,7646,384.67,3,56.79,9,7656,344.58,3,38.25,9,7676,183.86,3,143.88,8,7702,390.04,3,177.55,9,7714,291.42,3,117.96,8,
4611,5597,325.85,3,149.26,9,5630,292.84,3,251.52,9,7191,613.91,3,268.73,9,7503,529.48,3,243.73,8,7539,356.59,3,299.34,9,7646,371.93,3,31.81,9,7656,340.67,3,52.63,9,7670,105.51,3,282.58,9,7676,155.47,3,167.29,8,7702,375.24,3,173.27,9,7714,292.74,3,138.31,8,
4612,5597,331.84,3,141.32,9,5630,294.32,3,233.93,9,7191,626.65,3,281.75,9,7503,528.93,3,247.18,8,7646,360.94,3,7.98,9,7656,337.09,3,69.14,9,7670,132.39,3,263.71,9,7676,126.75,3,192.46,8,7702,359.96,3,170.11,9,7714,295.7,3,160.01,8,
4613,5597,341.61,3,134.84,9,5630,298.67,3,215.08,9,7191,634.99,3,290.28,9,7503,525.16,3,246.23,8,7646,351.48,3,16.64,9,7656,333.93,3,88.22,9,7670,160.08,3,247.32,9,7676,98.02,3,218.81,8,7702,344.81,3,168.3,9,7714,300.62,3,183.44,8,
4614,5597,354.76,3,131.12,9,5630,305.47,3,195.64,9,7191,639.77,3,295.08,9,7503,517.38,3,239.55,8,7646,343.96,3,40.42,9,7656,332.09,3,104.47,9,7670,187.44,3,234.04,9,7676,69.61,3,246.0,8,7702,333.91,3,167.85,9,7714,307.75,3,208.38,8,
4615,5597,369.09,3,128.04,9,5630,312.13,3,180.42,9,7503,507.78,3,231.23,8,7646,338.07,3,64.2,9,7656,331.12,3,116.21,9,7670,213.99,3,220.97,9,7702,327.07,3,167.92,9,7714,317.65,3,235.78,8,
4616,5597,385.14,3,125.41,9,5630,317.47,3,168.5,9,7503,496.73,3,221.79,8,7646,334.62,3,83.51,9,7656,329.32,3,124.28,9,7670,239.95,3,205.69,9,7702,324.24,3,168.04,9,
4617,5597,403.8,3,126.28,9,5630,320.58,3,160.47,9,5787,292.97,3,273.39,9,7503,483.75,3,210.9,8,7646,332.69,3,98.32,9,7656,328.57,3,127.91,9,7670,264.12,3,190.32,9,7702,324.2,3,168.04,9,
4618,5597,425.25,3,132.23,9,5630,322.3,3,156.11,9,5787,293.12,3,245.9,9,7503,469.3,3,199.08,8,7646,331.67,3,109.7,9,7656,328.51,3,128.23,9,7670,283.27,3,177.07,9,7702,324.19,3,168.04,9,
4619,5597,447.68,3,143.71,9,5630,325.21,3,150.28,9,5787,296.94,3,221.82,9,7503,454.55,3,187.4,8,7646,330.85,3,117.38,9,7656,328.51,3,128.23,9,7670,297.52,3,165.66,9,7702,324.18,3,168.04,9,
4620,5597,471.26,3,160.81,9,5630,330.09,3,143.32,9,5787,303.53,3,200.49,9,7503,439.82,3,176.57,8,7646,330.13,3,120.56,9,7656,328.5,3,128.24,9,7670,308.53,3,157.37,9,7676,110.88,3,278.6,9,7702,324.18,3,168.04,9,
4621,5597,494.41,3,182.4,9,5630,338.16,3,136.05,9,5787,310.85,3,183.2,9,7503,424.45,3,167.05,8,7646,330.09,3,120.75,9,7656,328.5,3,128.24,9,7670,315.23,3,151.24,9,7676,140.21,3,258.77,9,7702,324.18,3,168.04,9,
4622,5597,515.74,3,205.89,9,5630,350.65,3,132.13,9,5787,316.82,3,170.12,9,7503,409.68,3,158.85,8,7646,330.07,3,120.82,9,7656,328.5,3,128.24,9,7670,319.55,3,148.01,9,7676,169.69,3,242.85,9,7702,324.18,3,168.04,9,7741,563.63,3,248.59,8,
4623,5597,534.86,3,228.84,9,5630,364.59,3,129.21,9,5787,320.42,3,160.88,9,7172,470.09,3,236.88,8,7503,395.21,3,151.88,8,7542,360.22,3,248.64,8,7646,330.07,3,120.82,9,7656,328.5,3,128.24,9,7670,320.88,3,150.64,9,7676,199.07,3,228.33,9,7702,324.18,3,168.04,9,7741,561.82,3,246.56,8,7743,450.26,3,143.31,9,
4624,5597,553.78,3,251.89,9,5630,380.16,3,125.96,9,5787,322.42,3,155.83,9,7172,445.7,3,207.59,8,7503,380.66,3,146.09,8,7542,338.83,3,247.38,8,7646,330.07,3,120.83,9,7656,328.5,3,128.24,9,7670,319.12,3,155.46,9,7676,227.07,3,214.23,9,7702,324.18,3,168.04,9,7741,559.59,3,244.13,8,7743,448.62,3,142.16,9,7746,407.76,3,77.94,9,
4625,5597,573.05,3,275.01,9,5630,397.27,3,125.48,9,5787,325.85,3,149.25,9,7172,419.54,3,177.85,8,7503,366.1,3,140.74,8,7542,317.22,3,247.8,8,7646,330.07,3,120.83,9,7656,328.5,3,128.24,9,7670,316.37,3,162.55,9,7676,253.32,3,197.09,9,7702,324.18,3,168.04,9,7741,556.79,3,241.24,8,7743,444.98,3,139.63,9,7746,410.11,3,78.87,9,
4626,5597,593.13,3,298.6,9,5630,416.84,3,129.4,9,5787,331.39,3,141.84,9,7172,394.97,3,149.19,8,7503,351.04,3,135.9,8,7646,330.07,3,120.83,9,7647,243.28,3,243.07,8,7656,328.5,3,128.24,9,7670,312.64,3,171.78,9,7676,274.74,3,182.75,9,7702,324.18,3,168.04,9,7741,553.52,3,238.13,8,7743,439.15,3,135.69,9,7746,412.55,3,79.92,9,
4627,5630,438.05,3,137.53,9,5787,340.55,3,135.2,9,7172,372.01,3,119.31,8,7503,336.21,3,132.7,8,7646,330.07,3,120.83,9,7647,248.25,3,231.43,8,7656,328.5,3,128.24,9,7670,307.9,3,181.97,9,7676,291.24,3,170.57,9,7702,324.18,3,168.04,9,7741,550.06,3,235.23,8,7743,431.58,3,132.18,9,7746,415.04,3,81.05,9,7751,278.46,3,238.06,9,
4628,5630,461.69,3,153.66,9,5787,353.34,3,131.45,9,7172,353.28,3,89.62,8,7503,324.09,3,124.44,8,7646,330.07,3,120.83,9,7647,253.85,3,220.0,8,7656,328.5,3,128.24,9,7670,302.51,3,194.4,9,7676,303.5,3,161.19,9,7702,324.18,3,168.04,9,7741,547.06,3,233.15,8,7743,422.11,3,128.45,9,7746,417.0,3,82.0,9,7751,277.0,3,238.58,9,
4629,5630,481.39,3,169.95,9,5787,367.65,3,128.39,9,7172,336.2,3,59.33,8,7503,322.68,3,109.59,8,7646,330.07,3,120.83,9,7647,260.07,3,208.73,8,7656,328.5,3,128.24,9,7670,297.17,3,208.45,9,7676,311.6,3,154.52,9,7702,324.18,3,168.04,9,7741,545.19,3,232.12,8,7743,410.51,3,124.77,9,7746,419.2,3,83.11,9,7751,273.7,3,239.81,9,
4630,5630,497.28,3,185.16,9,5787,382.7,3,125.65,9,7172,321.47,3,30.13,8,7646,330.07,3,120.83,9,7647,266.27,3,198.63,8,7656,328.5,3,128.24,9,7670,293.03,3,224.22,9,7676,315.89,3,150.65,9,7702,324.18,3,168.04,9,7741,544.35,3,231.75,8,7743,397.63,3,122.44,9,7746,420.9,3,84.01,9,7751,268.65,3,241.79,9,
4631,5630,507.83,3,196.83,9,5787,400.47,3,125.82,9,7172,309.23,3,6.63,8,7646,330.07,3,120.83,9,7647,273.26,3,188.29,8,7656,328.5,3,128.24,9,7670,290.13,3,242.37,9,7676,320.84,3,147.78,9,7702,324.18,3,168.04,9,7741,542.25,3,230.31,8,7743,383.23,3,122.27,9,7746,422.68,3,84.98,9,7751,262.04,3,244.53,9,
4632,5630,514.3,3,204.24,9,5787,420.87,3,130.69,9,7172,300.18,3,30.5,8,7646,330.07,3,120.83,9,7647,280.93,3,178.03,8,7656,328.5,3,128.24,9,7670,289.42,3,262.36,9,7676,320.13,3,152.9,9,7702,324.18,3,168.04,9,7741,535.28,3,223.61,8,7743,367.85,3,124.86,9,7746,424.67,3,86.09,9,7751,253.46,3,248.39,9,
4633,5630,517.83,3,207.81,9,5787,444.05,3,141.25,9,7172,292.25,3,60.4,8,7646,330.07,3,120.83,9,7647,288.36,3,168.99,8,7656,328.5,3,128.24,9,7670,290.82,3,284.43,9,7676,318.15,3,157.94,9,7702,324.18,3,168.04,9,7741,525.47,3,213.73,8,7743,350.64,3,128.72,9,7746,427.22,3,87.58,9,7751,243.44,3,253.29,9,
4634,5630,518.09,3,206.7,9,5787,465.91,3,156.78,9,7172,288.71,3,90.28,8,7646,330.07,3,120.83,9,7647,296.21,3,160.12,8,7656,328.5,3,128.24,9,7676,315.7,3,164.32,9,7702,324.18,3,168.04,9,7741,513.31,3,201.47,8,7743,331.04,3,135.62,9,7746,429.13,3,88.73,9,7751,232.99,3,258.86,9,
4635,5630,514.87,3,202.95,9,5787,483.77,3,172.22,9,7172,288.29,3,120.29,8,7646,330.07,3,120.83,9,7647,303.95,3,151.6,8,7656,327.92,3,130.29,9,7676,312.56,3,171.96,9,7702,324.18,3,168.04,9,7714,322.23,3,231.84,8,7741,499.7,3,187.77,8,7743,310.18,3,147.84,9,7746,431.66,3,90.31,9,7751,223.69,3,264.21,9,
4636,5630,510.12,3,197.48,9,5787,502.44,3,190.63,9,7172,291.0,3,150.31,8,7646,329.72,3,122.4,9,7647,312.56,3,143.16,8,7656,326.74,3,134.28,9,7676,308.15,3,181.41,9,7702,324.18,3,168.04,9,7714,313.45,3,206.18,8,7741,483.54,3,171.47,8,7743,288.25,3,164.38,9,7746,433.6,3,91.55,9,7751,213.85,3,270.25,9,
4637,5630,504.21,3,190.65,9,5787,520.62,3,211.52,9,7172,296.58,3,179.68,8,7604,534.38,3,240.77,8,7646,328.86,3,126.49,9,7647,321.09,3,135.85,8,7656,324.67,3,140.37,9,7676,303.02,3,193.16,9,7687,323.94,3,236.31,8,7702,324.18,3,168.04,9,7714,306.12,3,178.48,8,7741,466.06,3,153.85,8,7743,264.72,3,182.77,9,7746,435.55,3,92.84,9,7751,204.4,3,276.45,9,
4638,5630,496.55,3,182.63,9,5787,538.97,3,233.88,9,7172,304.92,3,209.08,8,7604,501.81,3,210.8,8,7646,327.23,3,132.69,9,7647,330.48,3,128.99,8,7656,321.69,3,148.75,9,7676,297.68,3,206.87,9,7687,314.63,3,209.97,8,7702,324.18,3,168.04,9,7714,301.21,3,151.13,8,7741,446.81,3,134.42,8,7743,238.65,3,200.56,9,7746,437.54,3,94.17,9,7751,194.78,3,283.17,9,7766,319.49,3,109.83,8,7767,321.69,3,157.63,9,
4639,5630,487.16,3,173.57,9,5787,557.07,3,255.86,9,7172,316.1,3,239.25,8,7604,469.77,3,182.08,8,7646,324.71,3,140.27,9,7647,340.15,3,123.28,8,7656,317.67,3,159.17,9,7676,293.32,3,223.02,9,7687,306.81,3,181.52,8,7702,324.18,3,168.04,9,7714,298.71,3,123.15,8,7741,426.2,3,113.6,8,7743,211.06,3,217.11,9,7746,439.11,3,95.24,9,7751,185.36,3,290.14,9,7766,319.51,3,111.5,8,7767,322.66,3,155.21,9,
4640,5630,475.41,3,162.29,9,5787,572.73,3,274.63,9,7604,436.87,3,153.97,8,7646,321.2,3,150.07,9,7647,349.24,3,119.17,8,7656,312.67,3,171.73,9,7676,290.26,3,240.7,9,7687,301.38,3,152.4,8,7702,324.18,3,168.04,9,7714,298.82,3,95.19,8,7741,403.68,3,90.82,8,7743,182.19,3,231.4,9,7746,441.17,3,96.68,9,7751,176.72,3,296.73,9,7766,319.57,3,114.47,8,7767,324.04,3,151.51,9,
4641,5787,584.79,3,288.93,9,7604,404.69,3,128.95,8,7646,316.63,3,161.86,9,7647,355.88,3,116.94,8,7656,305.97,3,186.27,9,7676,289.43,3,260.91,9,7687,298.69,3,122.53,8,7702,324.18,3,168.04,9,7714,301.5,3,67.49,8,7741,381.24,3,67.36,8,7743,153.78,3,246.05,9,7746,442.96,3,97.95,9,7766,319.7,3,118.75,8,7767,326.17,3,145.55,9,
4642,5787,593.27,3,298.75,9,7604,372.64,3,107.86,8,7646,310.88,3,175.6,9,7647,360.06,3,115.9,8,7656,299.07,3,203.15,9,7676,290.68,3,283.2,9,7687,298.93,3,93.16,8,7702,324.18,3,168.04,9,7714,305.43,3,39.75,8,7741,363.18,3,48.46,8,7743,125.08,3,263.66,9,7746,444.61,3,99.13,9,7766,321.11,3,124.84,8,7767,328.75,3,138.07,9,
4643,7604,340.62,3,92.59,8,7646,304.13,3,190.52,9,7647,366.13,3,115.03,8,7656,293.37,3,222.79,9,7687,302.16,3,63.06,8,7702,321.71,3,168.36,9,7714,313.96,3,13.04,8,7741,349.46,3,34.16,8,7743,96.88,3,283.97,9,7746,447.13,3,100.98,9,7766,326.25,3,132.38,8,7767,331.65,3,128.73,9,
4644,7604,307.97,3,85.75,8,7646,297.28,3,208.07,9,7647,373.76,3,114.93,8,7656,289.99,3,244.27,9,7687,310.14,3,34.45,8,7702,317.88,3,169.31,9,7714,324.98,3,15.84,8,7741,339.85,3,24.32,8,7746,449.04,3,102.4,9,7749,369.1,3,249.69,8,7766,336.32,3,135.78,8,7767,334.27,3,116.61,9,
4645,7604,275.04,3,90.4,8,7646,292.1,3,228.32,9,7647,382.82,3,115.94,8,7656,289.46,3,266.4,9,7687,319.89,3,7.97,8,7702,312.54,3,172.98,9,7714,337.06,3,41.7,8,7741,334.48,3,18.99,8,7746,451.23,3,104.05,9,7749,354.98,3,248.21,8,7766,349.33,3,138.4,8,7767,335.42,3,102.99,9,
4646,7604,242.74,3,104.03,8,7646,289.67,3,250.47,9,7647,394.24,3,119.04,8,7656,291.32,3,288.71,9,7687,331.39,3,24.41,8,7702,308.68,3,180.26,9,7714,349.47,3,65.56,8,7741,329.67,3,15.11,8,7746,453.19,3,105.56,9,7749,340.44,3,247.43,8,7766,364.61,3,142.98,8,7767,337.3,3,86.8,9,
4647,7604,210.11,3,124.17,8,7646,289.81,3,273.4,9,7647,405.81,3,123.81,8,7687,343.65,3,49.64,8,7702,304.35,3,190.0,9,7714,364.17,3,91.36,8,7741,331.65,3,20.06,8,7746,455.11,3,107.04,9,7749,326.38,3,247.34,8,7766,379.09,3,148.24,8,7767,340.21,3,69.21,9,
4648,7604,178.55,3,148.13,8,7646,292.3,3,296.17,9,7647,416.93,3,129.44,8,7687,358.2,3,76.74,8,7702,299.58,3,201.79,9,7714,381.66,3,119.19,8,7716,545.27,3,293.34,9,7741,335.38,3,27.8,8,7746,457.5,3,108.93,9,7749,311.72,3,248.29,8,7766,393.86,3,153.81,8,7767,344.54,3,49.62,9,
4649,7604,146.3,3,175.18,8,7647,427.54,3,135.34,8,7687,375.06,3,105.34,8,7702,295.13,3,215.81,9,7714,401.12,3,146.59,8,7716,536.99,3,282.88,9,7741,337.45,3,37.18,8,7743,77.05,3,239.9,8,7746,459.49,3,110.51,9,7766,408.62,3,160.65,8,7767,350.88,3,27.57,9,7774,553.02,3,297.13,9,
4650,7604,114.45,3,203.6,8,7647,438.94,3,142.54,8,7687,393.95,3,133.54,8,7702,291.38,3,231.98,9,7714,422.54,3,173.65,8,7716,527.74,3,271.07,9,7741,343.29,3,48.95,8,7743,105.15,3,214.25,8,7746,462.09,3,112.6,9,7766,423.75,3,168.8,8,7767,359.22,3,4.11,9,7774,540.19,3,287.67,9,
4651,7550,293.06,3,274.59,9,7604,83.57,3,232.48,8,7647,450.42,3,150.54,8,7687,414.8,3,161.46,8,7702,289.67,3,250.36,9,7714,445.09,3,200.9,8,7716,516.97,3,257.15,9,7741,350.56,3,62.86,8,7742,562.13,3,246.9,8,7743,132.9,3,189.81,8,7746,463.94,3,114.11,9,7766,438.18,3,177.5,8,7767,370.22,3,22.33,9,7774,526.4,3,277.81,9,
4652,7550,292.97,3,248.65,9,7647,462.18,3,159.37,8,7687,437.62,3,189.38,8,7702,289.64,3,270.92,9,7714,467.29,3,227.75,8,7716,504.85,3,241.22,9,7741,359.04,3,78.22,8,7742,557.91,3,242.38,8,7743,160.95,3,166.27,8,7746,465.74,3,115.58,9,7766,453.7,3,188.53,8,7767,383.69,3,49.76,9,7774,513.31,3,268.78,9,
4653,7550,296.92,3,221.94,9,7647,473.59,3,168.43,8,7687,460.13,3,216.81,8,7702,291.99,3,293.74,9,7716,491.49,3,223.34,9,7741,366.36,3,95.04,8,7742,554.04,3,238.6,8,7743,189.21,3,144.31,8,7746,467.39,3,116.95,9,7766,469.13,3,200.6,8,7767,399.22,3,78.54,9,7774,499.29,3,259.5,9,
4654,7550,303.62,3,200.26,9,7647,485.47,3,178.31,8,7687,483.69,3,245.05,8,7716,477.27,3,203.85,9,7741,378.02,3,113.74,8,7742,550.29,3,235.41,8,7743,217.91,3,124.88,8,7746,470.15,3,119.25,9,7766,483.82,3,212.5,8,7767,416.16,3,108.05,9,7774,485.45,3,250.78,9,
4655,7550,310.79,3,183.32,9,7647,497.17,3,188.4,8,7716,461.77,3,182.0,9,7741,391.99,3,134.01,8,7742,547.27,3,233.28,8,7743,245.96,3,110.09,8,7746,472.64,3,121.36,9,7766,499.37,3,225.48,8,7767,434.64,3,137.94,9,7774,473.06,3,238.21,9,
4656,7550,316.7,3,170.42,9,7604,84.8,3,298.64,9,7647,508.88,3,198.78,8,7716,445.84,3,158.68,9,7741,408.31,3,156.16,8,7742,545.34,3,232.2,8,7743,274.99,3,100.16,8,7746,474.72,3,123.13,9,7766,510.68,3,235.12,8,7767,453.85,3,167.12,9,7774,465.1,3,226.54,9,
4657,7550,320.35,3,161.06,9,7604,116.95,3,274.22,9,7647,520.32,3,209.15,8,7716,429.42,3,133.56,9,7741,427.48,3,179.64,8,7742,544.39,3,231.76,8,7743,303.32,3,97.67,8,7746,476.61,3,124.75,9,7766,518.35,3,241.73,8,7767,474.28,3,196.58,9,7774,461.37,3,217.96,9,
4658,7550,322.38,3,155.91,9,7604,148.85,3,253.56,9,7647,532.08,3,220.0,8,7716,412.62,3,106.34,9,7741,448.61,3,205.2,8,7742,542.93,3,231.19,8,7743,331.25,3,100.99,8,7746,478.43,3,126.32,9,7751,119.08,3,247.19,8,7766,522.74,3,245.55,8,7767,495.16,3,225.43,9,7774,459.17,3,213.61,9,
4659,7550,324.89,3,149.26,9,7560,473.02,3,238.1,8,7604,181.41,3,237.12,9,7647,544.29,3,231.44,8,7716,396.53,3,78.41,9,7741,471.68,3,232.99,8,7742,541.1,3,230.73,8,7743,359.93,3,110.13,8,7746,480.3,3,127.94,9,7751,123.68,3,236.68,8,7767,513.4,3,249.79,9,7774,453.68,3,207.65,9,
4660,7550,327.91,3,140.57,9,7560,455.21,3,216.45,8,7604,213.06,3,221.46,9,7647,554.31,3,240.93,8,7716,381.17,3,50.15,9,7742,538.97,3,230.49,8,7743,387.91,3,124.96,8,7746,481.93,3,129.36,9,7751,129.54,3,225.1,8,7767,528.62,3,269.64,9,7774,445.1,3,202.38,9,
4661,7376,295.5,3,296.75,9,7550,331.43,3,129.54,9,7560,436.29,3,194.52,8,7604,241.89,3,204.46,9,7647,561.27,3,247.57,8,7716,367.37,3,22.23,9,7742,536.73,3,230.85,8,7743,416.03,3,143.33,8,7746,484.04,3,131.17,9,7751,136.02,3,213.69,8,7766,532.59,3,247.18,8,7767,540.65,3,285.05,9,7774,434.42,3,196.61,9,
4662,7376,292.74,3,269.86,9,7550,334.35,3,116.3,9,7560,417.9,3,173.38,8,7579,532.0,3,238.56,8,7604,270.95,3,185.39,9,7716,355.55,3,5.51,9,7742,534.72,3,231.98,8,7743,444.83,3,165.08,8,7746,485.79,3,132.67,9,7751,142.77,3,202.85,8,7766,533.02,3,245.23,8,7767,549.26,3,295.95,9,7774,421.35,3,190.12,9,
4663,7376,293.34,3,242.63,9,7550,335.6,3,101.03,9,7560,399.95,3,152.5,8,7579,506.84,3,215.39,8,7604,299.06,3,164.49,9,7716,345.89,3,33.84,9,7742,533.17,3,233.65,8,7743,473.45,3,188.8,8,7746,487.33,3,134.0,9,7751,150.5,3,191.28,8,7766,533.18,3,244.6,8,7774,407.45,3,183.98,9,7793,142.54,3,294.52,9,
4664,7376,297.64,3,219.04,9,7550,337.76,3,83.62,9,7560,383.07,3,130.59,8,7579,481.49,3,192.46,8,7604,325.54,3,143.29,9,7716,338.83,3,60.62,9,7742,532.26,3,235.16,8,7743,502.05,3,213.92,8,7746,489.82,3,136.16,9,7751,158.7,3,179.7,8,7766,533.22,3,244.46,8,7774,393.46,3,178.69,9,7793,146.68,3,280.29,9,
4665,7376,303.61,3,200.3,9,7550,341.07,3,64.89,9,7560,368.16,3,109.72,8,7579,456.48,3,170.51,8,7604,354.98,3,131.07,9,7647,559.25,3,245.98,8,7716,334.71,3,82.91,9,7742,531.83,3,236.07,8,7743,530.57,3,239.77,8,7746,491.96,3,138.03,9,7751,166.88,3,168.67,8,7766,533.22,3,244.42,8,7774,379.37,3,174.35,9,7793,152.86,3,264.14,9,7800,428.58,3,242.06,8,
4666,7376,309.51,3,186.16,9,7550,346.06,3,43.92,9,7560,355.1,3,88.12,8,7579,431.64,3,149.71,8,7604,384.41,3,125.48,9,7642,475.74,3,241.37,8,7647,553.47,3,240.5,8,7716,332.45,3,100.71,9,7742,531.18,3,237.57,8,7746,494.48,3,140.25,9,7751,175.26,3,157.79,8,7766,533.23,3,244.41,8,7767,547.85,3,296.59,9,7774,366.38,3,171.28,9,7793,161.74,3,245.44,9,7800,423.12,3,231.93,8,
4667,7376,314.1,3,176.27,9,7550,350.93,3,27.46,9,7560,343.09,3,66.85,8,7579,405.67,3,129.67,8,7604,414.83,3,128.8,9,7642,454.8,3,215.95,8,7647,546.24,3,233.67,8,7716,331.37,3,114.0,9,7742,530.45,3,239.72,8,7746,495.99,3,141.59,9,7749,141.32,3,299.87,9,7751,184.45,3,146.49,8,7766,533.82,3,244.06,8,7767,541.39,3,288.45,9,7774,352.93,3,169.1,9,7793,172.54,3,226.19,9,7800,416.67,3,219.52,8,
4668,7376,321.47,3,171.61,9,7417,466.0,3,229.6,8,7550,354.9,3,15.54,9,7560,331.66,3,44.89,8,7579,380.41,3,112.55,8,7604,446.14,3,142.66,9,7642,432.35,3,190.01,8,7647,537.68,3,225.67,8,7716,329.59,3,123.01,9,7742,529.69,3,242.73,8,7746,497.71,3,143.12,9,7749,145.68,3,283.37,9,7751,194.31,3,134.81,8,7766,536.88,3,245.83,8,7767,533.32,3,278.2,9,7774,340.07,3,168.02,9,7793,184.47,3,207.3,9,7800,402.83,3,213.92,8,
4669,7376,331.05,3,171.05,9,7417,443.78,3,203.06,8,7550,357.55,3,8.17,9,7560,321.25,3,22.85,8,7579,354.87,3,98.4,8,7588,475.57,3,241.17,8,7604,477.76,3,166.5,9,7642,410.79,3,165.15,8,7647,527.27,3,216.06,8,7716,328.63,3,127.63,9,7742,529.01,3,246.55,8,7746,499.59,3,144.81,9,7749,151.52,3,267.34,9,7751,204.2,3,123.33,8,7767,524.04,3,266.3,9,7774,331.08,3,167.85,9,7793,197.77,3,188.02,9,7800,388.27,3,209.29,8,
4670,7376,343.14,3,171.37,9,7417,421.92,3,178.03,8,7550,361.18,3,4.79,9,7560,312.53,3,3.47,8,7579,329.74,3,89.45,8,7588,453.37,3,214.18,8,7604,508.25,3,197.32,9,7642,389.62,3,139.16,8,7647,515.12,3,205.02,8,7716,326.99,3,133.53,9,7746,501.42,3,146.45,9,7749,159.1,3,250.64,9,7751,213.59,3,112.58,8,7767,513.14,3,252.14,9,7774,326.42,3,167.95,9,7793,211.92,3,168.85,9,7800,373.62,3,205.67,8,
4671,7376,356.4,3,172.7,9,7417,399.13,3,151.46,8,7477,472.46,3,239.73,8,7550,366.88,3,9.78,9,7560,305.61,3,21.31,8,7579,304.28,3,85.66,8,7588,431.26,3,188.75,8,7642,370.56,3,113.52,8,7647,503.76,3,194.92,8,7716,324.29,3,141.47,9,7746,503.48,3,148.31,9,7749,167.67,3,234.54,9,7751,223.27,3,101.66,8,7767,501.21,3,236.39,9,7774,325.27,3,168.0,9,7793,226.09,3,150.71,9,7800,358.97,3,203.2,8,
4672,7376,369.11,3,174.92,9,7417,379.43,3,125.77,8,7477,449.36,3,211.74,8,7550,373.8,3,17.23,9,7560,300.37,3,42.28,8,7579,279.43,3,89.1,8,7588,408.45,3,162.42,8,7636,293.27,3,277.26,9,7642,354.93,3,87.84,8,7647,492.39,3,185.06,8,7716,320.61,3,151.64,9,7746,505.34,3,150.0,9,7749,177.38,3,218.29,9,7751,232.66,3,91.18,8,7767,488.37,3,219.11,9,7774,324.41,3,168.02,9,7793,241.56,3,131.66,9,7800,344.91,3,201.95,8,
4673,7376,382.35,3,178.18,9,7417,362.35,3,100.29,8,7477,425.82,3,185.04,8,7550,382.8,3,26.93,9,7560,294.84,3,63.58,8,7579,254.43,3,98.09,8,7588,388.01,3,137.07,8,7636,292.91,3,249.97,9,7642,341.14,3,63.24,8,7647,481.03,3,175.52,8,7716,316.1,3,163.27,9,7746,507.67,3,152.12,9,7749,188.01,3,202.03,9,7751,243.0,3,79.77,8,7767,474.58,3,200.11,9,7774,324.22,3,168.04,9,7793,257.32,3,112.85,9,7800,330.41,3,201.86,8,
4674,7376,395.64,3,182.36,9,7417,348.1,3,75.91,8,7477,402.87,3,158.68,8,7550,393.68,3,38.63,9,7560,292.25,3,85.42,8,7579,229.4,3,111.56,8,7588,369.51,3,111.87,8,7636,296.71,3,222.77,9,7642,330.69,3,42.93,8,7647,469.03,3,165.86,8,7716,310.39,3,176.62,9,7746,509.96,3,154.22,9,7749,199.14,3,186.12,9,7751,252.85,3,68.99,8,7767,459.56,3,178.81,9,7774,324.18,3,168.04,9,7793,273.2,3,94.35,9,7800,333.76,3,216.23,8,
4675,7376,408.41,3,187.2,9,7417,337.08,3,55.54,8,7477,381.13,3,131.33,8,7550,406.64,3,52.51,9,7560,291.29,3,106.34,8,7579,203.49,3,128.9,8,7588,354.46,3,87.03,8,7636,303.48,3,200.65,9,7642,323.21,3,27.17,8,7647,457.97,3,157.39,8,7716,303.65,3,191.65,9,7746,512.27,3,156.35,9,7749,210.96,3,170.12,9,7751,262.53,3,58.48,8,7767,443.45,3,155.1,9,7774,324.18,3,168.04,9,7793,289.17,3,76.09,9,7800,337.68,3,228.38,8,
4676,7376,421.83,3,193.06,9,7417,328.74,3,38.92,8,7477,362.43,3,104.71,8,7550,421.0,3,67.83,9,7560,291.85,3,127.32,8,7579,177.6,3,148.89,8,7588,342.93,3,66.55,8,7636,310.81,3,183.29,9,7642,318.22,3,16.01,8,7647,447.12,3,149.61,8,7716,296.92,3,209.3,9,7746,514.27,3,158.2,9,7749,223.06,3,154.52,9,7751,272.67,3,47.57,8,7767,426.57,3,129.06,9,7774,324.18,3,168.04,9,7793,306.36,3,56.76,9,7800,340.62,3,236.75,8,
4677,7376,435.2,3,199.63,9,7417,323.06,3,26.84,8,7477,348.98,3,82.28,8,7550,437.26,3,85.08,9,7560,294.06,3,149.42,8,7579,152.29,3,170.01,8,7588,333.74,3,49.05,8,7636,316.8,3,170.15,9,7642,317.69,3,9.48,8,7647,435.71,3,142.06,8,7716,291.9,3,229.27,9,7746,516.66,3,160.41,9,7749,235.84,3,138.63,9,7751,283.3,3,36.23,8,7755,541.32,3,247.26,8,7767,409.28,3,100.71,9,7774,324.18,3,168.04,9,7793,323.26,3,38.03,9,7800,342.11,3,240.65,8,
4678,7376,448.84,3,207.02,9,7417,319.67,3,19.29,8,7477,338.24,3,63.15,8,7550,455.17,3,104.01,9,7560,297.86,3,171.34,8,7579,127.54,3,191.74,8,7588,327.37,3,36.07,8,7636,320.43,3,160.86,9,7642,323.18,3,8.33,8,7647,424.32,3,135.35,8,7716,289.62,3,251.6,9,7746,518.52,3,162.15,9,7749,248.89,3,122.85,9,7751,293.54,3,25.43,8,7755,535.06,3,242.4,8,7774,322.62,3,168.24,9,7793,336.23,3,23.81,9,7800,345.46,3,246.69,8,
4679,7417,317.21,3,11.37,8,7477,330.55,3,48.54,8,7550,474.98,3,124.84,9,7560,303.14,3,193.02,8,7579,102.85,3,214.31,8,7588,320.58,3,28.26,8,7636,322.45,3,155.74,9,7642,331.62,3,16.1,8,7647,413.23,3,129.54,8,7716,290.01,3,276.01,9,7746,521.15,3,164.6,9,7749,262.34,3,106.96,9,7751,299.58,3,19.16,8,7755,530.74,3,240.97,8,7774,319.17,3,168.82,9,7793,345.34,3,13.9,9,
4680,7417,318.82,3,7.87,8,7477,325.49,3,38.45,8,7550,496.56,3,147.44,9,7560,309.85,3,214.73,8,7579,78.26,3,237.57,8,7588,315.81,3,18.07,8,7636,325.21,3,148.32,9,7642,339.49,3,24.24,8,7647,402.13,3,124.47,8,7746,522.86,3,166.21,9,7749,275.86,3,91.29,9,7751,301.79,3,16.9,8,7755,529.59,3,243.19,8,7774,314.59,3,171.03,9,7793,350.35,3,8.53,9,
4681,7417,323.43,3,8.49,8,7477,320.41,3,27.89,8,7550,520.11,3,171.99,9,7560,318.09,3,236.88,8,7588,310.87,3,7.82,8,7636,328.32,3,139.34,9,7642,349.8,3,35.06,8,7647,391.41,3,120.64,8,7724,293.98,3,284.62,9,7746,524.9,3,168.13,9,7749,289.85,3,75.31,9,7751,302.46,3,16.22,8,7755,528.96,3,246.97,8,7774,310.5,3,176.37,9,7793,354.42,3,4.37,9,
4682,7417,331.01,3,15.48,8,7550,545.09,3,197.95,9,7588,305.72,3,12.53,8,7636,331.73,3,128.29,9,7642,362.58,3,48.51,8,7724,292.64,3,259.6,9,7746,527.14,3,170.24,9,7749,304.55,3,58.78,9,7751,304.64,3,14.19,8,7774,306.59,3,184.85,9,7793,355.05,3,6.46,9,
4683,7417,340.92,3,25.74,8,7588,300.91,3,27.78,8,7636,334.51,3,115.0,9,7642,377.73,3,64.43,8,7724,294.05,3,235.8,9,7746,528.87,3,171.88,9,7749,319.64,3,42.02,9,7751,308.66,3,10.74,8,7774,302.29,3,194.93,9,7793,353.31,3,11.47,9,
4684,7417,352.55,3,37.95,8,7588,296.67,3,45.17,8,7636,335.72,3,99.91,9,7642,394.97,3,82.49,8,7724,299.55,3,211.87,9,7746,531.2,3,174.08,9,7749,333.15,3,27.17,9,7751,314.26,3,8.23,8,7774,297.74,3,206.71,9,7793,350.74,3,18.79,9,
4685,7417,366.37,3,52.49,8,7588,291.48,3,65.11,8,7636,337.87,3,82.93,9,7642,414.95,3,102.94,8,7724,306.69,3,192.68,9,7746,533.46,3,176.24,9,7749,343.2,3,16.22,9,7751,321.48,3,11.12,8,7774,294.02,3,220.14,9,7793,347.79,3,27.71,9,
4686,7417,381.91,3,68.8,8,7588,288.9,3,87.67,8,7636,341.26,3,63.92,9,7642,435.98,3,124.12,8,7724,313.28,3,177.97,9,7746,535.25,3,177.94,9,7749,349.2,3,9.75,9,7751,326.66,3,19.61,8,7774,290.74,3,236.21,9,7793,344.34,3,39.09,9,
4687,7417,399.06,3,86.76,8,7579,104.71,3,283.18,9,7588,288.11,3,112.82,8,7636,345.98,3,44.23,9,7642,456.18,3,144.46,8,7724,318.35,3,166.26,9,7746,537.37,3,179.97,9,7749,353.1,3,5.6,9,7751,331.72,3,30.66,8,7774,289.54,3,253.92,9,7793,340.77,3,52.26,9,
4688,7417,418.9,3,106.91,8,7579,129.93,3,265.35,9,7588,289.69,3,139.75,8,7636,350.87,3,27.62,9,7642,477.01,3,165.44,8,7724,321.34,3,158.52,9,7746,539.94,3,182.43,9,7749,355.38,3,4.95,9,7751,337.74,3,43.08,8,7774,289.86,3,274.05,9,7793,337.54,3,66.84,9,
4689,7417,440.64,3,128.81,8,7579,155.83,3,249.49,9,7588,294.21,3,168.96,8,7636,354.89,3,15.54,9,7642,497.58,3,186.15,8,7724,322.76,3,154.98,9,7746,542.17,3,184.57,9,7749,354.24,3,8.94,9,7751,344.84,3,56.93,8,7774,292.37,3,296.65,9,7783,547.95,3,296.72,9,7793,334.6,3,83.6,9,
4690,7417,464.16,3,152.5,8,7579,181.63,3,237.01,9,7588,302.17,3,200.37,8,7636,357.61,3,8.02,9,7642,514.11,3,202.78,8,7724,322.86,3,154.72,9,7746,544.58,3,186.89,9,7749,351.94,3,15.3,9,7751,353.49,3,72.85,8,7783,540.58,3,287.42,9,7793,332.37,3,101.5,9,
4691,7417,485.49,3,173.98,8,7579,206.92,3,224.54,9,7588,312.86,3,231.19,8,7636,361.64,3,4.99,9,7642,526.64,3,215.39,8,7724,322.88,3,154.69,9,7746,546.96,3,189.18,9,7749,349.22,3,23.32,9,7751,363.72,3,90.61,8,7762,536.12,3,242.4,8,7783,531.3,3,275.63,9,7793,331.33,3,114.89,9,
4692,7417,503.48,3,192.08,8,7579,231.88,3,210.97,9,7636,367.04,3,9.95,9,7642,535.6,3,224.4,8,7724,322.88,3,154.67,9,7746,548.79,3,190.96,9,7749,346.12,3,33.05,9,7751,375.37,3,109.72,8,7762,509.44,3,217.76,8,7783,520.33,3,261.5,9,7793,329.45,3,123.67,9,
4693,7417,517.01,3,205.7,8,7579,256.21,3,195.29,9,7636,373.99,3,17.43,9,7642,540.03,3,229.03,8,7724,322.88,3,154.67,9,7742,357.44,3,248.39,8,7746,550.71,3,192.81,9,7749,342.66,3,45.07,9,7751,389.65,3,130.76,8,7762,482.46,3,193.33,8,7783,508.18,3,245.62,9,7793,328.55,3,128.01,9,
4694,7417,526.81,3,215.56,8,7579,279.07,3,179.82,9,7636,382.66,3,26.78,9,7642,540.99,3,230.68,8,7724,322.89,3,154.67,9,7742,337.64,3,247.34,8,7746,552.52,3,194.58,9,7749,339.11,3,59.36,9,7751,408.23,3,153.22,8,7762,455.75,3,169.87,8,7783,495.25,3,228.41,9,7793,328.51,3,128.22,9,
4695,7417,534.06,3,222.85,8,7579,300.94,3,163.08,9,7636,393.34,3,38.27,9,7642,539.82,3,230.53,8,7724,322.89,3,154.67,9,7742,317.73,3,247.76,8,7746,554.2,3,196.2,9,7749,335.93,3,75.42,9,7751,427.5,3,177.09,8,7762,428.46,3,147.16,8,7783,481.29,3,209.42,9,7793,328.5,3,128.24,9,
4696,7417,540.31,3,229.34,8,7579,321.16,3,146.42,9,7636,406.45,3,52.32,9,7642,538.38,3,230.51,8,7724,322.89,3,154.67,9,7746,555.83,3,197.79,9,7749,333.36,3,92.63,9,7751,448.55,3,202.68,8,7762,401.43,3,126.61,8,7783,466.58,3,188.85,9,7793,328.5,3,128.24,9,
4697,7417,540.54,3,230.62,8,7579,343.15,3,134.33,9,7636,420.87,3,67.69,9,7642,536.64,3,230.88,8,7724,322.89,3,154.67,9,7746,558.42,3,200.32,9,7749,331.94,3,106.18,9,7751,471.09,3,230.03,8,7762,374.69,3,109.09,8,7783,451.24,3,166.7,9,7793,327.94,3,130.22,9,
4698,7417,538.93,3,230.49,8,7579,366.89,3,128.59,9,7636,437.24,3,85.07,9,7642,534.73,3,231.97,8,7724,322.89,3,154.67,9,7746,560.88,3,202.71,9,7749,331.25,3,115.63,9,7762,346.89,3,94.93,8,7783,435.15,3,142.47,9,7793,326.99,3,133.53,9,
4699,7417,537.07,3,230.74,8,7579,389.24,3,125.15,9,7636,455.89,3,104.77,9,7642,533.2,3,233.62,8,7724,322.89,3,154.67,9,7746,562.41,3,204.21,9,7749,329.7,3,122.5,9,7762,319.79,3,87.12,8,7783,419.03,3,116.94,9,7793,325.12,3,139.01,9,
4700,7417,535.15,3,231.66,8,7579,413.48,3,128.41,9,7636,476.57,3,126.51,9,7642,532.26,3,235.15,8,7724,322.89,3,154.67,9,7746,564.05,3,205.81,9,7749,328.66,3,127.48,9,7762,292.78,3,86.38,8,7783,403.17,3,90.16,9,7793,322.65,3,146.05,9,7801,324.67,3,238.18,8,
4701,7417,533.67,3,233.02,8,7579,437.94,3,137.47,9,7636,499.48,3,150.49,9,7642,531.86,3,236.03,8,7724,322.89,3,154.67,9,7746,566.06,3,207.78,9,7749,326.63,3,134.59,9,7762,265.22,3,93.58,8,7783,388.49,3,63.87,9,7793,319.16,3,155.38,9,7801,315.02,3,211.21,8,
4702,7417,532.89,3,234.09,8,7579,463.3,3,154.84,9,7636,521.38,3,173.32,9,7642,531.2,3,237.5,8,7724,322.89,3,154.67,9,7746,568.15,3,209.83,9,7749,323.69,3,143.14,9,7762,238.56,3,106.3,8,7783,374.48,3,37.01,9,7793,314.71,3,166.82,9,7801,307.04,3,182.51,8,
4703,7417,532.11,3,235.45,8,7579,488.72,3,176.95,9,7636,539.19,3,191.82,9,7642,530.51,3,239.53,8,7724,322.89,3,154.67,9,7746,570.24,3,211.88,9,7749,320.0,3,153.31,9,7762,211.54,3,123.17,8,7783,362.17,3,10.78,9,7793,308.68,3,180.27,9,7801,301.4,3,152.54,8,
4704,7417,531.26,3,237.38,8,7579,512.26,3,201.91,9,7636,552.69,3,205.82,9,7642,529.8,3,242.27,8,7724,322.89,3,154.67,9,7746,572.96,3,214.55,9,7749,315.39,3,165.13,9,7762,183.96,3,143.79,8,7783,351.62,3,16.25,9,7793,301.89,3,195.9,9,7801,298.7,3,122.83,8,
4705,7417,530.41,3,239.91,8,7579,533.67,3,227.38,9,7636,561.86,3,215.32,9,7642,529.1,3,245.9,8,7724,322.89,3,154.67,9,7746,575.03,3,216.59,9,7749,309.27,3,178.99,9,7762,157.5,3,165.56,8,7783,343.49,3,42.07,9,7793,295.55,3,214.22,9,7801,298.92,3,93.31,8,
4706,7417,529.61,3,243.12,8,7579,553.42,3,251.45,9,7636,566.73,3,220.45,9,7724,322.89,3,154.67,9,7746,576.99,3,218.53,9,7749,302.19,3,195.2,9,7762,129.91,3,189.63,8,7783,337.5,3,66.99,9,7793,290.88,3,235.17,9,7801,302.0,3,64.1,8,
4707,7417,528.93,3,247.14,8,7579,569.74,3,271.05,9,7636,567.32,3,222.35,9,7724,322.89,3,154.67,9,7746,578.7,3,220.21,9,7749,295.88,3,213.0,9,7762,102.83,3,214.32,8,7783,333.94,3,88.23,9,7793,289.45,3,258.78,9,7801,306.85,3,34.74,8,
4708,7579,583.33,3,287.2,9,7636,564.44,3,220.85,9,7724,322.89,3,154.67,9,7746,581.18,3,222.66,9,7749,291.33,3,232.24,9,7762,75.83,3,239.93,8,7783,332.05,3,104.96,9,7793,290.56,3,282.04,9,7801,316.5,3,6.55,8,
4709,7579,593.39,3,298.89,9,7636,560.53,3,218.9,9,7724,322.89,3,154.67,9,7742,141.69,3,298.18,9,7746,583.88,3,225.33,9,7749,289.59,3,252.62,9,7783,330.89,3,117.18,9,7801,328.63,3,23.96,8,
4710,7587,478.56,3,244.74,8,7636,555.31,3,216.58,9,7724,322.89,3,154.67,9,7742,148.2,3,275.95,9,7746,586.12,3,227.55,9,7749,289.8,3,273.2,9,7783,329.21,3,124.82,9,7801,342.71,3,52.85,8,
4711,7587,456.96,3,218.59,8,7636,549.01,3,214.29,9,7724,322.89,3,154.67,9,7742,157.5,3,253.94,9,7746,588.57,3,229.98,9,7749,292.0,3,293.79,9,7783,326.72,3,134.34,9,7801,359.17,3,82.84,8,
4712,7587,434.08,3,191.99,8,7636,541.73,3,212.4,9,7724,322.89,3,154.67,9,7734,468.75,3,232.94,8,7742,169.31,3,231.68,9,7746,590.94,3,232.32,9,7783,322.93,3,145.25,9,7801,376.98,3,112.17,8,
4713,7587,410.8,3,165.16,8,7636,533.53,3,211.41,9,7724,323.13,3,152.73,9,7734,446.06,3,205.65,8,7742,183.59,3,208.64,9,7746,593.04,3,234.41,9,7783,317.94,3,158.47,9,7801,397.35,3,141.43,8,
4714,7587,389.51,3,139.02,8,7724,323.01,3,148.74,9,7734,422.18,3,178.32,8,7742,198.82,3,186.57,9,7746,595.52,3,236.87,9,7762,94.74,3,290.71,9,7783,312.11,3,172.94,9,7801,420.4,3,171.03,8,
4715,7587,369.89,3,112.46,8,7724,319.2,3,144.96,9,7734,399.99,3,152.55,8,7742,215.56,3,164.1,9,7746,597.21,3,238.55,9,7762,121.18,3,271.29,9,7783,305.07,3,188.33,9,7801,442.65,3,197.92,8,
4716,7587,353.71,3,85.74,8,7724,313.72,3,145.65,9,7734,379.45,3,125.79,8,7742,233.26,3,141.8,9,7746,599.26,3,240.59,9,7762,147.88,3,254.13,9,7783,298.27,3,205.28,9,7801,461.68,3,221.02,8,
4717,7587,340.41,3,61.87,8,7724,308.52,3,149.0,9,7734,361.32,3,98.59,8,7742,251.7,3,119.5,9,7746,600.93,3,242.25,9,7762,175.45,3,240.27,9,7783,292.95,3,224.59,9,7801,477.27,3,239.64,8,
4718,7587,330.47,3,42.48,8,7724,301.41,3,154.14,9,7734,347.45,3,74.76,8,7742,270.81,3,97.1,9,7746,603.18,3,244.5,9,7762,202.14,3,226.81,9,7783,289.85,3,246.69,9,
4719,7587,323.43,3,27.63,8,7724,292.35,3,161.14,9,7734,336.5,3,54.42,8,7742,290.75,3,74.3,9,7746,605.28,3,246.58,9,7762,229.09,3,212.86,9,7783,289.65,3,271.14,9,
4720,7587,318.4,3,16.41,8,7724,281.79,3,169.29,9,7734,328.57,3,38.59,8,7742,311.28,3,51.28,9,7746,606.97,3,248.27,9,7762,254.24,3,196.51,9,7783,292.54,3,297.93,9,7800,328.58,3,240.69,8,
4721,7587,317.52,3,9.76,8,7724,269.71,3,179.06,9,7734,322.91,3,26.5,8,7742,331.66,3,28.8,9,7746,609.18,3,250.48,9,7762,275.79,3,182.03,9,7800,318.97,3,214.11,8,
4722,7587,323.22,3,8.35,8,7724,254.74,3,190.05,9,7734,319.27,3,18.39,8,7746,611.65,3,252.95,9,7762,293.21,3,169.01,9,7800,310.98,3,186.07,8,
4723,7587,331.22,3,15.69,8,7724,237.82,3,201.11,9,7734,317.2,3,10.28,8,7746,614.09,3,255.39,9,7762,306.61,3,158.95,9,7800,305.13,3,156.44,8,
4724,7587,339.98,3,24.76,8,7724,218.43,3,212.79,9,7734,322.42,3,7.9,8,7746,615.74,3,257.05,9,7762,315.42,3,151.06,9,7800,298.83,3,125.7,8,7890,517.47,3,239.63,8,
4725,7587,351.1,3,36.43,8,7724,196.37,3,224.6,9,7734,330.6,3,15.06,8,7746,618.43,3,259.73,9,7762,320.27,3,145.9,9,7800,298.87,3,94.3,8,7890,515.75,3,238.13,8,
4726,7587,364.68,3,50.72,8,7724,172.08,3,236.52,9,7734,341.4,3,26.24,8,7737,294.02,3,285.05,9,7746,621.13,3,262.44,9,7762,325.8,3,138.78,9,7800,302.22,3,62.73,8,7890,512.27,3,235.11,8,
4727,7587,380.57,3,67.4,8,7724,146.89,3,249.94,9,7734,354.52,3,40.03,8,7737,292.75,3,254.12,9,7746,623.27,3,264.59,9,7762,331.25,3,129.62,9,7800,310.81,3,32.2,8,7890,506.22,3,229.89,8,
4728,7587,397.82,3,85.47,8,7724,121.81,3,265.87,9,7734,369.5,3,55.78,8,7737,295.85,3,226.45,9,7746,625.84,3,267.17,9,7762,334.18,3,117.03,9,7800,321.36,3,6.6,8,7867,542.02,3,247.93,8,7890,498.6,3,223.38,8,
4729,7587,417.73,3,105.74,8,7724,97.2,3,283.72,9,7734,386.31,3,73.42,8,7737,302.24,3,203.86,9,7746,628.59,3,269.93,9,7762,335.53,3,101.76,9,7800,334.69,3,31.45,8,7867,537.6,3,243.64,8,7890,488.49,3,214.85,8,
4730,7587,438.63,3,126.79,8,7734,404.97,3,92.88,8,7737,309.54,3,186.11,9,7746,630.82,3,272.17,9,7762,337.66,3,84.28,9,7800,350.52,3,62.76,8,7867,534.98,3,240.03,8,7890,476.33,3,204.78,8,
4731,7587,459.63,3,147.94,8,7734,425.74,3,113.8,8,7737,315.75,3,172.68,9,7746,633.0,3,274.36,9,7762,341.1,3,64.67,9,7800,368.04,3,93.72,8,7867,535.13,3,238.95,8,7890,464.85,3,195.51,8,
4732,7587,481.31,3,169.78,8,7734,447.39,3,135.61,8,7737,319.58,3,163.08,9,7746,635.36,3,276.74,9,7762,346.37,3,42.76,9,7800,387.4,3,124.24,8,7867,535.73,3,237.77,8,7890,453.3,3,186.43,8,
4733,7587,501.23,3,189.82,8,7734,469.05,3,157.43,8,7737,321.72,3,157.56,9,7746,637.02,3,278.41,9,7762,353.82,3,18.65,9,7800,409.4,3,154.74,8,7867,536.57,3,236.5,8,7890,441.52,3,177.68,8,
4734,7587,516.88,3,205.57,8,7734,489.59,3,178.1,8,7737,324.65,3,149.88,9,7746,638.68,3,280.08,9,7762,363.7,3,7.85,9,7800,434.86,3,186.05,8,7867,537.86,3,235.18,8,7890,429.67,3,170.18,8,
4735,7587,528.16,3,216.92,8,7734,505.72,3,194.34,8,7737,328.13,3,139.92,9,7746,640.56,3,281.97,9,7762,376.31,3,35.11,9,7800,460.35,3,217.07,8,7867,539.37,3,234.25,8,7890,418.04,3,163.38,8,
4736,7587,535.63,3,224.43,8,7724,77.3,3,239.67,8,7734,518.14,3,206.84,8,7737,331.71,3,128.42,9,7746,642.74,3,284.17,9,7762,390.15,3,61.98,9,7800,486.13,3,247.94,8,7867,541.05,3,233.76,8,7890,406.92,3,157.44,8,7906,278.46,3,238.06,9,
4737,7587,540.51,3,229.57,8,7724,101.47,3,217.55,8,7734,526.89,3,215.64,8,7737,334.55,3,114.42,9,7746,644.72,3,286.17,9,7762,405.43,3,89.6,9,7867,542.67,3,233.7,8,7890,396.04,3,152.24,8,7906,277.08,3,238.56,9,
4738,7587,540.86,3,230.68,8,7724,126.18,3,195.64,8,7734,531.9,3,220.68,8,7737,335.88,3,98.33,9,7746,646.34,3,287.8,9,7762,421.34,3,116.65,9,7867,543.8,3,233.83,8,7890,384.2,3,147.38,8,7906,273.82,3,239.77,9,
4739,7587,539.57,3,230.5,8,7724,150.33,3,175.01,8,7734,537.12,3,225.95,8,7737,338.27,3,80.32,9,7746,648.93,3,290.41,9,7762,438.17,3,143.42,9,7867,544.29,3,233.41,8,7890,372.42,3,143.2,8,7906,269.26,3,241.53,9,
4740,7587,537.95,3,230.56,8,7724,174.46,3,155.51,8,7734,541.12,3,230.5,8,7737,342.15,3,59.72,9,7746,651.61,3,293.11,9,7762,456.6,3,171.17,9,7867,541.23,3,229.73,8,7890,361.25,3,139.01,8,7906,262.55,3,244.31,9,
4741,7587,536.11,3,231.1,8,7724,198.59,3,137.61,8,7734,540.12,3,230.56,8,7737,347.11,3,40.16,9,7746,653.77,3,295.29,9,7762,475.9,3,198.86,9,7867,535.77,3,224.1,8,7890,349.47,3,135.49,8,7906,254.73,3,247.8,9,
4742,7587,534.17,3,232.47,8,7724,223.46,3,121.56,8,7734,538.46,3,230.51,8,7737,351.73,3,24.94,9,7746,655.76,3,297.3,9,7762,495.92,3,226.46,9,7867,528.2,3,216.48,8,7890,337.68,3,132.95,8,7906,247.43,3,251.29,9,
4743,7587,532.8,3,234.21,8,7724,248.26,3,109.12,8,7734,536.51,3,230.94,8,7737,355.62,3,13.48,9,7746,658.18,3,299.75,9,7762,514.13,3,250.74,9,7867,518.77,3,206.98,8,7890,326.42,3,128.81,8,7906,240.3,3,254.92,9,
4744,7587,532.04,3,235.6,8,7724,273.35,3,100.54,8,7734,534.49,3,232.17,8,7737,358.28,3,6.66,9,7762,529.31,3,270.52,9,7867,508.04,3,196.17,8,7890,322.83,3,117.57,8,7906,232.5,3,259.14,9,
4745,7587,531.19,3,237.55,8,7724,297.94,3,97.52,8,7734,533.33,3,233.44,8,7737,364.0,3,6.8,9,7762,541.25,3,285.81,9,7867,494.77,3,182.8,8,7890,322.69,3,110.07,8,7906,225.43,3,263.18,9,
4746,7587,530.3,3,240.32,8,7734,532.37,3,234.96,8,7737,370.79,3,13.98,9,7762,549.8,3,296.63,9,7867,479.18,3,167.08,8,7890,322.68,3,106.23,8,7906,217.66,3,267.87,9,
4747,7587,529.41,3,244.05,8,7734,531.94,3,235.82,8,7737,379.72,3,23.61,9,7867,462.8,3,150.55,8,7890,324.26,3,101.24,8,7906,210.04,3,272.71,9,
4748,7587,528.79,3,248.53,8,7734,532.1,3,237.82,8,7737,390.03,3,34.71,9,7867,445.61,3,133.21,8,7883,477.63,3,245.91,8,7890,329.1,3,100.6,8,7906,202.65,3,277.64,9,
4749,7734,536.02,3,243.9,8,7737,402.01,3,47.57,9,7867,428.28,3,115.7,8,7883,467.7,3,234.01,8,7890,336.29,3,102.06,8,7906,195.29,3,282.8,9,
4750,7737,415.42,3,61.89,9,7867,410.95,3,98.19,8,7883,456.38,3,220.31,8,7890,345.81,3,104.73,8,7906,188.13,3,288.04,9,
4751,7737,430.92,3,78.37,9,7867,394.04,3,80.76,8,7883,443.15,3,204.7,8,7890,357.66,3,109.16,8,7906,181.78,3,292.9,9,
4752,7737,448.19,3,96.65,9,7867,378.1,3,64.08,8,7883,427.94,3,187.45,8,7890,370.99,3,115.4,8,7906,175.19,3,297.88,9,
4753,7737,467.48,3,116.97,9,7867,361.69,3,46.9,8,7883,411.77,3,168.94,8,7890,386.74,3,124.25,8,
4754,7737,489.19,3,139.74,9,7867,349.16,3,33.85,8,7883,393.99,3,147.93,8,7890,404.22,3,135.2,8,
4755,7737,512.59,3,164.16,9,7867,339.82,3,24.28,8,7883,378.56,3,124.63,8,7890,423.42,3,148.68,8,
4756,7737,531.74,3,184.09,9,7867,334.71,3,19.21,8,7883,362.04,3,99.78,8,7890,445.18,3,165.35,8,
4757,7737,546.59,3,199.5,9,7867,330.82,3,15.63,8,7883,346.51,3,73.06,8,7890,469.01,3,185.0,8,
4758,7737,557.14,3,210.43,9,7867,329.85,3,16.27,8,7883,332.4,3,46.38,8,7890,493.19,3,206.04,8,
4759,7737,564.26,3,217.8,9,7746,648.15,3,299.54,9,7867,331.56,3,19.87,8,7883,320.22,3,20.53,8,7890,517.49,3,227.84,8,
4760,7737,568.05,3,222.64,9,7746,646.0,3,298.85,9,7867,334.54,3,26.04,8,7883,310.17,3,7.18,8,7890,541.65,3,249.98,8,
4761,7737,564.62,3,220.95,9,7746,643.63,3,297.76,9,7867,338.42,3,34.11,8,7883,302.71,3,32.19,8,
4762,7737,559.96,3,218.62,9,7746,637.14,3,291.74,9,7814,478.61,3,244.81,8,7867,343.47,3,44.37,8,7883,295.62,3,58.75,8,
4763,7737,554.63,3,216.3,9,7746,627.68,3,282.06,9,7814,451.28,3,211.62,8,7867,349.47,3,56.08,8,7883,292.25,3,85.43,8,
4764,7737,548.69,3,214.18,9,7746,615.77,3,269.87,9,7814,422.45,3,178.63,8,7867,356.93,3,70.01,8,7883,291.3,3,111.91,8,
4765,7737,541.7,3,212.39,9,7746,602.4,3,256.18,9,7814,394.7,3,145.76,8,7867,365.62,3,85.45,8,7883,292.68,3,137.69,8,
4766,7737,534.14,3,211.44,9,7746,586.67,3,240.03,9,7814,370.67,3,113.69,8,7867,375.77,3,102.6,8,7883,296.4,3,163.94,8,
4767,7737,525.82,3,211.75,9,7746,569.51,3,222.37,9,7814,353.66,3,85.65,8,7867,388.2,3,121.97,8,7883,302.3,3,189.92,8,
4768,7746,551.19,3,203.39,9,7814,340.49,3,62.02,8,7867,403.23,3,143.32,8,7883,310.41,3,216.37,8,
4769,7729,294.37,3,288.05,9,7746,531.37,3,182.8,9,7814,330.35,3,42.22,8,7867,420.12,3,165.4,8,7883,320.38,3,242.45,8,
4770,7729,292.63,3,262.97,9,7746,509.18,3,159.65,9,7814,322.91,3,26.5,8,7867,437.95,3,187.32,8,
4771,7729,293.81,3,237.65,9,7746,485.34,3,134.7,9,7773,538.3,3,244.67,8,7814,317.96,3,15.39,8,7867,455.82,3,209.21,8,
4772,7729,298.29,3,216.51,9,7746,459.28,3,107.27,9,7773,533.82,3,241.67,8,7814,317.98,3,9.05,8,7867,473.99,3,231.27,8,
4773,7729,303.81,3,199.78,9,7746,433.54,3,80.0,9,7773,530.59,3,241.05,8,7814,323.88,3,8.79,8,
4774,7729,309.27,3,186.71,9,7746,411.99,3,57.01,9,7773,529.54,3,243.42,8,7814,333.07,3,17.58,8,7922,532.64,3,246.9,8,
4775,7720,542.87,3,248.72,8,7729,314.14,3,176.19,9,7746,394.77,3,38.53,9,7773,528.91,3,247.34,8,7814,343.92,3,28.88,8,7922,533.04,3,245.12,8,
4776,7720,535.98,3,242.95,8,7729,320.38,3,171.83,9,7746,381.82,3,24.56,9,7814,356.86,3,42.48,8,7922,534.91,3,244.49,8,
4777,7584,294.28,3,287.33,9,7720,533.43,3,241.49,8,7729,328.74,3,171.09,9,7746,373.08,3,15.1,9,7814,371.8,3,58.2,8,7906,121.24,3,242.04,8,7922,541.52,3,249.86,8,
4778,7584,292.63,3,260.24,9,7720,531.03,3,240.85,8,7729,338.71,3,171.15,9,7746,367.74,3,9.32,9,7814,388.41,3,75.62,8,7906,125.21,3,233.49,8,
4779,7584,294.52,3,232.85,9,7720,529.82,3,242.21,8,7729,351.09,3,172.04,9,7746,360.41,3,1.92,9,7814,406.87,3,94.8,8,7906,129.33,3,225.48,8,
4780,7584,300.25,3,209.41,9,7720,529.2,3,245.23,8,7729,363.48,3,173.83,9,7746,354.75,3,7.57,9,7814,428.35,3,116.44,8,7906,134.17,3,216.84,8,
4781,7584,307.78,3,190.14,9,7720,528.95,3,247.02,8,7729,375.28,3,176.32,9,7746,351.0,3,18.03,9,7814,451.8,3,140.05,8,7906,139.18,3,208.51,8,
4782,7584,314.55,3,175.29,9,7720,529.73,3,248.8,8,7729,387.81,3,179.79,9,7746,346.81,3,30.85,9,7814,476.97,3,165.41,8,7906,144.72,3,199.86,8,
4783,7584,319.1,3,164.32,9,7729,400.59,3,184.14,9,7746,342.64,3,45.15,9,7814,497.7,3,186.27,8,7906,150.09,3,191.87,8,
4784,7584,321.78,3,157.42,9,7720,532.17,3,249.89,8,7729,412.67,3,188.97,9,7746,338.57,3,61.85,9,7814,514.57,3,203.24,8,7906,155.8,3,183.72,8,7917,595.41,3,299.5,9,
4785,7584,326.06,3,148.95,9,7720,532.38,3,248.45,8,7729,424.83,3,194.47,9,7746,335.04,3,80.77,9,7814,526.97,3,215.72,8,7906,161.9,3,175.33,8,7917,585.36,3,287.8,9,
4786,7584,332.71,3,140.35,9,7720,532.69,3,246.65,8,7729,437.29,3,200.71,9,7746,332.64,3,98.82,9,7814,536.21,3,225.01,8,7906,168.17,3,166.97,8,7917,573.72,3,273.95,9,
4787,7584,343.55,3,134.2,9,7720,533.23,3,244.43,8,7729,445.27,3,205.02,9,7746,331.46,3,112.74,9,7814,541.14,3,230.49,8,7906,174.42,3,158.87,8,7917,560.86,3,258.53,9,
4788,7584,356.89,3,130.65,9,7729,449.88,3,207.6,9,7746,329.74,3,122.33,9,7814,539.98,3,230.54,8,7906,181.06,3,150.57,8,7917,547.5,3,242.32,9,
4789,7584,371.22,3,127.55,9,7729,455.91,3,209.73,9,7746,328.67,3,127.44,9,7814,538.25,3,230.53,8,7906,187.43,3,142.94,8,7917,536.9,3,229.34,9,
4790,7584,387.25,3,125.25,9,7729,458.32,3,206.92,9,7746,326.72,3,134.36,9,7814,536.26,3,231.03,8,7906,194.27,3,134.85,8,7917,529.96,3,220.76,9,
4791,7584,405.19,3,126.5,9,7729,458.48,3,201.38,9,7746,323.75,3,142.97,9,7814,534.24,3,232.41,8,7906,200.93,3,127.1,8,7917,527.62,3,215.41,9,
4792,7584,424.91,3,132.11,9,7729,458.7,3,194.13,9,7746,319.85,3,153.66,9,7814,532.8,3,234.21,8,7906,208.02,3,118.94,8,7917,530.81,3,214.73,9,
4793,7584,447.43,3,143.54,9,7729,459.27,3,185.35,9,7746,315.22,3,165.54,9,7814,532.03,3,235.62,8,7906,215.23,3,110.72,8,7917,535.41,3,214.58,9,
4794,7584,472.08,3,161.43,9,7729,460.18,3,176.95,9,7746,309.32,3,178.9,9,7814,531.2,3,237.52,8,7906,222.49,3,102.53,8,7917,541.02,3,215.01,9,
4795,7584,498.25,3,186.1,9,7729,461.39,3,169.4,9,7746,302.43,3,194.59,9,7814,530.31,3,240.27,8,7839,477.86,3,243.91,8,7906,229.3,3,94.92,8,7917,548.04,3,216.38,9,
4796,7584,522.42,3,213.63,9,7729,462.87,3,162.54,9,7746,296.02,3,212.5,9,7814,529.44,3,243.92,8,7839,458.65,3,220.66,8,7906,236.9,3,86.48,8,7917,556.47,3,219.09,9,
4797,7584,543.37,3,239.26,9,7746,291.32,3,232.31,9,7773,357.52,3,248.4,8,7814,528.77,3,248.76,8,7839,438.91,3,197.51,8,7906,244.38,3,78.25,8,7917,562.81,3,221.79,9,
4798,7584,560.87,3,260.44,9,7746,289.53,3,254.63,9,7773,334.86,3,247.28,8,7839,419.46,3,175.18,8,7906,252.28,3,69.6,8,7917,567.31,3,224.02,9,7982,646.87,3,299.11,9,
4799,7584,574.85,3,277.14,9,7746,290.29,3,279.27,9,7773,312.29,3,248.24,8,7839,400.39,3,153.02,8,7906,259.51,3,61.75,8,7917,572.45,3,227.14,9,7982,645.38,3,298.67,9,
4800,7584,585.15,3,289.35,9,7839,382.56,3,129.91,8,7906,266.88,3,53.79,8,7917,580.14,3,234.15,9,7982,642.77,3,297.11,9,
4801,7584,591.84,3,297.1,9,7839,366.87,3,107.67,8,7906,274.53,3,45.57,8,7917,589.9,3,244.16,9,7982,637.7,3,292.3,9,
4802,7839,353.22,3,84.9,8,7906,281.62,3,38.02,8,7917,601.63,3,256.17,9,7982,630.07,3,284.51,9,
4803,7584,595.53,3,299.7,9,7839,340.57,3,62.17,8,7906,289.31,3,29.87,8,7917,614.67,3,269.52,9,7982,620.22,3,274.42,9,
4804,7584,592.81,3,296.48,9,7839,330.41,3,42.36,8,7891,479.83,3,246.28,8,7906,296.57,3,22.27,8,7917,626.75,3,281.86,9,7932,561.09,3,245.76,8,7982,607.86,3,261.76,9,
4805,7584,588.12,3,291.04,9,7839,323.03,3,26.79,8,7891,467.81,3,231.8,8,7906,301.62,3,17.07,8,7917,635.15,3,290.44,9,7932,556.83,3,241.29,8,7982,594.09,3,247.64,9,
4806,7584,581.39,3,283.08,9,7839,318.14,3,15.82,8,7891,453.96,3,214.92,8,7906,302.44,3,16.24,8,7917,639.24,3,294.56,9,7932,552.68,3,237.38,8,7982,578.77,3,231.91,9,
4807,7584,572.73,3,272.78,9,7839,317.69,3,9.48,8,7891,438.16,3,196.65,8,7906,302.57,3,16.11,8,7917,644.65,3,299.55,9,7932,549.12,3,234.52,8,7982,562.04,3,214.64,9,
4808,7584,562.74,3,260.79,9,7839,322.53,3,7.96,8,7891,420.58,3,176.48,8,7906,302.63,3,16.05,8,7932,546.36,3,232.74,8,7982,543.79,3,195.71,9,
4809,7584,551.45,3,247.13,9,7839,330.08,3,14.54,8,7891,401.16,3,153.92,8,7906,302.64,3,16.03,8,7932,544.77,3,231.92,8,7982,523.87,3,174.98,9,
4810,7584,538.86,3,231.75,9,7839,337.57,3,22.24,8,7891,381.83,3,128.95,8,7906,302.64,3,16.03,8,7932,542.94,3,231.19,8,7982,502.2,3,152.36,9,
4811,7839,346.65,3,31.74,8,7891,363.89,3,102.82,8,7906,302.64,3,16.03,8,7932,540.75,3,230.66,8,7982,478.39,3,127.39,9,
4812,7839,357.24,3,42.88,8,7891,348.02,3,75.77,8,7906,302.64,3,16.03,8,7932,538.19,3,230.54,8,7982,454.19,3,101.89,9,
4813,7839,370.27,3,56.59,8,7891,333.69,3,48.93,8,7906,302.64,3,16.03,8,7932,535.72,3,231.3,8,7982,430.34,3,76.61,9,8017,385.02,3,75.69,9,
4814,7839,385.29,3,72.35,8,7891,321.17,3,22.68,8,7906,302.64,3,16.03,8,7932,533.71,3,232.96,8,7982,410.06,3,54.95,9,8017,382.67,3,75.59,9,
4815,7839,402.64,3,90.5,8,7891,311.05,3,5.04,8,7906,302.64,3,16.03,8,7932,532.51,3,234.68,8,7982,393.52,3,37.19,9,8017,381.02,3,75.57,9,
4816,7839,420.62,3,108.64,8,7891,303.26,3,30.03,8,7906,304.45,3,14.37,8,7932,531.93,3,235.84,8,7982,381.23,3,23.92,9,8017,378.38,3,75.63,9,
4817,7722,292.92,3,272.58,9,7839,438.57,3,126.73,8,7891,295.9,3,57.14,8,7906,307.79,3,11.45,8,7932,531.75,3,236.26,8,7982,372.97,3,14.97,9,8017,376.66,3,75.73,9,
4818,7722,293.32,3,242.88,9,7839,457.04,3,145.34,8,7891,292.37,3,83.88,8,7906,312.61,3,8.68,8,7932,531.74,3,236.31,8,7982,368.5,3,10.14,9,8017,374.08,3,75.97,9,
4819,7722,298.18,3,216.95,9,7839,475.68,3,164.1,8,7855,540.46,3,246.46,8,7891,291.28,3,110.45,8,7906,318.79,3,9.33,8,7932,531.74,3,236.31,8,7982,361.73,3,3.11,9,8017,372.33,3,76.19,9,
4820,7722,305.31,3,196.04,9,7839,493.34,3,181.89,8,7855,535.2,3,242.48,8,7891,292.63,3,137.11,8,7906,324.79,3,15.4,8,7932,531.73,3,236.31,8,7982,356.38,3,4.28,9,8017,370.42,3,76.47,9,
4821,7722,312.44,3,179.76,9,7839,511.89,3,200.55,8,7855,531.45,3,240.85,8,7891,296.42,3,164.05,8,7906,329.06,3,24.91,8,7932,531.73,3,236.31,8,7982,353.5,3,10.95,9,8017,368.27,3,76.87,9,
4822,7722,317.84,3,167.57,9,7839,529.47,3,218.23,8,7855,529.91,3,241.85,8,7891,302.71,3,191.44,8,7906,334.57,3,36.63,8,7932,531.47,3,236.85,8,7982,350.47,3,19.6,9,8017,366.1,3,77.34,9,
4823,7722,321.04,3,159.29,9,7855,529.29,3,244.75,8,7891,311.12,3,218.37,8,7906,341.63,3,50.77,8,7932,531.07,3,237.84,8,7982,346.94,3,30.4,9,8017,363.43,3,78.01,9,
4824,7722,322.67,3,155.21,9,7855,528.8,3,248.47,8,7891,321.74,3,245.7,8,7906,350.04,3,66.61,8,7932,530.55,3,239.41,8,7982,343.02,3,43.75,9,8017,361.42,3,78.58,9,
4825,7722,324.82,3,149.45,9,7906,359.81,3,83.94,8,7932,529.97,3,241.6,8,7982,339.1,3,59.39,9,8017,359.62,3,79.15,9,
4826,7722,327.48,3,141.85,9,7906,371.54,3,103.57,8,7932,529.31,3,244.58,8,7982,335.7,3,76.78,9,8017,357.6,3,79.84,9,
4827,7722,330.7,3,132.05,9,7906,387.77,3,124.78,8,7932,528.93,3,247.19,8,7982,332.96,3,95.92,9,8017,355.47,3,80.62,9,
4828,7722,333.59,3,119.57,9,7906,403.22,3,146.37,8,7932,526.32,3,247.03,8,7982,331.6,3,110.58,9,8017,353.64,3,81.35,9,
4829,7722,335.22,3,105.18,9,7906,420.33,3,168.29,8,7932,519.3,3,241.23,8,7982,330.06,3,120.83,9,8017,351.74,3,82.15,9,
4830,7722,336.98,3,89.09,9,7906,438.0,3,189.85,8,7932,509.65,3,232.84,8,7982,328.84,3,126.59,9,8017,349.91,3,82.96,9,
4831,7722,339.77,3,71.56,9,7906,455.78,3,211.52,8,7932,498.33,3,223.15,8,7982,326.83,3,134.05,9,8017,347.3,3,84.19,9,
4832,7722,344.07,3,51.46,9,7906,473.48,3,232.89,8,7932,485.32,3,212.2,8,7982,323.71,3,143.06,9,8017,344.97,3,85.36,9,
4833,7722,350.36,3,29.25,9,7932,470.76,3,200.25,8,7982,319.81,3,153.76,9,8017,343.39,3,86.18,9,
4834,7722,358.46,3,5.88,9,7932,456.41,3,188.85,8,7982,314.8,3,166.58,9,8017,341.56,3,87.18,9,
4835,7722,367.97,3,17.4,9,7932,441.64,3,177.76,8,7982,308.67,3,180.29,9,8017,339.58,3,88.3,9,
4836,7722,376.7,3,35.9,9,7932,427.86,3,169.08,8,7982,302.1,3,195.43,9,8017,337.21,3,89.69,9,
4837,7722,384.07,3,50.5,9,7932,414.48,3,161.4,8,7982,296.08,3,212.27,9,8017,334.86,3,91.13,9,
4838,6087,293.74,3,282.26,9,7722,389.41,3,60.6,9,7932,401.11,3,154.58,8,7982,291.39,3,231.89,9,8017,332.67,3,92.51,9,
4839,6087,292.79,3,253.07,9,7722,392.79,3,66.84,9,7932,387.73,3,148.74,8,7982,289.56,3,253.68,9,8017,330.14,3,94.18,9,
4840,6087,295.85,3,226.42,9,7722,393.26,3,69.28,9,7932,374.48,3,144.03,8,7982,290.14,3,277.59,9,8017,328.55,3,95.24,9,
4841,6087,302.25,3,203.84,9,7722,390.42,3,67.36,9,7932,359.7,3,138.5,8,8017,326.86,3,96.41,9,
4842,6087,309.54,3,186.1,9,7722,387.64,3,62.29,9,7932,344.96,3,134.4,8,8017,324.26,3,98.25,9,
4843,6087,315.75,3,172.65,9,7722,383.78,3,55.13,9,7887,293.78,3,282.76,9,7932,330.85,3,131.96,8,8017,322.68,3,99.39,9,
4844,6087,319.6,3,163.02,9,7627,295.26,3,294.91,9,7722,378.94,3,45.86,9,7887,292.67,3,257.63,9,7932,322.91,3,119.78,8,8017,320.04,3,101.35,9,
4845,6087,321.87,3,157.2,9,7627,292.75,3,269.94,9,7722,373.42,3,34.87,9,7887,294.71,3,231.85,9,8017,318.38,3,102.6,9,
4846,6087,324.61,3,150.02,9,7627,293.22,3,244.26,9,7722,367.18,3,21.83,9,7887,300.13,3,209.82,9,8017,316.54,3,104.02,9,8051,647.21,3,299.22,9,
4847,6087,327.87,3,140.68,9,7627,296.99,3,221.63,9,7887,307.16,3,191.59,9,7915,475.42,3,240.98,8,8017,314.01,3,106.01,9,8051,645.76,3,298.78,9,
4848,6087,331.48,3,129.36,9,7627,302.59,3,202.94,9,7887,313.82,3,176.86,9,7915,449.56,3,209.63,8,8017,312.36,3,107.33,9,8051,643.46,3,297.63,9,
4849,6087,334.48,3,115.62,9,7627,309.14,3,187.02,9,7887,318.43,3,166.08,9,7915,422.87,3,179.12,8,8017,310.42,3,108.91,9,8051,637.41,3,292.02,9,
4850,6087,335.77,3,99.35,9,7627,314.51,3,175.37,9,7887,321.18,3,158.93,9,7915,397.46,3,149.31,8,8017,308.23,3,110.72,9,8051,629.27,3,283.69,9,
4851,6087,338.14,3,81.14,9,7627,317.88,3,167.45,9,7887,322.87,3,154.71,9,7915,374.55,3,119.27,8,8017,305.66,3,112.88,9,8051,619.34,3,273.52,9,
4852,6087,341.81,3,61.3,9,7627,319.53,3,163.2,9,7887,323.0,3,148.72,9,7915,356.63,3,90.73,8,8017,303.37,3,114.84,9,8051,607.87,3,261.78,9,
4853,6087,346.76,3,41.42,9,7627,321.91,3,157.09,9,7887,318.46,3,144.65,9,7915,342.87,3,66.44,8,8017,301.03,3,116.87,9,8051,594.47,3,248.04,9,
4854,6087,351.37,3,26.04,9,7627,324.95,3,149.09,9,7887,312.91,3,145.97,9,7915,332.2,3,45.97,8,8017,299.13,3,118.55,9,8051,578.99,3,232.15,9,
4855,6087,355.01,3,15.19,9,7627,328.42,3,139.06,9,7887,305.97,3,150.8,9,7915,324.48,3,29.93,8,8017,296.76,3,120.66,9,8051,561.96,3,214.55,9,
4856,6087,357.62,3,7.99,9,7627,331.97,3,127.13,9,7887,297.66,3,156.97,9,7915,319.15,3,18.12,8,8017,295.04,3,122.22,9,8051,543.14,3,195.03,9,
4857,6087,361.68,3,5.01,9,7627,334.63,3,113.13,9,7887,287.81,3,164.69,9,7915,317.12,3,10.73,8,8017,292.51,3,124.53,9,8051,522.56,3,173.62,9,8078,352.96,3,12.47,9,
4858,6087,367.57,3,10.51,9,7627,336.03,3,96.92,9,7887,276.45,3,173.51,9,7915,318.53,3,8.25,8,8017,290.67,3,126.24,9,8051,500.2,3,150.27,9,8078,352.24,3,14.48,9,
4859,6087,375.17,3,18.7,9,7627,338.44,3,79.29,9,7887,263.79,3,183.44,9,7915,322.23,3,7.81,8,8017,288.62,3,128.16,9,8051,475.65,3,124.51,9,8078,350.81,3,18.6,9,
4860,6087,385.0,3,29.3,9,7627,342.25,3,59.24,9,7887,249.09,3,193.88,9,7915,328.7,3,13.17,8,8017,286.48,3,130.17,9,8051,448.84,3,96.24,9,8078,348.94,3,24.16,9,
4861,6087,396.68,3,41.86,9,7627,347.4,3,39.11,9,7887,231.69,3,204.82,9,7915,337.54,3,22.21,8,8017,284.23,3,132.33,9,8051,425.5,3,71.44,9,8078,346.51,3,31.82,9,
4862,6087,409.78,3,55.87,9,7627,352.19,3,23.51,9,7887,212.15,3,216.46,9,7915,348.78,3,33.98,8,8017,282.64,3,133.87,9,8051,406.11,3,50.72,9,8078,343.58,3,41.74,9,
4863,6087,425.0,3,72.08,9,7627,355.99,3,12.44,9,7887,190.78,3,227.22,9,7915,361.76,3,47.64,8,8017,280.16,3,136.28,9,8051,390.07,3,33.46,9,8078,340.54,3,53.2,9,
4864,6087,441.89,3,89.99,9,7627,358.17,3,5.92,9,7887,167.77,3,238.8,9,7915,377.06,3,63.72,8,8017,278.17,3,138.24,9,8051,378.17,3,20.6,9,8078,337.48,3,67.1,9,
4865,6087,460.59,3,109.72,9,7627,356.94,3,2.17,9,7887,143.14,3,252.15,9,7915,393.99,3,81.46,8,8017,276.03,3,140.36,9,8051,370.46,3,12.26,9,8078,334.61,3,83.54,9,
4866,6087,481.58,3,131.76,9,7627,349.96,3,10.27,9,7887,116.49,3,269.54,9,7915,413.46,3,101.43,8,8017,273.65,3,142.76,9,8051,366.65,3,8.15,9,8078,332.44,3,100.7,9,
4867,6087,504.5,3,155.73,9,7627,340.35,3,20.73,9,7887,91.16,3,288.44,9,7915,435.67,3,123.81,8,7978,322.83,3,225.43,8,8017,271.11,3,145.34,9,8051,360.25,3,1.79,9,8078,331.39,3,113.74,9,
4868,6087,525.58,3,177.68,9,7627,328.51,3,33.72,9,7915,459.44,3,147.75,8,7978,314.36,3,198.94,8,8017,268.57,3,147.94,9,8051,354.7,3,7.69,9,8078,329.74,3,122.3,9,
4869,6087,542.66,3,195.43,9,7627,315.09,3,48.6,9,7915,482.95,3,171.42,8,7978,307.99,3,172.71,8,8017,266.19,3,150.4,9,8051,351.23,3,17.38,9,8078,328.72,3,127.16,9,
4870,6087,555.46,3,208.69,9,7627,300.53,3,64.94,9,7915,502.54,3,191.14,8,7978,303.78,3,146.48,8,8017,264.72,3,151.93,9,8051,347.16,3,29.71,9,8078,329.04,3,129.65,9,
4871,6087,563.92,3,217.45,9,7627,284.42,3,83.26,9,7915,517.86,3,206.55,8,7978,301.79,3,120.2,8,8017,262.96,3,153.79,9,8051,343.09,3,43.52,9,8078,331.7,3,128.47,9,
4872,6087,568.06,3,222.23,9,7627,266.73,3,103.77,9,7915,528.72,3,217.48,8,7978,302.05,3,94.7,8,8017,261.06,3,155.79,9,8051,339.12,3,59.3,9,8078,332.72,3,123.56,9,
4873,6087,566.16,3,221.77,9,7627,247.72,3,126.4,9,7887,69.19,3,247.26,8,7915,535.38,3,224.18,8,7978,304.46,3,69.15,8,8017,258.67,3,158.34,9,8051,335.61,3,77.32,9,8078,334.31,3,116.47,9,8102,591.03,3,294.42,9,
4874,6087,562.25,3,219.73,9,7627,228.22,3,150.47,9,7887,94.66,3,223.71,8,7915,538.12,3,226.72,8,7978,310.75,3,43.83,8,8017,256.2,3,160.99,9,8051,333.02,3,95.34,9,8078,335.01,3,107.65,9,8102,589.15,3,292.23,9,
4875,6087,557.2,3,217.38,9,7627,209.83,3,174.44,9,7887,120.41,3,200.7,8,7915,535.71,3,224.04,8,7978,318.78,3,18.75,8,8017,254.53,3,162.81,9,8051,331.66,3,109.77,9,8078,336.03,3,96.96,9,8102,586.06,3,288.62,9,
4876,6087,551.12,3,214.99,9,7627,193.37,3,197.55,9,7887,146.66,3,178.09,8,7915,530.49,3,218.78,8,7978,328.31,3,13.63,8,8017,252.88,3,164.61,9,8051,330.32,3,119.71,9,8078,337.6,3,84.65,9,8102,580.91,3,282.52,9,
4877,6087,544.05,3,212.9,9,7627,178.02,3,221.3,9,7887,172.61,3,156.95,8,7915,523.39,3,211.64,8,7978,340.08,3,37.52,8,8017,250.92,3,166.77,9,8051,329.03,3,125.67,9,8078,340.0,3,70.34,9,8102,573.76,3,274.0,9,
4878,6087,536.18,3,211.58,9,7627,164.48,3,245.41,9,7887,198.68,3,137.54,8,7915,514.76,3,202.94,8,7978,353.16,3,63.06,8,8017,248.89,3,169.01,9,8051,326.31,3,133.5,9,8078,343.5,3,53.79,9,8102,565.5,3,264.11,9,
4879,6087,527.91,3,211.53,9,7627,153.83,3,268.84,9,7887,224.67,3,120.86,8,7915,504.27,3,192.37,8,7978,367.41,3,88.53,8,8017,247.12,3,170.99,9,8051,319.33,3,141.23,9,8078,348.47,3,35.46,9,8102,555.98,3,252.63,9,
4880,7627,146.06,3,292.8,9,7887,250.64,3,108.16,8,7915,491.94,3,179.94,8,7978,382.81,3,113.82,8,8017,245.21,3,173.14,9,8051,309.22,3,148.51,9,8078,355.2,3,14.65,9,8102,544.46,3,238.62,9,
4881,7887,272.27,3,100.81,8,7915,477.54,3,165.42,8,7978,400.7,3,139.8,8,8017,243.62,3,174.94,9,8051,297.25,3,157.29,9,8078,364.08,3,8.7,9,8102,531.11,3,222.18,9,
4882,7887,289.74,3,97.85,8,7915,461.61,3,149.36,8,7978,420.62,3,166.02,8,8017,242.0,3,176.78,9,8051,284.16,3,167.46,9,8078,375.56,3,33.57,9,8102,515.33,3,203.48,9,
4883,7887,303.66,3,97.69,8,7898,293.3,3,277.62,9,7915,444.06,3,131.64,8,7978,441.56,3,191.71,8,8017,239.67,3,179.45,9,8051,269.36,3,179.34,9,8078,389.21,3,60.23,9,8102,497.01,3,183.08,9,
4884,7887,313.1,3,98.38,8,7898,292.79,3,252.9,9,7915,425.11,3,112.5,8,7972,294.55,3,289.53,9,7978,462.31,3,217.12,8,8017,237.73,3,181.7,9,8051,252.7,3,191.59,9,8078,404.48,3,87.92,9,8102,475.67,3,162.54,9,
4885,7887,318.3,3,100.76,8,7898,295.29,3,228.97,9,7915,404.62,3,91.8,8,7972,292.64,3,264.41,9,7978,484.48,3,243.82,8,8017,235.78,3,183.98,9,8051,233.7,3,203.62,9,8078,420.37,3,115.04,9,8102,452.38,3,144.82,9,
4886,7887,319.48,3,106.28,8,7898,301.24,3,206.53,9,7915,382.48,3,68.67,8,7972,293.55,3,240.17,9,8017,233.9,3,186.18,9,8051,212.8,3,216.07,9,8078,437.85,3,142.93,9,8102,428.18,3,130.76,9,
4887,7887,319.55,3,113.26,8,7898,308.58,3,188.28,9,7915,359.17,3,44.27,8,7972,298.05,3,217.43,9,8017,231.72,3,188.77,9,8051,189.57,3,227.8,9,8078,456.39,3,170.87,9,8102,404.96,3,123.5,9,
4888,7887,320.11,3,121.95,8,7898,314.96,3,174.37,9,7915,336.59,3,21.06,8,7972,304.22,3,198.74,9,8017,229.56,3,191.35,9,8051,164.4,3,240.49,9,8078,475.91,3,198.87,9,8102,383.68,3,122.22,9,
4889,7887,325.19,3,131.4,8,7898,319.24,3,163.95,9,7972,310.41,3,184.16,9,8017,227.88,3,193.37,9,8051,137.89,3,255.31,9,8078,495.79,3,226.29,9,8102,366.07,3,125.31,9,
4890,7887,336.82,3,135.85,8,7898,321.69,3,157.63,9,7972,315.41,3,173.4,9,8017,226.31,3,195.28,9,8051,108.91,3,274.88,9,8078,514.25,3,250.91,9,8102,352.08,3,128.36,9,
4891,7887,349.12,3,138.35,8,7898,322.54,3,155.51,9,7972,318.42,3,166.1,9,8017,224.81,3,197.12,9,8051,80.52,3,296.96,9,8078,529.71,3,271.04,9,8102,342.17,3,131.21,9,
4892,7887,362.1,3,142.12,8,7898,322.89,3,154.68,9,7972,319.63,3,162.93,9,8017,222.6,3,199.83,9,8078,541.93,3,286.68,9,8102,336.3,3,133.43,9,8129,519.07,3,226.58,8,
4893,7887,375.12,3,146.99,8,7898,322.89,3,154.67,9,7972,319.97,3,162.06,9,8017,220.92,3,201.93,9,8078,550.74,3,297.81,9,8102,330.12,3,138.82,9,8129,516.84,3,224.54,8,
4894,7887,387.53,3,151.26,8,7898,323.56,3,152.83,9,7972,320.08,3,161.77,9,8017,219.02,3,204.32,9,8102,324.03,3,146.56,9,8118,548.51,3,236.92,8,8129,513.08,3,221.09,8,
4895,7887,399.7,3,156.37,8,7898,324.16,3,151.23,9,7972,320.57,3,160.51,9,8017,217.56,3,206.16,9,8102,318.64,3,156.69,9,8118,527.71,3,215.99,8,8129,507.86,3,216.31,8,
4896,7887,411.78,3,162.25,8,7898,325.44,3,147.64,9,7972,321.07,3,159.21,9,8017,215.34,3,208.99,9,8102,313.9,3,168.84,9,8118,504.54,3,192.64,8,8129,500.75,3,209.84,8,
4897,7887,423.5,3,168.65,8,7898,327.33,3,142.27,9,7972,322.3,3,156.1,9,8017,213.76,3,211.03,9,8051,91.8,3,226.31,8,8102,307.79,3,182.2,9,8118,481.85,3,169.78,8,8129,491.79,3,201.71,8,
4898,7887,436.18,3,176.25,8,7898,329.97,3,134.54,9,7972,324.27,3,150.9,9,7995,536.8,3,243.04,8,8017,212.25,3,212.98,9,8051,120.44,3,200.67,8,8102,301.04,3,198.04,9,8118,459.68,3,147.41,8,8129,481.07,3,192.08,8,
4899,7887,448.85,3,184.84,8,7898,332.59,3,124.14,9,7972,326.56,3,144.42,9,7995,517.74,3,225.36,8,8017,210.17,3,215.71,9,8051,148.55,3,176.51,8,8102,295.13,3,215.8,9,8118,436.71,3,124.22,8,8129,468.67,3,181.11,8,
4900,7887,462.06,3,195.01,8,7898,334.72,3,111.65,9,7972,329.27,3,136.56,9,7995,499.31,3,208.52,8,8017,208.52,3,217.9,9,8051,176.63,3,153.81,8,8102,290.81,3,235.65,9,8118,413.97,3,101.24,8,8129,454.31,3,168.64,8,
4901,7887,474.53,3,204.94,8,7898,336.02,3,96.93,9,7972,332.17,3,126.15,9,7995,480.4,3,191.49,8,8017,207.09,3,219.81,9,8051,205.54,3,132.85,8,8102,289.45,3,258.36,9,8118,392.09,3,78.71,8,8129,438.2,3,155.05,8,
4902,7887,486.62,3,214.82,8,7898,338.25,3,80.43,9,7972,334.59,3,113.68,9,7995,461.48,3,174.83,8,8017,205.18,3,222.38,9,8051,233.67,3,115.94,8,8102,290.69,3,283.25,9,8118,372.48,3,58.19,8,8129,420.19,3,140.64,8,8143,564.07,3,220.66,9,
4903,7887,498.61,3,224.84,8,7898,341.65,3,62.06,9,7972,335.79,3,99.16,9,7995,440.56,3,157.01,8,8017,203.44,3,224.77,9,8051,262.44,3,103.74,8,8118,357.22,3,42.24,8,8129,400.44,3,125.9,8,8143,562.7,3,219.96,9,
4904,7887,511.27,3,235.62,8,7898,346.43,3,42.59,9,7972,337.81,3,83.26,9,7995,419.12,3,139.8,8,8017,201.77,3,227.06,9,8051,290.66,3,97.78,8,8118,345.84,3,30.42,8,8129,378.11,3,111.15,8,8143,560.42,3,218.84,9,
4905,7898,351.2,3,26.6,9,7972,340.85,3,65.97,9,7995,395.73,3,122.59,8,8017,200.35,3,229.05,9,8051,318.82,3,99.08,8,8118,337.68,3,22.14,8,8129,353.51,3,97.76,8,8143,557.13,3,217.35,9,
4906,7898,355.04,3,15.14,9,7972,345.16,3,47.27,9,7995,370.28,3,106.48,8,8017,198.79,3,231.25,9,8051,347.62,3,105.33,8,8118,333.74,3,18.27,8,8129,327.07,3,88.74,8,8143,553.16,3,215.73,9,
4907,7898,357.53,3,8.23,9,7972,349.22,3,32.93,9,7995,343.9,3,93.76,8,8017,197.31,3,233.35,9,8051,375.55,3,117.81,8,8118,329.61,3,15.25,8,8122,647.68,3,299.37,9,8129,300.23,3,85.75,8,8143,548.16,3,214.02,9,
4908,7898,358.55,3,4.34,9,7972,352.44,3,22.78,9,7995,317.58,3,86.74,8,8017,196.1,3,235.09,9,8051,404.17,3,135.17,8,8118,331.56,3,19.87,8,8122,645.85,3,298.81,9,8129,272.68,3,91.09,8,8143,542.02,3,212.46,9,
4909,7898,356.92,3,2.19,9,7972,354.78,3,15.87,9,7995,291.33,3,86.59,8,8017,194.51,3,237.38,9,8051,432.24,3,155.28,8,8118,335.0,3,27.01,8,8122,642.9,3,297.21,9,8129,244.93,3,102.84,8,8143,535.04,3,211.49,9,
4910,7898,351.62,3,8.5,9,7972,358.19,3,6.55,9,7995,264.88,3,93.71,8,8017,193.33,3,239.12,9,8051,460.83,3,178.06,8,8118,339.66,3,36.65,8,8122,636.41,3,290.99,9,8129,218.47,3,118.48,8,8143,530.02,3,211.4,9,
4911,7898,343.38,3,17.41,9,7972,362.8,3,5.79,9,7995,238.5,3,106.33,8,8017,191.58,3,241.72,9,8051,489.56,3,202.84,8,8118,345.27,3,47.92,8,8122,627.93,3,282.32,9,8129,190.97,3,138.31,8,8143,526.92,3,211.62,9,
4912,7898,332.91,3,28.88,9,7972,368.97,3,19.61,9,7995,212.91,3,122.22,8,8017,189.85,3,244.32,9,8051,517.76,3,228.08,8,8118,351.99,3,60.87,8,8122,617.77,3,271.92,9,8129,163.84,3,160.23,8,8143,524.22,3,211.64,9,
4913,7898,320.46,3,42.64,9,7972,376.74,3,35.97,9,7995,187.17,3,141.26,8,8017,188.5,3,246.39,9,8118,360.44,3,76.34,8,8122,605.15,3,258.99,9,8129,136.82,3,183.48,8,8143,519.05,3,207.65,9,
4914,7898,306.33,3,58.41,9,7972,384.42,3,51.17,9,7995,161.75,3,161.98,8,8017,186.76,3,249.09,9,8118,370.43,3,93.68,8,8122,590.28,3,243.74,9,8129,109.7,3,207.97,8,8143,515.04,3,203.15,9,
4915,7898,290.83,3,75.93,9,7972,390.25,3,62.17,9,7995,135.78,3,184.4,8,8017,184.98,3,251.89,9,8118,382.54,3,113.41,8,8122,573.59,3,226.58,9,8129,82.95,3,233.07,8,8143,508.97,3,196.15,9,
4916,7898,274.25,3,94.99,9,7972,393.96,3,69.22,9,7995,110.23,3,207.48,8,8017,183.44,3,254.36,9,8118,397.35,3,135.11,8,8122,554.88,3,207.22,9,8143,500.82,3,186.77,9,8151,341.84,3,248.9,8,
4917,7898,257.24,3,114.97,9,7972,394.71,3,75.27,9,7995,84.23,3,231.84,8,8017,182.13,3,256.48,9,8118,414.7,3,158.64,8,8122,534.7,3,186.26,9,8143,489.68,3,175.99,9,8151,337.99,3,247.35,8,
4918,7898,240.65,3,135.01,9,7972,390.66,3,76.11,9,8017,180.65,3,258.93,9,8118,435.39,3,184.2,8,8122,512.12,3,162.73,9,8143,477.2,3,164.0,9,8151,332.28,3,247.26,8,
4919,7898,224.83,3,154.76,9,7972,388.62,3,75.99,9,8017,178.97,3,261.76,9,8118,457.94,3,211.8,8,8122,488.28,3,137.78,9,8143,462.53,3,152.23,9,8151,324.62,3,247.4,8,
4920,7898,209.54,3,174.82,9,7972,386.92,3,75.82,9,8017,177.98,3,263.47,9,8118,481.79,3,240.62,8,8122,463.14,3,111.34,9,8143,445.5,3,139.98,9,8151,315.72,3,247.92,8,
4921,7898,194.97,3,195.23,9,7972,384.87,3,75.67,9,8017,176.81,3,265.48,9,8122,436.87,3,83.55,9,8129,86.29,3,297.44,9,8143,427.38,3,130.44,9,8151,305.54,3,249.02,8,
4922,7898,182.3,3,214.39,9,7972,382.8,3,75.59,9,8017,175.62,3,267.59,9,8043,589.15,3,292.23,9,8122,414.72,3,59.94,9,8129,112.79,3,277.2,9,8143,408.33,3,124.21,9,
4923,7898,170.31,3,234.52,9,7972,380.92,3,75.57,9,8017,174.29,3,269.99,9,8043,566.16,3,264.9,9,8122,396.91,3,40.83,9,8129,139.79,3,259.03,9,8143,387.43,3,121.97,9,8173,564.07,3,220.66,9,
4924,7898,160.08,3,254.4,9,7972,379.2,3,75.6,9,7995,106.24,3,282.04,9,8017,172.82,3,272.68,9,8043,543.11,3,236.96,9,8122,383.37,3,26.23,9,8129,167.01,3,244.06,9,8143,365.42,3,125.47,9,8173,562.9,3,220.06,9,
4925,7898,151.91,3,273.89,9,7972,377.36,3,75.68,9,7995,132.63,3,263.55,9,8017,171.81,3,274.57,9,8043,520.91,3,209.91,9,8122,373.87,3,15.95,9,8129,194.43,3,230.63,9,8143,343.21,3,130.87,9,8173,560.31,3,218.79,9,
4926,7898,146.0,3,293.05,9,7972,375.17,3,75.86,9,7995,158.86,3,247.91,9,8017,170.53,3,277.02,9,8043,496.27,3,182.37,9,8122,368.53,3,10.17,9,8129,221.55,3,217.02,9,8143,320.82,3,141.08,9,8173,556.56,3,217.11,9,
4927,7972,373.76,3,76.0,9,7995,184.56,3,235.5,9,8017,169.36,3,279.3,9,8043,469.22,3,157.28,9,8122,361.46,3,2.86,9,8129,246.94,3,201.22,9,8143,299.13,3,155.86,9,8173,551.8,3,215.23,9,
4928,7972,371.48,3,76.31,9,7995,210.7,3,222.74,9,8017,168.27,3,281.49,9,8043,442.35,3,137.83,9,8122,355.49,3,6.04,9,8129,268.8,3,186.92,9,8143,278.12,3,172.18,9,8173,545.86,3,213.36,9,8181,475.08,3,163.96,9,
4929,7972,369.73,3,76.6,9,7995,235.99,3,208.24,9,8017,167.29,3,283.49,9,8043,416.51,3,126.54,9,8122,352.12,3,14.82,9,8129,286.37,3,174.55,9,8143,256.86,3,188.47,9,8173,539.11,3,211.94,9,8181,477.32,3,166.08,9,
4930,7972,367.54,3,77.02,9,7995,258.94,3,193.61,9,8017,166.11,3,285.95,9,8043,391.94,3,121.97,9,8122,348.47,3,25.61,9,8129,299.29,3,164.31,9,8143,233.83,3,203.55,9,8173,532.4,3,211.37,9,8181,481.63,3,170.18,9,
4931,7972,365.52,3,77.48,9,7995,277.25,3,181.04,9,8017,164.97,3,288.43,9,8043,372.39,3,123.85,9,8122,344.63,3,38.07,9,8129,309.25,3,156.7,9,8143,209.7,3,217.8,9,8173,528.02,3,211.52,9,8181,488.09,3,176.34,9,
4932,7972,363.88,3,77.89,9,7995,290.96,3,170.8,9,8012,464.56,3,227.86,8,8017,164.12,3,290.3,9,8043,356.79,3,127.29,9,8122,340.77,3,52.26,9,8129,315.21,3,151.25,9,8143,185.55,3,229.76,9,8173,525.76,3,211.76,9,8181,496.62,3,184.54,9,
4933,7972,361.42,3,78.58,9,7995,301.69,3,162.52,9,8012,437.65,3,196.07,8,8017,162.98,3,292.89,9,8043,344.99,3,130.32,9,8122,337.32,3,67.93,9,8129,319.53,3,148.01,9,8143,161.59,3,241.93,9,8173,522.54,3,210.79,9,8181,506.04,3,194.77,9,
4934,7972,359.27,3,79.26,9,7995,308.97,3,156.97,9,8012,410.62,3,164.94,8,8017,161.89,3,295.42,9,8043,336.79,3,133.09,9,8122,334.37,3,85.14,9,8129,320.78,3,150.94,9,8143,137.16,3,255.76,9,8173,518.43,3,207.0,9,8181,514.03,3,203.93,9,
4935,7972,357.14,3,80.01,9,7995,314.19,3,152.17,9,8003,295.0,3,292.94,9,8012,385.43,3,133.68,8,8017,161.01,3,297.56,9,8043,332.19,3,133.15,9,8122,332.33,3,101.91,9,8129,319.06,3,155.64,9,8143,112.44,3,272.39,9,8151,142.82,3,293.38,9,8173,514.17,3,202.14,9,8181,518.82,3,209.19,9,
4936,7972,355.8,3,80.5,9,7995,321.62,3,146.08,9,8003,292.68,3,268.43,9,8012,363.79,3,102.65,8,8017,160.26,3,299.4,9,8043,331.73,3,128.29,9,8122,331.32,3,115.09,9,8129,316.34,3,162.64,9,8143,87.77,3,291.12,9,8151,151.06,3,268.49,9,8173,508.63,3,195.76,9,8181,525.45,3,214.36,9,
4937,7972,354.05,3,81.18,9,7995,331.24,3,139.63,9,8003,293.19,3,244.76,9,8012,347.86,3,75.49,8,8043,333.18,3,121.45,9,8122,329.44,3,123.68,9,8129,313.06,3,170.83,9,8151,162.64,3,243.72,9,8173,501.46,3,187.47,9,8181,528.92,3,214.92,9,8194,344.63,3,239.81,8,
4938,7972,352.24,3,81.93,9,7995,342.9,3,134.41,9,8003,297.09,3,221.22,9,8012,335.69,3,52.85,8,8043,334.7,3,112.04,9,8122,328.59,3,127.82,9,8129,308.54,3,180.57,9,8151,177.5,3,218.11,9,8173,491.91,3,178.15,9,8181,532.61,3,214.61,9,8194,343.74,3,237.46,8,
4939,7972,350.75,3,82.58,9,7995,356.25,3,130.78,9,8003,304.5,3,198.06,9,8012,326.74,3,34.75,8,8043,335.66,3,100.41,9,8122,327.03,3,133.41,9,8129,303.49,3,192.03,9,8151,194.52,3,192.6,9,8173,480.47,3,167.13,9,8181,537.39,3,214.66,9,8194,342.28,3,233.4,8,
4940,7972,349.26,3,83.26,9,7995,371.54,3,127.47,9,8003,313.95,3,176.56,9,8012,320.52,3,21.21,8,8043,337.36,3,86.35,9,8122,324.7,3,140.28,9,8129,298.09,3,205.75,9,8151,213.31,3,167.01,9,8173,466.91,3,155.52,9,8181,543.21,3,215.35,9,8194,340.45,3,228.04,8,
4941,7972,347.32,3,84.17,9,7995,388.61,3,125.18,9,8012,317.32,3,12.2,8,8043,339.96,3,70.52,9,8122,321.63,3,148.92,9,8129,293.59,3,221.89,9,8151,233.64,3,141.34,9,8173,451.65,3,144.3,9,8181,550.14,3,216.96,9,8194,338.23,3,221.17,8,
4942,7972,345.82,3,84.93,9,7995,408.34,3,127.08,9,8012,318.53,3,8.26,8,8043,343.66,3,53.11,9,8122,317.71,3,159.05,9,8129,290.37,3,239.6,9,8151,254.78,3,115.85,9,8173,434.81,3,133.6,9,8181,557.8,3,219.61,9,8194,335.63,3,212.62,8,
4943,7972,344.03,3,85.85,9,7995,430.63,3,134.32,9,8012,322.91,3,8.17,8,8043,349.05,3,33.54,9,8122,312.92,3,171.17,9,8129,289.44,3,259.1,9,8143,85.68,3,231.92,8,8151,275.87,3,91.27,9,8173,417.07,3,126.72,9,8181,563.82,3,222.27,9,8194,336.43,3,204.96,8,
4944,7972,342.65,3,86.58,9,7995,455.57,3,149.24,9,8012,329.84,3,14.3,8,8043,356.34,3,11.47,9,8122,306.62,3,184.8,9,8129,290.47,3,281.13,9,8143,109.13,3,210.69,8,8151,297.88,3,66.26,9,8173,397.54,3,122.43,9,8181,567.49,3,224.11,9,8194,346.43,3,205.17,8,
4945,7972,341.29,3,87.33,9,7995,481.23,3,169.8,9,8012,338.78,3,23.5,8,8043,365.9,3,12.81,9,8122,300.3,3,199.92,9,8143,133.43,3,189.36,8,8151,316.3,3,45.71,9,8173,377.76,3,122.92,9,8181,570.69,3,225.67,9,8194,356.76,3,205.97,8,
4946,7898,346.41,3,247.46,8,7972,339.91,3,88.11,9,7995,506.03,3,194.76,9,8012,349.5,3,34.74,8,8043,375.12,3,32.67,9,8122,294.87,3,216.8,9,8143,158.3,3,168.44,8,8151,330.98,3,29.55,9,8173,361.91,3,126.35,9,8181,571.29,3,224.83,9,8194,366.9,3,207.35,8,
4947,7898,344.89,3,240.5,8,7972,337.98,3,89.23,9,7995,528.05,3,220.45,9,8012,362.3,3,48.21,8,8043,382.83,3,48.1,9,8070,538.91,3,245.01,8,8122,290.85,3,235.42,9,8143,182.62,3,149.22,8,8151,341.66,3,17.89,9,8173,348.91,3,129.18,9,8181,566.65,3,219.48,9,8194,377.61,3,209.42,8,
4948,7898,341.39,3,230.83,8,7972,335.74,3,90.58,9,7995,549.25,3,246.41,9,8012,377.06,3,63.72,8,8043,388.57,3,59.05,9,8070,512.59,3,220.63,8,8122,289.47,3,256.94,9,8143,206.37,3,132.29,8,8151,348.26,3,10.76,9,8173,340.16,3,131.89,9,8181,560.19,3,212.73,9,8194,387.65,3,211.89,8,
4949,7898,337.77,3,219.71,8,7972,333.33,3,92.1,9,7995,567.14,3,267.96,9,8012,393.38,3,80.83,8,8043,392.14,3,65.64,9,8070,485.7,3,196.23,8,8122,290.41,3,280.54,9,8143,230.58,3,117.56,8,8151,356.91,3,2.11,9,8173,334.83,3,134.5,9,8181,552.16,3,204.39,9,8194,398.35,3,215.08,8,
4950,7898,334.36,3,208.17,8,7972,331.34,3,93.38,9,7995,581.84,3,285.44,9,8012,411.78,3,99.74,8,8043,393.41,3,69.09,9,8070,459.28,3,172.92,8,8143,254.34,3,106.74,8,8151,366.87,3,9.76,9,8173,328.85,3,140.24,9,8181,542.81,3,194.69,9,8194,409.3,3,218.9,8,
4951,7898,341.11,3,204.98,8,7972,329.39,3,94.68,9,7995,592.99,3,298.43,9,8012,432.93,3,121.05,8,8043,390.59,3,67.68,9,8070,432.16,3,150.13,8,8143,278.37,3,99.44,8,8151,378.55,3,22.35,9,8173,322.93,3,148.12,9,8181,531.06,3,182.47,9,8194,417.73,3,226.3,8,
4952,7898,351.89,3,205.52,8,7972,327.96,3,95.65,9,8012,455.59,3,143.87,8,8043,387.29,3,61.65,9,8070,405.3,3,129.4,8,8143,303.17,3,97.66,8,8151,391.75,3,36.56,9,8173,317.63,3,159.27,9,8181,516.85,3,167.66,9,8194,423.89,3,237.82,8,
4953,7898,363.37,3,206.81,8,7972,326.28,3,96.81,9,8012,479.89,3,168.34,8,8043,383.0,3,53.65,9,8070,377.91,3,111.02,8,8143,327.96,3,100.41,8,8151,406.34,3,52.2,9,8173,312.37,3,172.36,9,8181,500.82,3,150.92,9,8194,429.9,3,248.69,8,
4954,7898,374.31,3,208.72,8,7972,324.32,3,98.2,9,8012,500.05,3,188.64,8,8043,377.79,3,43.61,9,8070,350.88,3,96.59,8,8143,352.69,3,107.17,8,8151,422.75,3,69.7,9,8173,305.68,3,186.92,9,8181,482.95,3,132.19,9,
4955,7898,385.3,3,211.26,8,7972,322.25,3,99.71,9,8012,516.29,3,204.98,8,8043,371.53,3,31.0,9,8070,323.59,3,87.89,8,8143,377.19,3,118.71,8,8151,441.58,3,89.66,9,8173,298.88,3,203.64,9,8181,463.32,3,111.53,9,
4956,7898,396.95,3,214.63,8,7972,320.11,3,101.3,9,8012,528.07,3,216.82,8,8043,364.46,3,15.9,9,8070,296.14,3,86.02,8,8143,400.84,3,132.98,8,8151,462.49,3,111.72,9,8173,293.4,3,222.66,9,8181,442.13,3,89.13,9,
4957,7898,408.69,3,218.66,8,7972,318.52,3,102.5,9,8012,535.73,3,224.53,8,8070,269.61,3,92.05,8,8143,424.57,3,149.53,8,8151,484.96,3,135.31,9,8171,555.81,3,244.25,8,8173,290.02,3,243.88,9,8181,419.46,3,65.01,9,
4958,7898,417.7,3,226.23,8,7972,316.83,3,103.8,9,8012,539.36,3,228.12,8,8070,243.36,3,103.69,8,8143,448.64,3,168.12,8,8151,508.9,3,160.32,9,8171,550.42,3,238.86,8,8173,289.44,3,265.33,9,8181,401.13,3,45.37,9,
4959,7898,424.4,3,238.76,8,7972,314.86,3,105.34,9,8012,544.12,3,232.55,8,8070,216.16,3,120.02,8,8143,473.21,3,188.6,8,8151,528.61,3,180.83,9,8171,548.07,3,236.54,8,8173,290.98,3,285.88,9,8181,387.1,3,30.26,9,
4960,7972,312.82,3,106.96,9,8012,547.22,3,234.82,8,8070,189.34,3,139.58,8,8143,497.45,3,209.82,8,8151,544.04,3,196.86,9,8171,544.55,3,233.27,8,8181,376.75,3,19.07,9,
4961,7972,310.65,3,108.72,9,8012,549.0,3,235.65,8,8070,162.39,3,161.44,8,8135,524.91,3,231.97,8,8143,521.29,3,231.29,8,8151,555.66,3,208.89,9,8171,541.36,3,230.91,8,8181,370.2,3,11.98,9,
4962,7972,308.79,3,110.26,9,8012,551.31,3,237.04,8,8070,136.14,3,184.09,8,8135,501.95,3,210.93,8,8151,563.21,3,216.71,9,8171,539.54,3,230.5,8,8181,361.79,3,3.1,9,
4963,7972,306.51,3,112.16,9,8012,554.38,3,239.33,8,8017,144.35,3,287.76,9,8070,109.47,3,208.18,8,8135,479.76,3,190.92,8,8151,568.06,3,222.37,9,8171,537.72,3,230.6,8,8181,351.72,3,8.38,9,
4964,7972,304.74,3,113.67,9,8012,558.31,3,242.81,8,8017,149.92,3,271.36,9,8070,83.24,3,232.79,8,8113,293.42,3,278.97,9,8135,457.49,3,171.37,8,8151,565.65,3,221.49,9,8171,535.81,3,231.25,8,8181,340.08,3,21.01,9,
4965,7972,302.94,3,115.21,9,8012,562.71,3,247.24,8,8017,157.99,3,252.91,9,8113,292.76,3,253.93,9,8135,434.47,3,152.0,8,8151,561.17,3,219.2,9,8171,533.97,3,232.68,8,8181,327.23,3,35.14,9,
4966,7972,301.23,3,116.7,9,8017,169.04,3,232.13,9,8113,295.48,3,228.1,9,8135,412.14,3,134.47,8,8151,555.55,3,216.68,9,8171,532.66,3,234.46,8,8181,313.26,3,50.64,9,
4967,7972,299.29,3,118.41,9,8017,182.94,3,209.63,9,8113,300.99,3,207.21,9,8135,389.18,3,118.16,8,8151,548.88,3,214.24,9,8171,531.98,3,235.75,8,8181,297.85,3,67.96,9,
4968,7972,297.42,3,120.08,9,8017,199.03,3,186.27,9,8113,307.35,3,191.14,9,8135,367.14,3,104.7,8,8151,541.55,3,212.37,9,8171,530.28,3,236.14,8,8181,280.82,3,87.39,9,
4969,7972,295.08,3,122.18,9,8017,217.17,3,162.02,9,8113,312.62,3,179.39,9,8135,344.51,3,94.0,8,8151,534.32,3,211.45,9,8171,524.09,3,231.21,8,8181,264.16,3,106.79,9,
4970,7715,477.14,3,243.06,8,7972,293.13,3,123.97,9,8017,236.23,3,138.16,9,8070,84.36,3,298.99,9,8113,317.98,3,172.65,9,8135,322.17,3,87.58,8,8151,529.44,3,211.43,9,8171,515.03,3,222.87,8,8181,247.7,3,126.42,9,
4971,7715,457.08,3,218.74,8,7972,291.53,3,125.44,9,8017,255.7,3,114.76,9,8070,111.43,3,278.2,9,8113,326.89,3,171.14,9,8135,300.09,3,85.75,8,8151,526.57,3,211.66,9,8171,503.52,3,212.36,8,8181,232.16,3,145.52,9,
4972,7715,436.79,3,195.09,8,7838,469.94,3,234.38,8,7972,289.69,3,127.16,9,8017,276.37,3,90.7,9,8070,138.44,3,259.86,9,8113,338.2,3,171.13,9,8135,277.5,3,89.65,8,8151,524.2,3,213.72,9,8171,490.54,3,200.58,8,8181,216.33,3,165.74,9,8244,560.27,3,212.81,9,
4973,7715,416.51,3,171.77,8,7838,450.21,3,210.36,8,7972,288.43,3,128.33,9,8017,297.22,3,67.0,9,8070,165.09,3,244.95,9,8113,350.4,3,171.96,9,8135,254.68,3,97.97,8,8151,528.74,3,221.31,9,8171,475.23,3,186.89,8,8181,202.04,3,185.15,9,8244,558.96,3,211.45,9,
4974,7715,396.94,3,148.66,8,7838,429.39,3,186.61,8,7972,287.06,3,129.64,9,8017,315.12,3,47.02,9,8070,192.25,3,231.68,9,8113,363.67,3,173.86,9,8135,232.19,3,109.91,8,8151,537.73,3,232.36,9,8171,458.48,3,172.23,8,8181,188.59,3,204.67,9,8244,556.25,3,208.64,9,
4975,7715,378.33,3,124.31,8,7838,408.54,3,162.53,8,7972,285.68,3,130.94,9,8017,329.95,3,30.67,9,8070,219.37,3,218.13,9,8113,375.98,3,176.49,9,8135,209.35,3,124.7,8,8151,548.45,3,245.44,9,8171,439.95,3,156.5,8,8181,176.36,3,224.05,9,8244,552.04,3,204.28,9,
4976,7715,362.25,3,100.13,8,7838,388.86,3,138.18,8,7972,284.05,3,132.5,9,8017,340.9,3,18.72,9,8070,245.04,3,202.48,9,8113,388.02,3,179.85,9,8135,187.06,3,141.36,8,8151,561.21,3,260.84,9,8171,419.49,3,140.09,8,8181,165.25,3,243.93,9,8244,546.03,3,198.04,9,
4977,7715,348.53,3,76.68,8,7838,370.41,3,113.27,8,7972,281.81,3,134.68,9,8017,347.78,3,11.28,9,8070,268.62,3,187.05,9,8113,400.07,3,183.95,9,8135,163.97,3,160.12,8,8151,576.09,3,278.62,9,8171,397.08,3,123.53,8,8181,156.04,3,263.45,9,8244,537.58,3,189.26,9,
4978,7715,335.57,3,52.62,8,7838,355.63,3,89.03,8,7972,279.71,3,136.72,9,8017,353.39,3,5.31,9,8070,287.75,3,173.4,9,8113,413.2,3,189.2,9,8135,141.61,3,179.27,8,8151,588.37,3,293.09,9,8171,372.07,3,107.53,8,8181,148.6,3,283.71,9,8244,526.93,3,178.17,9,
4979,7715,323.86,3,28.6,8,7838,342.31,3,65.41,8,7972,278.45,3,137.96,9,8017,355.0,3,6.64,9,8070,302.59,3,161.85,9,8113,425.7,3,194.89,9,8135,119.47,3,199.03,8,8171,344.47,3,93.98,8,8244,514.01,3,164.7,9,
4980,7715,314.09,3,5.95,8,7838,332.0,3,45.57,8,7972,276.88,3,139.52,9,8017,352.59,3,13.47,9,8070,313.16,3,153.09,9,8113,437.98,3,201.08,9,8135,97.03,3,219.74,8,8171,315.87,3,86.49,8,8244,498.73,3,148.73,9,
4981,7715,306.34,3,18.79,8,7838,324.15,3,29.21,8,7972,275.35,3,141.05,9,8017,349.73,3,21.79,9,8070,319.51,3,146.78,9,8113,445.75,3,205.29,9,8135,75.18,3,240.56,8,8171,287.46,3,87.23,8,8194,532.62,3,247.04,8,8244,481.94,3,131.13,9,8256,387.95,3,62.86,9,
4982,7715,300.33,3,42.48,8,7838,318.85,3,17.43,8,7972,273.22,3,143.19,9,8017,346.33,3,32.41,9,8070,322.43,3,143.16,9,8113,451.76,3,208.81,9,8171,259.23,3,95.97,8,8194,533.04,3,245.13,8,8244,463.03,3,111.23,9,8256,387.04,3,61.18,9,
4983,7715,294.39,3,66.51,8,7838,317.4,3,9.96,8,7972,271.35,3,145.09,9,8017,342.77,3,44.67,9,8070,326.45,3,137.81,9,8113,457.6,3,215.23,9,8171,231.42,3,110.36,8,8194,534.36,3,244.23,8,8244,442.39,3,89.4,9,8256,385.26,3,57.89,9,
4984,7715,291.9,3,90.23,8,7838,323.36,3,8.44,8,7972,269.66,3,146.81,9,8017,339.17,3,59.1,9,8070,330.87,3,130.45,9,8113,460.26,3,221.23,9,8171,203.56,3,128.85,8,8194,539.17,3,247.76,8,8244,419.55,3,65.1,9,8256,382.46,3,52.62,9,
4985,7715,291.33,3,114.29,8,7838,332.38,3,16.87,8,7972,267.69,3,148.85,9,8017,335.83,3,76.0,9,8070,333.54,3,119.83,9,8113,464.05,3,229.38,9,8171,175.41,3,150.67,8,8244,401.05,3,45.29,9,8256,378.54,3,45.09,9,
4986,7715,292.72,3,138.01,8,7838,343.08,3,28.0,8,7972,266.29,3,150.3,9,8017,333.07,3,94.95,9,8070,335.1,3,106.59,9,8113,471.34,3,239.1,9,8171,147.0,3,174.58,8,8244,386.34,3,29.44,9,8256,373.98,3,35.99,9,
4987,7715,296.03,3,161.9,8,7838,355.41,3,40.96,8,7972,264.76,3,151.89,9,8017,331.68,3,109.56,9,8070,336.68,3,91.4,9,8113,481.53,3,250.17,9,8171,119.49,3,199.02,8,8244,375.87,3,18.11,9,8256,368.34,3,24.31,9,
4988,7715,301.32,3,186.21,8,7838,369.13,3,55.39,8,7940,465.29,3,228.75,8,7972,263.57,3,153.13,9,8017,330.23,3,120.09,9,8070,339.23,3,74.56,9,8113,493.39,3,257.98,9,8135,89.36,3,294.97,9,8171,92.14,3,224.34,8,8242,520.73,3,228.11,8,8244,369.56,3,11.28,9,8256,362.21,3,10.87,9,
4989,7715,308.51,3,210.73,8,7838,384.9,3,71.94,8,7940,441.61,3,200.59,8,7972,262.36,3,154.41,9,8017,328.94,3,126.1,9,8070,343.02,3,55.81,9,8113,505.72,3,265.89,9,8135,111.88,3,277.87,9,8242,493.19,3,202.97,8,8244,366.23,3,7.72,9,8256,355.91,3,4.61,9,
4990,7715,317.03,3,234.22,8,7838,402.76,3,90.63,8,7940,419.94,3,175.73,8,7972,260.66,3,156.21,9,8017,327.04,3,133.36,9,8070,348.64,3,34.87,9,8113,518.45,3,274.39,9,8135,134.18,3,262.53,9,8242,465.82,3,178.61,8,8244,364.6,3,7.05,9,8256,349.71,3,21.84,9,
4991,7838,423.54,3,111.58,8,7940,402.43,3,155.4,8,7972,259.4,3,157.56,9,8017,324.14,3,141.87,9,8070,355.92,3,12.62,9,8113,530.51,3,282.74,9,8135,156.7,3,248.99,9,8242,438.35,3,155.18,8,8244,367.67,3,10.62,9,8256,343.87,3,40.74,9,
4992,7838,444.62,3,132.82,8,7940,389.7,3,139.27,8,7972,257.44,3,159.66,9,8017,320.57,3,151.74,9,8070,365.59,3,12.12,9,8113,543.39,3,291.96,9,8135,178.85,3,238.46,9,8242,410.8,3,133.46,8,8244,373.36,3,16.75,9,8256,338.69,3,61.27,9,
4993,7838,466.56,3,154.92,8,7940,380.79,3,127.57,8,7972,255.42,3,161.84,9,8017,315.95,3,163.64,9,8070,377.9,3,38.32,9,8135,201.24,3,227.25,9,8242,383.14,3,114.25,8,8244,381.41,3,25.43,9,8256,334.69,3,83.06,9,
4994,7838,488.83,3,177.34,8,7940,376.46,3,119.49,8,7972,254.14,3,163.23,9,8017,310.1,3,177.23,9,8070,391.85,3,65.11,9,8135,224.26,3,215.65,9,8171,84.5,3,298.88,9,8242,355.99,3,98.92,8,8244,391.82,3,36.64,9,8256,332.48,3,100.35,9,
4995,7838,507.84,3,196.47,8,7940,377.5,3,116.77,8,7972,252.52,3,165.01,9,8017,303.23,3,192.68,9,8070,407.12,3,92.56,9,8135,245.15,3,202.42,9,8171,112.85,3,277.15,9,8242,328.06,3,88.99,8,8244,403.58,3,49.24,9,8256,331.43,3,113.15,9,
4996,7838,522.39,3,211.11,8,7940,381.46,3,116.02,8,7972,250.58,3,167.14,9,8017,296.77,3,209.84,9,8070,423.34,3,119.92,9,8135,265.62,3,189.22,9,8171,140.9,3,258.35,9,8242,300.02,3,85.75,8,8244,416.88,3,63.45,9,8256,329.87,3,121.7,9,
4997,7838,532.56,3,221.34,8,7940,387.89,3,117.07,8,7972,249.39,3,168.46,9,8017,291.94,3,229.06,9,8070,440.31,3,146.73,9,8135,285.19,3,175.52,9,8171,168.85,3,243.22,9,8242,272.9,3,91.02,8,8244,432.03,3,79.55,9,8256,328.79,3,126.8,9,
4998,7838,538.21,3,227.07,8,7940,396.83,3,120.0,8,7972,247.55,3,170.51,9,8017,289.67,3,250.45,9,8070,458.45,3,173.88,9,8135,304.08,3,160.77,9,8171,197.51,3,229.1,9,8242,245.6,3,102.49,8,8244,448.96,3,97.45,9,8256,328.56,3,128.0,9,
4999,7838,541.08,3,230.56,8,7940,407.79,3,124.74,8,7972,246.28,3,171.93,9,8017,289.82,3,273.6,9,8070,477.51,3,201.12,9,8135,322.14,3,145.71,9,8171,225.9,3,214.83,9,8242,218.6,3,118.39,8,8244,467.71,3,117.22,9,8256,328.51,3,128.23,9,
5000,7838,540.02,3,230.54,8,7940,419.88,3,131.0,8,7972,244.92,3,173.46,9,8017,292.63,3,298.62,9,8070,496.71,3,227.53,9,8135,341.46,3,134.89,9,8171,252.4,3,197.68,9,8242,191.44,3,137.95,8,8244,488.85,3,139.38,9,8256,328.51,3,128.23,9,
